NativeJoinTests.Bare_Inner_entity_leaf_over_a_join_matches_oracle(mode: DriverLinq, shape: "TakeAfter")	Passed		
NativeAnonymousKeyJoinTests.GroupJoin_with_Sum_over_the_grouping_still_fails_in_every_mode_regardless_of_key(mode: DriverLinq)	Passed		
Ef382ArrayContainsTests.Quantifier_over_array_contains_equals_the_in_memory_oracle(name: "any-negated", predicate: o => Not(o.Posts.Any(p => p.Tags.Contains("keep"))))	Passed		
NativeJoinTests.Bare_Inner_entity_leaf_over_a_join_matches_oracle(mode: Native, shape: "OrderByAfter")	Passed		
DateTimeOffsetMemberProjectionTests.Concatenating_DateTimeOffset_throws_instead_of_bson_json(shape: "anonymous", mode: NativeOnly)	Passed		
NativeOwnedCollectionFilteredCountTests.Filtered_count_inside_an_owned_SelectMany_inner_filter_goes_native	Failed	NativeOwnedCollectionFilteredCountTests.cs:line 490	System.InvalidOperationException : The LINQ expression 'DbSet<Blog>() .AsNoTracking() .SelectMany( collectionSelector: b => b.Posts .Where(p => p.Comments .Count(c => c.Age > (int?)0) > 1), resultSelector: (b, p) => new { Heading = p.Heading })' could not be translated. Either rewrite the query in a form that can be translated, or switch to client evaluation explicitly by inserting a call to 'AsEn
NativeGroupByTests.Key_only_accumulator_condition_over_a_nullable_key_does_not_count_the_null_key	Failed	NativeGroupByTests.cs:line 3155	System.InvalidOperationException : The LINQ expression 'DbSet<RankedOwner>() .GroupBy(o => o.Rank) .Select(g => new { Key = g.Key, C = g .Count(x => g.Key < (int?)100) })' could not be translated. Either rewrite the query in a form that can be translated, or switch to client evaluation explicitly by inserting a call to 'AsEnumerable', 'AsAsyncEnumerable', 'ToList', or 'ToListAsync'. See https://go
QueryModeGateTests.NativeOnly_repeated_paging_succeeds	Passed		
NativeSetOpsTests.Op_after_projected_operand_intersect_hard_fails_in_every_mode(mode: DriverLinq)	Passed		
NativeClientEvaluatedLeafTests.Union_over_client_evaluated_leaves_declines	Passed		
NativeAnonymousKeyJoinTests.Non_simple_anonymous_keys_decline_loudly(shape: "MixedHops")	Passed		
QueryModeGateTests.Native_parameterized_query_returns_correct_rows_for_each_value	Passed		
NativeComputedProjectionTests.Mixed_whole_entity_and_computed_leaf_works_in_every_mode(mode: Native)	Passed		
NativeOwnedCollectionFilteredCountTests.Quantifier_over_ragged_elements_equals_the_hand_and_in_memory_oracles(name: "correlated_all_lt", predicate: b => b.Posts.All(p => ((p.Rank < Convert(0, Nullable`1)) AndAlso (p.Title != b.Title))), expected: ["all_neg", "empty", "missing", "null"])	Failed	NativeOwnedCollectionFilteredCountTests.cs:line 1442	MongoDB.Driver.MongoCommandException : Command aggregate failed: Executor error during aggregate command on namespace: EFTest-2026-10-01T13-10-40-14.quant_correlated_all_lt_e7ca7f5b :: caused by :: $allElementsTrue's argument must be an array, but is null.
NativeDistinctTests.Converted_Distinct_set_op_with_a_differently_named_plain_operand_declines	Passed		
NativeJoinTests.Wrapped_nav_null_check_ternary_over_a_collection_navigation_left_join_matches_oracle(mode: Native)	Passed		
NativeOwnedCollectionAllTests.Quantifier_result_equals_the_in_memory_oracle_for_every_element_and_array_state(name: "gt", predicate: b => b.Posts.All(p => (p.Rank > Convert(5, Nullable`1))))	Failed	NativeOwnedCollectionAllTests.cs:line 568	MongoDB.Driver.MongoCommandException : Command aggregate failed: Executor error during aggregate command on namespace: EFTest-2026-10-01T13-10-40-17.diff_gt_956f895b :: caused by :: $allElementsTrue's argument must be an array, but is null.
NativeDateTimeKindReadbackTests.Date_part_over_a_utc_kind_property_still_works(shape: "Anonymous_Where_Hour")	Passed		
NativeOwnedCollectionCountTests.Count_result_equals_the_in_memory_oracle_for_every_array_length_and_state(name: "or", predicate: b => ((b.Posts.Count == 0) OrElse (b.Posts.Count == 3)))	Failed	NativeOwnedCollectionCountTests.cs:line 960	MongoDB.Driver.MongoCommandException : Command aggregate failed: Executor error during aggregate command on namespace: EFTest-2026-10-01T13-10-40-15.diff_or_78c16177 :: caused by :: The argument to $size must be an array, but was of type: missing.
NativeGroupByTests.GroupBy_HAVING_on_key_before_select_goes_native_under_native_only	Failed	NativeGroupByTests.cs:line 2024	System.InvalidOperationException : The LINQ expression 'DbSet<Order>() .GroupBy(o => o.Country) .Where(g => g.Key == "FR") .Select(g => new { Key = g.Key, Count = g .Count() })' could not be translated. Either rewrite the query in a form that can be translated, or switch to client evaluation explicitly by inserting a call to 'AsEnumerable', 'AsAsyncEnumerable', 'ToList', or 'ToListAsync'. See http
NativeStringPredicateProjectionTests.Mixed_whole_entity_projection_with_a_predicate_member_is_correct_in_every_mode(mode: "NativeOnly")	Passed		
NativeCardinalityTests.Count_after_Take_stays_native	Passed		
NativeJoinScopeConditionalProjectionTests.OrderBy_bare_nav_null_check_ternary_matches_oracle(mode: NativeOnly)	Passed		
NativeDateTimeKindReadbackTests.Date_part_over_a_local_kind_property_is_correct_or_loud_in_every_mode(shape: "Join_Result_Selector_Hour")	Failed	NativeDateTimeKindReadbackTests.cs:line 699	Assert.Equal() Failure: Collections differ ↓ (pos 0) Expected: ["11", "11", "17", "8", "8"] Actual: ["10", "10", "16", "8", "8"] ↑ (pos 0)
Ef373InterleavedPagingTests.Paging_between_two_transparent_identifier_joins_matches_oracle(mode: DriverLinq, shape: "WrappedBothScopes")	Failed	Ef373InterleavedPagingTests.cs:line 254	System.NotSupportedException : A 'Skip', 'Take', or 'Distinct' operator composed between two cross-collection joins (e.g. from 'Include'/'ThenInclude' or an explicit 'Join') is not supported. Move the operator so that it is not interleaved between the joins.
NativeOwnedCollectionCountTests.Count_result_equals_the_in_memory_oracle_for_every_array_length_and_state(name: "const-eq1", predicate: b => (b.Posts.Count == 1))	Failed	NativeOwnedCollectionCountTests.cs:line 960	MongoDB.Driver.MongoCommandException : Command aggregate failed: Executor error during aggregate command on namespace: EFTest-2026-10-01T13-10-40-15.diff_const-eq1_98864586 :: caused by :: The argument to $size must be an array, but was of type: missing.
NativeComputedSortTests.Mixed_sort_keeps_the_field_key_as_a_plain_path	Passed		
NativeDateTimeKindReadbackTests.Date_part_over_a_local_kind_property_is_correct_or_loud_in_every_mode(shape: "Nullable_Hour")	Failed	NativeDateTimeKindReadbackTests.cs:line 699	Assert.Equal() Failure: Collections differ ↓ (pos 0) Expected: ["11", "17"] Actual: ["10", "16"] ↑ (pos 0)
QueryModeGateTests.Native_mode_falls_back_for_unrepresentable_query	Passed		
DateTimeOffsetMemberProjectionTests.Select_DateTimeOffset_UtcDateTime_goes_native	Failed	DateTimeOffsetMemberProjectionTests.cs:line 69	MongoDB.Driver.Linq.ExpressionNotSupportedException : Expression not supported: new <>f__AnonymousType4`2(Id = d.Id, U = d.DateTimeOffset.UtcDateTime) because unable to determine which serializer to use for the result.
NativeAnonymousKeyJoinTests.EF_Property_members_are_simple_properties(mode: DriverLinq)	Failed	NativeAnonymousKeyJoinTests.cs:line 332	MongoDB.Driver.Linq.ExpressionNotSupportedException : Expression not supported: s => new <>f__AnonymousType30`2(Region = Field(s, "Region", value(MongoDB.Bson.Serialization.Serializers.StringSerializer)), Zone = Field(s, "Zone", value(MongoDB.Bson.Serialization.Serializers.Int32Serializer))) because expression cannot be translated to a dotted field name.
DateTimeOffsetMemberProjectionTests.Select_entity_and_concatenated_DateTimeOffset_matches_client_evaluation(mode: DriverLinq)	Passed		
NativeStringPredicateProjectionTests.Null_parameter_comparison_projection_treats_missing_as_null	Failed	NativeStringPredicateProjectionTests.cs:line 116	Assert.Equal() Failure: Collections differ ↓ (pos 3) Expected: [False, False, False, True] Actual: [False, False, False, False] ↑ (pos 3)
NativeOwnedCollectionCountTests.Count_result_equals_the_in_memory_oracle_for_every_array_length_and_state(name: "param-ne1", predicate: b => (b.Posts.Count != value(NativeOwnedCollectionCountTests+<>c__DisplayClass61_0).t))	Failed	NativeOwnedCollectionCountTests.cs:line 960	MongoDB.Driver.MongoCommandException : Command aggregate failed: Executor error during aggregate command on namespace: EFTest-2026-10-01T13-10-40-15.diff_param-ne1_de55c4e3 :: caused by :: The argument to $size must be an array, but was of type: missing.
NativeGroupByTests.Nested_group_by_bare_terminal_aggregate_counts_the_nested_groups(aggregate: "CountSize1", postGroupWhere: True, expected: 1)	Failed	NativeGroupByTests.cs:line 3863	System.InvalidOperationException : The LINQ expression 'DbSet<Order>() .GroupBy(o => o.Country) .Select(g => new { Land = g.Key, N = g .Count() }) .Where(x => x.Land != "A") .GroupBy(x => x.N) .Count(g => g .Count() == 1)' could not be translated. Either rewrite the query in a form that can be translated, or switch to client evaluation explicitly by inserting a call to 'AsEnumerable', 'AsAsyncEnum
NativeCastTests.Relational_cast_comparison_over_a_nullable_property_goes_native_with_a_numeric_type_bracket	Failed	NativeCastTests.cs:line 1770	Assert.Equal() Failure: Collections differ ↓ (pos 1) Expected: ["p1_50", "p3_null"] Actual: ["p1_50", "p2_150", "p3_null"] ↑ (pos 1)
NativeGroupByTests.Post_group_where_less_than_over_a_nullable_key_alias_excludes_the_null_key_group	Failed	NativeGroupByTests.cs:line 3273	System.InvalidOperationException : The LINQ expression 'DbSet<RankedOwner>() .GroupBy(o => o.Rank) .Select(g => new { Key = g.Key, C = g .Count() }) .Where(x => x.Key < (int?)100)' could not be translated. Either rewrite the query in a form that can be translated, or switch to client evaluation explicitly by inserting a call to 'AsEnumerable', 'AsAsyncEnumerable', 'ToList', or 'ToListAsync'. See h
NativeGroupByOverJoinTests.Optional_navigation_key_groups_unmatched_rows_under_a_null_key	Failed	NativeGroupByOverJoinTests.cs:line 138	System.InvalidOperationException : The LINQ expression 'DbSet<Order>() .GroupBy(o => o.Reviewer.Name) .Select(g => new { Key = g.Key, Count = g .Count() })' could not be translated. Either rewrite the query in a form that can be translated, or switch to client evaluation explicitly by inserting a call to 'AsEnumerable', 'AsAsyncEnumerable', 'ToList', or 'ToListAsync'. See https://go.microsoft.com/
NativeCastTests.Narrowing_cast_vs_constant_returns_the_CLR_answer_and_diverges_from_driver_linq	Failed	NativeCastTests.cs:line 1506	Assert.Equal() Failure: Collections differ Expected: string[] ["a", "b", "c"] Actual: List<string> ["a", "b", "c", "e"] ↑ (pos 3)
NativeDistinctTests.Distinct_then_Take_matches_driver_linq	Passed		
NativeComputedBareProjectionTests.Bare_computed_leaves_emit_the_reserved_underscore_v_alias	Passed		
NativeOwnedCollectionCountTests.Count_result_equals_the_in_memory_oracle_for_every_array_length_and_state(name: "param-lte3", predicate: b => (b.Posts.Count <= value(NativeOwnedCollectionCountTests+<>c__DisplayClass61_0).t))	Failed	NativeOwnedCollectionCountTests.cs:line 960	MongoDB.Driver.MongoCommandException : Command aggregate failed: Executor error during aggregate command on namespace: EFTest-2026-10-01T13-10-40-15.diff_param-lte3_f32ea5b0 :: caused by :: The argument to $size must be an array, but was of type: missing.
NativeGroupByOverJoinTests.Null_guarded_string_key_over_an_unmatched_left_join_side_stays_native(shape: "Substring ?? constant", expected: "N:3|S:1|none:1")	Failed	NativeGroupByOverJoinTests.cs:line 984	System.InvalidOperationException : The LINQ expression 'DbSet<Owner>() .GroupJoin( inner: DbSet<Order>(), outerKeySelector: w => w.Id, innerKeySelector: o => o.OwnerId, resultSelector: (w, gj) => new { w = w, gj = gj }) .SelectMany( collectionSelector: <>h__TransparentIdentifier0 => <>h__TransparentIdentifier0.gj .DefaultIfEmpty(), resultSelector: (<>h__TransparentIdentifier0, o) => new { w = <>h_
NativeCardinalityTests.First_after_Skip_only_is_unaffected	Passed		
NativeCtorOnlyProjectionTests.Whole_entity_in_client_construction_is_the_tracked_instance(shape: 2)	Passed		
NativeMaterializerNullabilityTests.GroupBy_over_distinct_nullable_cast_of_string_length_reads_null	Failed	NativeMaterializerNullabilityTests.cs:line 619	System.InvalidOperationException : The LINQ expression 'DbSet<StringKeyed>() .Select(e => new { Id = e.Id, L = e.Label.Length }) .Distinct() .GroupBy(x => (int?)x.L) .Select(g => new { Key = g.Key, C = g .Count() })' could not be translated. Either rewrite the query in a form that can be translated, or switch to client evaluation explicitly by inserting a call to 'AsEnumerable', 'AsAsyncEnumerable
NativeComputedSortTests.Computed_sort_over_a_DOM_entity	Failed	NativeComputedSortTests.cs:line 201	Assert.False() Failure Expected: False Actual: True
NativeJoinTests.Take_or_Skip_after_a_confirmed_join_pages_the_joined_result_under_NativeOnly	Passed		
NativeMaterializerNullabilityTests.GroupBy_over_distinct_nullable_string_length_declines(shape: "Average")	Passed		
NativeGroupByTests.Nested_group_by_over_a_distinct_then_where_counts_the_nested_groups	Failed	NativeGroupByTests.cs:line 3878	System.InvalidOperationException : The LINQ expression 'DbSet<Order>() .Select(o => new { Country = o.Country }) .Distinct() .Where(x => x.Country != "A") .GroupBy(x => (int?)x.Country.Length) .Count()' could not be translated. Either rewrite the query in a form that can be translated, or switch to client evaluation explicitly by inserting a call to 'AsEnumerable', 'AsAsyncEnumerable', 'ToList', o
NativeBareProjectionTests.Bare_primary_key_projection_goes_native	Passed		
NativeJoinTests.Reference_included_whole_entity_leaf_goes_native_and_matches_the_oracle(shape: "IncludedTargetAlsoProjected")	Passed		
NativeGroupByOverJoinTests.Null_guarded_string_key_over_an_unmatched_left_join_side_stays_native(shape: "Max(selector)", expected: "Alice:N|Bob:S|Cara:N|Dora:<null>")	Failed	NativeGroupByOverJoinTests.cs:line 984	System.InvalidOperationException : The LINQ expression 'DbSet<Owner>() .GroupJoin( inner: DbSet<Order>(), outerKeySelector: w => w.Id, innerKeySelector: o => o.OwnerId, resultSelector: (w, gj) => new { w = w, gj = gj }) .SelectMany( collectionSelector: <>h__TransparentIdentifier0 => <>h__TransparentIdentifier0.gj .DefaultIfEmpty(), resultSelector: (<>h__TransparentIdentifier0, o) => new { w = <>h_
NativeOwnedCollectionAllTests.Quantifier_result_equals_the_in_memory_oracle_for_every_element_and_array_state(name: "lt", predicate: b => b.Posts.All(p => (p.Rank < Convert(5, Nullable`1))))	Failed	NativeOwnedCollectionAllTests.cs:line 568	MongoDB.Driver.MongoCommandException : Command aggregate failed: Executor error during aggregate command on namespace: EFTest-2026-10-01T13-10-40-17.diff_lt_e8bf55dc :: caused by :: $allElementsTrue's argument must be an array, but is null.
NativeClientEvaluatedLeafTests.Distinct_over_an_all_client_projection_returns_one_row	Passed		
NativeJoinTests.Chained_join_scalar_leaf_projection_with_trailing_paging_goes_native_under_NativeOnly	Passed		
NativeOwnedCollectionCountTests.A_parameterized_count_inside_a_quantifier_declines_and_falls_back_to_correct_rows	Passed		
NativeCastTests.Widening_cast_sort_keys_are_unchanged_and_native	Passed		
NativeOwnedCollectionCorrelatedTests.Correlated_All_goes_native	Passed		
NativeDistinctTests.Computed_sole_key_Distinct_then_OrderBy_on_bare_parameter_goes_native	Passed		
DateTimeOffsetMemberProjectionTests.Select_boxed_DateTimeOffset_ToString_matches_client_evaluation(mode: Native)	Failed	DateTimeOffsetMemberProjectionTests.cs:line 374	Assert.Equal() Failure: Strings differ ↓ (pos 0) Expected: "15/03/2024 13:45:30 -05:00" Actual: "{"DateTime":"2024-03-15T18:45:30.250Z","T"··· ↑ (pos 0)
NativeComputedProjectionTests.Modulo_projection_goes_native	Passed		
NativeOwnedCollectionCountTests.Count_result_equals_the_in_memory_oracle_for_every_array_length_and_state(name: "const-gte1", predicate: b => (b.Posts.Count >= 1))	Failed	NativeOwnedCollectionCountTests.cs:line 960	MongoDB.Driver.MongoCommandException : Command aggregate failed: Executor error during aggregate command on namespace: EFTest-2026-10-01T13-10-40-15.diff_const-gte1_3376eb4e :: caused by :: The argument to $size must be an array, but was of type: missing.
NativeOwnedCollectionCountTests.Count_call_form_and_LongCount_go_native	Failed	NativeOwnedCollectionCountTests.cs:line 287	MongoDB.Driver.MongoCommandException : Command aggregate failed: Executor error during aggregate command on namespace: EFTest-2026-10-01T13-10-40-15.Count_call_form_and_LongCount_go_native_8441e209 :: caused by :: The argument to $size must be an array, but was of type: missing.
NativeGroupByTests.Push_list_inside_a_nested_construction_goes_native	Failed	NativeGroupByTests.cs:line 3606	System.InvalidOperationException : The LINQ expression 'DbSet<Order>() .GroupBy(o => o.Country) .Select(g => new { Key = g.Key, Inner = new { N = g .Count(), Years = g .Select(e => e.Year) .ToList() } })' could not be translated. Either rewrite the query in a form that can be translated, or switch to client evaluation explicitly by inserting a call to 'AsEnumerable', 'AsAsyncEnumerable', 'ToList',
NativeCtorOnlyProjectionTests.Select_with_whole_entity_ctor_only_dto_composed_with_take_goes_native	Passed		
NativeJoinTests.Recording_join_scope_does_not_change_driver_LINQ_fallback_MQL	Passed		
Ef373InterleavedPagingTests.Paging_between_two_joins_emits_the_second_lookup_above_the_paging	Failed	Ef373InterleavedPagingTests.cs:line 67	System.NotSupportedException : A 'Skip', 'Take', or 'Distinct' operator composed between two cross-collection joins (e.g. from 'Include'/'ThenInclude' or an explicit 'Join') is not supported. Move the operator so that it is not interleaved between the joins.
NativeAnonymousKeyJoinTests.Non_simple_anonymous_keys_decline_loudly(shape: "DifferentConverterTypes")	Passed		
NativeMaterializerNullabilityTests.GroupBy_over_distinct_nullable_string_length_declines(shape: "Max")	Passed		
NativeMaterializerNullabilityTests.Left_join_inner_string_primary_key_length_expression_throws_on_unmatched_row	Failed	NativeMaterializerNullabilityTests.cs:line 358	Assert.Throws() Failure: Exception type was not an exact match Expected: typeof(System.InvalidOperationException) Actual: typeof(MongoDB.Driver.MongoCommandException) ---- MongoDB.Driver.MongoCommandException : Command aggregate failed: Executor error during aggregate command on namespace: EFTest-2026-10-01T13-10-40-20.joad485f41 :: caused by :: $strLenCP requires a string argument, found: missing
NativeOfTypeTests.Non_TPH_OfType_falls_back_gracefully_and_works_across_modes	Passed		
NativeBareProjectionTests.Bare_projection_as_set_operation_operand_goes_native	Passed		
NativeVectorSearchTests.Where_after_vector_search_preserves_score_order(mode: NativeOnly)	Passed		
NativeGroupByTests.Having_less_than_over_a_nullable_key_excludes_the_null_key_group	Failed	NativeGroupByTests.cs:line 3118	System.InvalidOperationException : The LINQ expression 'DbSet<RankedOwner>() .GroupBy(o => o.Rank) .Where(g => g.Key < (int?)100) .Select(g => new { Key = g.Key, C = g .Count() })' could not be translated. Either rewrite the query in a form that can be translated, or switch to client evaluation explicitly by inserting a call to 'AsEnumerable', 'AsAsyncEnumerable', 'ToList', or 'ToListAsync'. See h
NativeOwnedCollectionPredicateTests.Correlated_element_predicate_now_goes_native_since_EF421	Passed		
NativeOfTypeTests.OfType_intermediate_type_goes_native_and_returns_subtree(mode: ShadowPropertyDefaults)	Passed		
NativeJoinTests.Both_whole_entity_leaves_projection_goes_native_under_NativeOnly	Passed		
NativeArrayProjectionTests.Element_converters_round_trip_through_the_alias_read	Passed		
QueryModeGateTests.NativeOnly_contains_uses_unanchored_regex	Passed		
NativeJoinTests.Genuinely_navigation_less_LeftJoin_goes_native_and_preserves_unmatched_rows_under_NativeOnly	Passed		
NativeJoinTests.Distinct_after_a_bare_Inner_entity_leaf_matches_oracle(mode: DriverLinq, shape: "GroupJoinDefaultIfEmptyDuplicateInnerDistinct")	Failed	NativeJoinTests.cs:line 991	Assert.Equal() Failure: Collections differ ↓ (pos 1) Expected: ["<null>", "Alice", "Bob"] Actual: ["<null>", "<null>", "Alice", "Alice", "Bob"] ↑ (pos 1)
NativeBareProjectionTests.Bare_projected_union_and_concat_operands_go_native_and_return_correct_values(mode: NativeOnly)	Passed		
NativeDocumentConstructionProjectionTests.Document_construction_leaf_parity_between_native_and_driver_linq	Passed		
NativeOwnedReferenceWholeEntityTests.Explicit_null_owned_reference_yields_null_matching_driver_linq	Passed		
NativeStringPredicateProjectionTests.Null_comparison_projection_treats_missing_as_null	Failed	NativeStringPredicateProjectionTests.cs:line 102	Assert.Equal() Failure: Collections differ ↓ (pos 3) Expected: [False, False, False, True] Actual: [False, False, False, False] ↑ (pos 3)
NativeGateRoutingTests.A_enum_as_string_order_by_is_refused(mode: Native)	Failed	NativeGateRoutingTests.cs:line 196	Assert.IsType() Failure: Value is null Expected: typeof(System.NotSupportedException) Actual: null
NativeConditionalAndDateTimeTests.TimeOfDay_projection_then_terminal_Max_declines	Passed		
NativeGroupByKeyCaseMappingTests.Ungrouped_case_mapping_is_unaffected(mode: "DriverLinq")	Failed	NativeGroupByKeyCaseMappingTests.cs:line 307	Assert.Equal() Failure: Collections differ ↓ (pos 0) Expected: ["<null>", "<null>", "ABC", "ÉCOLE"] Actual: ["", "", "ABC", "éCOLE"] ↑ (pos 0)
NativeDocumentConstructionProjectionTests.Bare_ternary_with_both_branches_reading_row_values_goes_native_with_parity	Passed		
NativeMaterializerNullabilityTests.Min_max_average_over_nullable_string_length_projection_decline(op: "Average")	Passed		
NativeSetOpsTests.Union_then_parametrized_trailing_Where_goes_native	Passed		
NativeComputedSortTests.Computed_sort_then_paging	Passed		
NativeArrayProjectionTests.Array_leaf_in_a_projected_union_operand_is_declined_and_falls_back_with_correct_data	Passed		
NativeReferenceCollectionCountPredicateTests.Count_predicate_on_join_inner_side_declines_cleanly_in_every_mode(mode: NativeOnly)	Passed		
NativeSetOpsTests.Where_then_Select_after_union_goes_native	Passed		
NativeDistinctTests.Bare_scalar_bool_to_string_converted_Distinct_then_bool_predicates_go_native_with_hand_oracle	Failed	NativeDistinctTests.cs:line 667	Assert.Equal() Failure: Collections differ ↓ (pos 0) Expected: [True] Actual: []
NativeJoinScopeConditionalProjectionTests.Nav_null_check_ternary_over_a_two_level_LeftJoin_chain_matches_oracle(mode: Native, shape: "TwoHopNavigationWrappedTernary")	Failed	NativeJoinScopeConditionalProjectionTests.cs:line 467	Assert.Equal() Failure: Collections differ ↓ (pos 1) Expected: ["1:Western Europe", "2:<none>", "3:<none>", "4:<none>"] Actual: ["1:Western Europe", "2:<null>", "3:<null>", "4:<null>"] ↑ (pos 1)
NativeGroupByKeyCaseMappingTests.Ungrouped_case_mapping_is_unaffected(mode: "Native")	Failed	NativeGroupByKeyCaseMappingTests.cs:line 307	Assert.Equal() Failure: Collections differ ↓ (pos 0) Expected: ["<null>", "<null>", "ABC", "ÉCOLE"] Actual: ["", "", "ABC", "éCOLE"] ↑ (pos 0)
NativeArrayProjectionTests.Native_array_projection_equals_the_whole_entity_oracle_for_every_array_state	Failed	NativeArrayProjectionTests.cs:line 787	System.ArgumentNullException : Value cannot be null. (Parameter 'source')
NativeVectorSearchTests.Pre_filter_restricts_and_preserves_score_order(mode: Native)	Passed		
NativeCardinalityTests.Grouped_average_over_float_goes_native_and_matches_linq_to_objects	Failed	NativeCardinalityTests.cs:line 496	System.InvalidOperationException : The LINQ expression 'DbSet<ValueEntity>() .GroupBy(e => e.Name) .Select(g => new { Key = g.Key, Avg = g .Average(x => x.FloatValue) })' could not be translated. Either rewrite the query in a form that can be translated, or switch to client evaluation explicitly by inserting a call to 'AsEnumerable', 'AsAsyncEnumerable', 'ToList', or 'ToListAsync'. See https://go.
NativeGroupByOverJoinTests.Composite_key_with_a_nullable_part_of_an_unmatched_side_treats_the_missing_part_as_null	Failed	NativeGroupByOverJoinTests.cs:line 808	System.InvalidOperationException : The LINQ expression 'DbSet<Owner>() .GroupJoin( inner: DbSet<Order>(), outerKeySelector: w => w.Id, innerKeySelector: o => o.OwnerId, resultSelector: (w, gj) => new { w = w, gj = gj }) .SelectMany( collectionSelector: <>h__TransparentIdentifier0 => <>h__TransparentIdentifier0.gj .DefaultIfEmpty(), resultSelector: (<>h__TransparentIdentifier0, o) => new { <>h__Tra
NativeCardinalityTests.First_after_Skip_then_Take_composes_in_recorded_order	Passed		
NativeComputedProjectionTests.Mixed_whole_entity_and_owned_collection_count_leaf_works_in_both_native_modes(mode: Native)	Failed	NativeComputedProjectionTests.cs:line 353	System.ArgumentException : Expression of type 'System.Collections.Generic.List`1[MongoDB.EntityFrameworkCore.FunctionalTests.Query.NativeComputedProjectionTests+Post]' cannot be used for parameter of type 'System.Linq.IQueryable`1[MongoDB.EntityFrameworkCore.FunctionalTests.Query.NativeComputedProjectionTests+Post]' of method 'Int32 Count[Post](System.Linq.IQueryable`1[MongoDB.EntityFrameworkCore.
NativeGroupByTests.Bare_accumulator_then_outer_Min_goes_native(mode: NativeOnly)	Failed	NativeGroupByTests.cs:line 2406	System.InvalidOperationException : The LINQ expression 'DbSet<Order>() .GroupBy(o => o.Country) .Select(g => g .Sum(o => o.Amount)) .Min()' could not be translated. Either rewrite the query in a form that can be translated, or switch to client evaluation explicitly by inserting a call to 'AsEnumerable', 'AsAsyncEnumerable', 'ToList', or 'ToListAsync'. See https://go.microsoft.com/fwlink/?linkid=21
NativeOwnedCollectionCountTests.Count_equal_zero_matches_empty_missing_and_null_arrays	Failed	NativeOwnedCollectionCountTests.cs:line 287	MongoDB.Driver.MongoCommandException : Command aggregate failed: Executor error during aggregate command on namespace: EFTest-2026-10-01T13-10-40-15.Count_equal_zero_matches_empty_missing_and_null_arrays_1090b48f :: caused by :: The argument to $size must be an array, but was of type: missing.
DateTimeOffsetMemberProjectionTests.Concatenating_DateTimeOffset_throws_instead_of_bson_json(shape: "suffix", mode: NativeOnly)	Passed		
NativeGroupByTests.GroupBy_plain_member_key_with_lone_count_goes_native	Failed	NativeGroupByTests.cs:line 413	System.InvalidOperationException : The LINQ expression 'DbSet<Order>() .GroupBy(o => o.Country) .Select(g => new { Key = g.Key, Count = g .Count() })' could not be translated. Either rewrite the query in a form that can be translated, or switch to client evaluation explicitly by inserting a call to 'AsEnumerable', 'AsAsyncEnumerable', 'ToList', or 'ToListAsync'. See https://go.microsoft.com/fwlink
NativeOwnedCollectionCountTests.Count_greater_than_with_a_parameterized_threshold_goes_native(threshold: 3, expected: [])	Failed	NativeOwnedCollectionCountTests.cs:line 287	MongoDB.Driver.MongoCommandException : Command aggregate failed: Executor error during aggregate command on namespace: EFTest-2026-10-01T13-10-40-15.gt3_4f5bdb87 :: caused by :: The argument to $size must be an array, but was of type: missing.
NativeGroupByTests.GroupBy_repeated_Skip_on_bare_result_goes_native(mode: NativeOnly)	Failed	NativeGroupByTests.cs:line 2480	System.InvalidOperationException : The LINQ expression 'DbSet<Order>() .GroupBy(o => o.Country) .OrderBy(g => g.Key) .Skip(@p) .Skip(@p) .Select(g => new { Key = g.Key, Total = g .Count() })' could not be translated. Either rewrite the query in a form that can be translated, or switch to client evaluation explicitly by inserting a call to 'AsEnumerable', 'AsAsyncEnumerable', 'ToList', or 'ToListAs
NativeChainedJoinPagingTests.Paging_after_both_joins_following_a_first_level_filter_goes_native	Passed		
NativeDistinctTests.One_member_ValueTuple_field_Distinct_then_Where_on_bare_parameter_declines_with_fallback_parity	Passed		
NativeJoinTests.Distinct_after_a_bare_Inner_entity_leaf_matches_oracle(mode: DriverLinq, shape: "GroupJoinDefaultIfEmptyDistinct")	Passed		
NativeOwnedCollectionFilteredCountTests.Regex_element_predicate_filtered_projection_goes_native_EF365	Failed	NativeOwnedCollectionFilteredCountTests.cs:line 560	System.InvalidOperationException : The LINQ expression 'o' could not be translated. Either rewrite the query in a form that can be translated, or switch to client evaluation explicitly by inserting a call to 'AsEnumerable', 'AsAsyncEnumerable', 'ToList', or 'ToListAsync'. See https://go.microsoft.com/fwlink/?linkid=2101038 for more information.
NativeStringIsNullOrTests.IsNullOrEmpty_matches_in_memory_oracle	Passed		
NativeOwnedCollectionFilteredCountTests.Quantifier_over_ragged_elements_equals_the_hand_and_in_memory_oracles(name: "correlated_any_gt", predicate: b => b.Posts.Any(p => ((p.Rank > Convert(0, Nullable`1)) AndAlso (p.Title != b.Title))), expected: ["pos_neg"])	Failed	NativeOwnedCollectionFilteredCountTests.cs:line 1442	MongoDB.Driver.MongoCommandException : Command aggregate failed: Executor error during aggregate command on namespace: EFTest-2026-10-01T13-10-40-14.quant_correlated_any_gt_98a32365 :: caused by :: $anyElementTrue's argument must be an array, but is null.
NativeSetOpsTests.Take_after_the_last_link_still_pages_the_whole_combine	Passed		
NativeOwnedCollectionFilteredCountTests.Owned_collection_array_leaf_sibling_of_a_filtered_count_still_declines_before_mutating_EF365	Passed		
NativeOwnedCollectionCountTests.Bare_embedded_collection_Count_projection_goes_native_for_present_arrays	Failed	NativeOwnedCollectionCountTests.cs:line 662	Assert.Equal() Failure: Collections differ ↓ (pos 0) Expected: [Tuple ("NativeOnly direct", "[0,1,2,3]"), Tuple ("Native direct", "[0,1,2,3]"), Tuple ("DriverLinq direct", "[0,1,2,3]"), Tuple ("Native late-decline", "[0,1,2,3]"), Tuple ("DriverLinq late-decline", "[0,1,2,3]"), ···] Actual: [Tuple ("NativeOnly direct", "ArgumentException: Expression of type 'System.Coll"···), Tuple ("Native direct"
NativeJoinTests.Distinct_after_a_bare_Inner_entity_leaf_matches_oracle(mode: DriverLinq, shape: "DistinctFirst")	Failed	NativeJoinTests.cs:line 991	Assert.Equal() Failure: Collections differ ↓ (pos 0) Expected: ["6abe4de9d82981d4d711da2b:30"] Actual: ["<null>"] ↑ (pos 0)
NativeStringPredicateProjectionTests.Bare_string_FirstOrDefault_is_correct_in_every_mode(mode: "DriverLinq")	Passed		
NativeDistinctTests.Whole_entity_Distinct_composes_with_where_orderby_skip_take_matches_driver_linq	Passed		
NativeDateTimeKindReadbackTests.Bare_group_distinct_max_reads_back_with_the_property_kind	Failed	NativeDateTimeKindReadbackTests.cs:line 338	System.InvalidOperationException : The LINQ expression 'DbSet<Order>() .GroupBy(o => o.Country) .Select(g => g .Select(x => x.LocalDate) .Distinct() .Max())' could not be translated. Either rewrite the query in a form that can be translated, or switch to client evaluation explicitly by inserting a call to 'AsEnumerable', 'AsAsyncEnumerable', 'ToList', or 'ToListAsync'. See https://go.microsoft.com
NativeMaterializerNullabilityTests.Bare_left_join_inner_string_length_never_reads_unmatched_as_zero	Failed	NativeMaterializerNullabilityTests.cs:line 758	NativeOnly: expected a decline or EF's exception, got MongoCommandException: Command aggregate failed: Executor error during aggregate command on namespace: EFTest-2026-10-01T13-10-40-20.bo549c845a :: caused by :: $strLenCP requires a string argument, found: missing.
QueryModeGateTests.NativeOnly_mode_allows_representable_query	Passed		
NativeStringPredicateProjectionTests.IsNullOrEmpty_projection_treats_missing_as_null	Failed	NativeStringPredicateProjectionTests.cs:line 89	Assert.Equal() Failure: Collections differ ↓ (pos 3) Expected: [False, False, True, True] Actual: [False, False, True, False] ↑ (pos 3)
NativeOwnedCollectionFilteredCountTests.Filtered_count_predicate_through_an_owned_reference_hop_goes_native	Passed		
NativeReferenceCollectionCountPredicateTests.LongCount_comparison_goes_native_under_NativeOnly	Failed	NativeReferenceCollectionCountPredicateTests.cs:line 56	System.InvalidOperationException : Unsupported cross-DbSet query between 'MongoDB.EntityFrameworkCore.FunctionalTests.Query.NativeReferenceCollectionCountPredicateTests+Owner' and 'MongoDB.EntityFrameworkCore.FunctionalTests.Query.NativeReferenceCollectionCountPredicateTests+Order'. The MongoDB EF Core Provider does not support this cross-collection query. Consider using Join, Include, or restruct
NativeDistinctTests.Distinct_then_Where_on_unrelated_computed_key_falls_back_under_native_only	Passed		
NativeJoinTests.Distinct_after_a_bare_Inner_entity_leaf_matches_oracle(mode: DriverLinq, shape: "PagedOuterDistinct")	Failed	NativeJoinTests.cs:line 991	Assert.Equal() Failure: Collections differ Expected: ["Alice"] Actual: ["Alice", "Alice"] ↑ (pos 1)
NativeSetOpsTests.Count_with_predicate_after_union_goes_native	Passed		
NativeOwnedCollectionFilteredCountTests.Filtered_count_relational_element_predicate_equals_the_in_memory_oracle(name: "flipped_gt", selector: b => new TitleCount() {Title = b.Title, N = b.Posts.Count(p => (Convert(0, Nullable`1) > p.Rank))}, expectedMultiMixedN: 1)	Failed	NativeOwnedCollectionFilteredCountTests.cs:line 1339	System.InvalidOperationException : The LINQ expression 'o' could not be translated. Either rewrite the query in a form that can be translated, or switch to client evaluation explicitly by inserting a call to 'AsEnumerable', 'AsAsyncEnumerable', 'ToList', or 'ToListAsync'. See https://go.microsoft.com/fwlink/?linkid=2101038 for more information.
Ef373InterleavedPagingTests.Sort_between_two_joins_orders_the_rows_a_one_to_many_second_join_expands(mode: Native)	Failed	Ef373InterleavedPagingTests.cs:line 311	Executed MQL query EFTest-2026-10-01T13-10-40-50.Ef373FanRoots_9b399023.aggregate([{ "$lookup" : { "from" : "Ef373FanLeaves_9b399023", "localField" : "_id", "foreignField" : "root_id", "as" : "_lookup_Leaves" } }, { "$unwind" : { "path" : "$_lookup_Leaves", "preserveNullAndEmptyArrays" : false } }, { "$lookup" : { "from" : "Ef373FanMids_9b399023", "localField" : "mid_id", "foreignField" : "_id", "
NativeGroupByTests.Nested_group_by_bare_terminal_aggregate_counts_the_nested_groups(aggregate: "CountSize1", postGroupWhere: False, expected: 1)	Failed	NativeGroupByTests.cs:line 3863	System.InvalidOperationException : The LINQ expression 'DbSet<Order>() .GroupBy(o => o.Country) .Select(g => new { Land = g.Key, N = g .Count() }) .GroupBy(x => x.N) .Count(g => g .Count() == 1)' could not be translated. Either rewrite the query in a form that can be translated, or switch to client evaluation explicitly by inserting a call to 'AsEnumerable', 'AsAsyncEnumerable', 'ToList', or 'ToLi
NativeMaterializerNullabilityTests.Missing_required_scalar_on_owned_subdocument_matches_driver	Passed		
NativeGroupByOverJoinTests.Null_propagating_value_over_an_unmatched_left_join_side_stays_native(shape: "Convert", expected: "10:1|20:1|30:1|5:1|<null>:1")	Failed	NativeGroupByOverJoinTests.cs:line 1099	System.InvalidOperationException : The LINQ expression 'DbSet<Owner>() .GroupJoin( inner: DbSet<Order>(), outerKeySelector: w => w.Id, innerKeySelector: o => o.OwnerId, resultSelector: (w, gj) => new { w = w, gj = gj }) .SelectMany( collectionSelector: <>h__TransparentIdentifier0 => <>h__TransparentIdentifier0.gj .DefaultIfEmpty(), resultSelector: (<>h__TransparentIdentifier0, o) => new { w = <>h_
NativeSetOpsTests.Outer_GroupBy_over_grouped_source1_set_op_matches_in_memory(name: "Distinct operand, outer group HAVING", query: Func`3 { Method = System.Collections.Generic.IEnumerable`1[System.ValueTuple`2[System.Int32,System.Int32]] <OuterGroupByOverGroupedSource1Shapes>b__136_4(System.Linq.IQueryable`1[NativeSetOpsTests+Item], System.Linq.IQueryable`1[NativeSetOpsTests+Item]), Target = <>c { } })	Failed	NativeSetOpsTests.cs:line 2461	System.InvalidOperationException : The LINQ expression 'DbSet<Item>() .Select(i => new { Value = i.Value }) .Distinct() .Concat(DbSet<Item>() .Where(i => i.Value >= 4) .Select(i => new { Value = i.Value })) .GroupBy(x => x.Value) .Where(g => g .Count() > 1) .Select(g => new { Key = g.Key, Total = g .Count() })' could not be translated. Either rewrite the query in a form that can be translated, or 
NativeComputedProjectionTests.Mixed_whole_entity_and_scalar_member_leaf_works_in_every_mode(mode: DriverLinq)	Passed		
NativeCtorOnlyProjectionTests.Select_with_scalar_ctor_only_dto_goes_native	Passed		
NativeJoinTests.Outer_paging_before_a_collection_navigation_join_goes_native_and_pages_the_outer_rows	Passed		
NativeReferenceCollectionCountPredicateTests.Count_predicate_before_correlated_SelectMany_declines_cleanly_in_every_mode(mode: NativeOnly)	Passed		
NativeGroupByTests.GroupBy_empty_key_with_Key_readback_matches_driver_linq	Failed	NativeGroupByTests.cs:line 1470	System.InvalidOperationException : The LINQ expression 'DbSet<Order>() .GroupBy(o => new { }) .Select(g => new { Key = g.Key, Sum = g .Sum(o => o.Amount) })' could not be translated. Either rewrite the query in a form that can be translated, or switch to client evaluation explicitly by inserting a call to 'AsEnumerable', 'AsAsyncEnumerable', 'ToList', or 'ToListAsync'. See https://go.microsoft.com
NativeComputedBareProjectionTests.Bare_count_leaf_through_an_owned_reference_HOP_is_declined_and_answers_correctly	Failed	NativeComputedBareProjectionTests.cs:line 951	Assert.Equal() Failure: Collections differ ↓ (pos 0) Expected: [Tuple ("Native direct", "[2,0,0,0,1]"), Tuple ("Native late-decline", "[2,0,0,0,1]"), Tuple ("DriverLinq direct", "[2,0,0,0,1]"), Tuple ("DriverLinq late-decline", "[2,0,0,0,1]"), Tuple ("NativeOnly", "declined")] Actual: [Tuple ("Native direct", "ArgumentException: Expression of type 'System.Coll"···), Tuple ("Native late-decline", "
NativeOwnedReferenceWholeEntityTests.Owned_reference_entity_leaf_Union_dedups_by_value_not_owner_identity(mode: Native)	Failed	NativeOwnedReferenceWholeEntityTests.cs:line 972	System.InvalidOperationException : The LINQ expression 'ProjectionBindingExpression: Title' could not be translated. Either rewrite the query in a form that can be translated, or switch to client evaluation explicitly by inserting a call to 'AsEnumerable', 'AsAsyncEnumerable', 'ToList', or 'ToListAsync'. See https://go.microsoft.com/fwlink/?linkid=2101038 for more information.
NativeGroupByTests.GroupBy_select_with_nested_construction_dollar_prefixed_string_constant_matches_driver_linq	Failed	NativeGroupByTests.cs:line 2692	System.InvalidOperationException : The LINQ expression 'DbSet<Order>() .GroupBy(o => new { }) .Select(g => new NestedConstantWrapper{ Container = new NestedConstantContainer{ DollarString = "$Country", Sum = g .Sum(o => o.Amount) } } )' could not be translated. Either rewrite the query in a form that can be translated, or switch to client evaluation explicitly by inserting a call to 'AsEnumerable'
DateTimeOffsetMemberProjectionTests.Concatenating_DateTimeOffset_throws_instead_of_bson_json(shape: "anonymous", mode: DriverLinq)	Failed	DateTimeOffsetMemberProjectionTests.cs:line 379	Assert.Throws() Failure: No exception was thrown Expected: typeof(System.InvalidOperationException)
NativeDateTimeKindReadbackTests.Set_operation_of_bare_date_operands_mixing_local_and_default_kinds_declines	Passed		
NativeSetOpsTests.Count_after_intersect_goes_native	Failed	NativeSetOpsTests.cs:line 942	System.InvalidOperationException : The LINQ expression 'DbSet<Item>() .Where(i => i.Value <= 3) .Intersect(DbSet<Item>() .Where(i => i.Value >= 3)) .Count()' could not be translated. Either rewrite the query in a form that can be translated, or switch to client evaluation explicitly by inserting a call to 'AsEnumerable', 'AsAsyncEnumerable', 'ToList', or 'ToListAsync'. See https://go.microsoft.com
NativeGateRoutingTests.E_projected_id_member_runs_native_under_NativeOnly_and_preserves_id	Passed		
NativeLocalCollectionContainsTests.IReadOnlySet_parameter_contains_goes_native	Passed		
NativeArrayProjectionTests.Array_leaf_in_a_trailing_projection_after_a_union_goes_native	Passed		
NativeGroupByTests.GroupBy_HAVING_on_non_colliding_alias_matches_driver_linq	Failed	NativeGroupByTests.cs:line 509	System.InvalidOperationException : The LINQ expression 'DbSet<Order>() .GroupBy(o => o.Country) .Select(g => new { Country = g.Key, Total = g .Sum(o => o.Amount) }) .Where(x => x.Total > 150) .OrderBy(x => x.Country)' could not be translated. Either rewrite the query in a form that can be translated, or switch to client evaluation explicitly by inserting a call to 'AsEnumerable', 'AsAsyncEnumerabl
NativeOwnedCollectionCorrelatedTests.Root_level_All_of_an_explicitly_negated_correlated_Any_goes_native_and_matches_the_oracle	Passed		
NativeSetOperationProjectionTests.Union_of_DateTime_parameters_declines	Passed		
NativeGroupByTests.Having_less_than_over_an_all_null_accumulator_excludes_the_group	Failed	NativeGroupByTests.cs:line 2983	System.InvalidOperationException : The LINQ expression 'DbSet<RankedOwner>() .GroupBy(o => o.Name) .Where(g => g .Max(x => x.Rank) < (int?)100) .Select(g => new { Key = g.Key, M = g .Max(x => x.Rank) })' could not be translated. Either rewrite the query in a form that can be translated, or switch to client evaluation explicitly by inserting a call to 'AsEnumerable', 'AsAsyncEnumerable', 'ToList', 
NativeGroupByTests.GroupBy_accumulator_named_id_falls_back_and_matches_driver_linq	Failed	NativeGroupByTests.cs:line 454	System.InvalidOperationException : The LINQ expression 'DbSet<Order>() .GroupBy(o => o.Country) .Select(g => new { _id = g .Count() })' could not be translated. Either rewrite the query in a form that can be translated, or switch to client evaluation explicitly by inserting a call to 'AsEnumerable', 'AsAsyncEnumerable', 'ToList', or 'ToListAsync'. See https://go.microsoft.com/fwlink/?linkid=210103
NativeOwnedCollectionFilteredCountTests.Filtered_count_oracle_is_non_vacuous_on_the_element_axis	Failed	NativeOwnedCollectionFilteredCountTests.cs:line 1201	System.InvalidOperationException : The LINQ expression 'o' could not be translated. Either rewrite the query in a form that can be translated, or switch to client evaluation explicitly by inserting a call to 'AsEnumerable', 'AsAsyncEnumerable', 'ToList', or 'ToListAsync'. See https://go.microsoft.com/fwlink/?linkid=2101038 for more information.
NativeGroupByOverJoinTests.Non_null_propagating_computed_key_over_an_unmatched_left_join_side_declines(shape: "Math.Sign")	Passed		
NativeComputedSortTests.Reference_type_parameter_sort_key_declines_instead_of_throwing_at_execution_time	Passed		
NativeGroupByTests.Nested_group_by_bare_terminal_aggregate_counts_the_nested_groups(aggregate: "LongCount", postGroupWhere: False, expected: 2)	Failed	NativeGroupByTests.cs:line 3861	System.InvalidOperationException : The LINQ expression 'DbSet<Order>() .GroupBy(o => o.Country) .Select(g => new { Land = g.Key, N = g .Count() }) .GroupBy(x => x.N) .LongCount()' could not be translated. Either rewrite the query in a form that can be translated, or switch to client evaluation explicitly by inserting a call to 'AsEnumerable', 'AsAsyncEnumerable', 'ToList', or 'ToListAsync'. See ht
NativeSetOpsTests.Right_nested_union_is_not_flattened_into_a_left_chain	Passed		
NativeOwnedCollectionFilteredCountTests.Filtered_count_projection_emits_size_over_filter_in_project	Failed	NativeOwnedCollectionFilteredCountTests.cs:line 822	System.InvalidOperationException : The LINQ expression 'o' could not be translated. Either rewrite the query in a form that can be translated, or switch to client evaluation explicitly by inserting a call to 'AsEnumerable', 'AsAsyncEnumerable', 'ToList', or 'ToListAsync'. See https://go.microsoft.com/fwlink/?linkid=2101038 for more information.
NativeSelectorlessAggregateTests.Max_over_bare_member_select_goes_native	Passed		
NativeSetOpsTests.Union_then_Concat_chain_dedups_only_the_inner_union	Passed		
NativeOwnedCollectionFilteredCountTests.Regex_element_predicate_in_a_Where_goes_native_EF322	Passed		
NativeCtorOnlyProjectionTests.Select_with_owned_nav_entity_ctor_only_dto_still_works_under_default_native_mode_via_fallback	Passed		
NativeSetOpsTests.Intersect_after_a_set_op_is_not_chained	Passed		
NativeJoinTests.GroupJoin_array_result_shape_still_declines_cleanly_in_NativeOnly	Passed		
NativeCastTests.Narrowing_cast_sort_key_no_longer_sorts_by_the_raw_value	Passed		
NativeOwnedCollectionCountTests.Count_not_equal_goes_native	Failed	NativeOwnedCollectionCountTests.cs:line 287	MongoDB.Driver.MongoCommandException : Command aggregate failed: Executor error during aggregate command on namespace: EFTest-2026-10-01T13-10-40-15.Count_not_equal_goes_native_1445aa20 :: caused by :: The argument to $size must be an array, but was of type: missing.
DateTimeOffsetMemberProjectionTests.Select_DateTimeOffset_Date_component	Failed	DateTimeOffsetMemberProjectionTests.cs:line 80	MongoDB.Driver.Linq.ExpressionNotSupportedException : Expression not supported: d.DateTimeOffset.Date because serializer for System.DateTimeOffset does not represent members as fields..
NativeJoinTests.Wrapped_nav_null_check_ternary_over_a_collection_navigation_left_join_matches_oracle(mode: DriverLinq)	Passed		
NativeComputedBareProjectionTests.Ragged_seed_really_carries_all_four_array_states	Passed		
NativeDateTimeKindReadbackTests.Set_operation_over_whole_composite_keys_of_the_same_kind_reads_back_with_that_kind	Failed	NativeDateTimeKindReadbackTests.cs:line 518	System.InvalidOperationException : The LINQ expression 'DbSet<Order>() .GroupBy(o => new { Country = o.Country, D = o.LocalDate }) .Select(g => new { Key = g.Key }) .Concat(DbSet<Order>() .GroupBy(o => new { Country = o.Country, D = o.Detail.LocalDate }) .Select(g => new { Key = g.Key }))' could not be translated. Either rewrite the query in a form that can be translated, or switch to client evalu
NativeDateTimeKindReadbackTests.Date_part_over_a_local_kind_property_throws_in_every_mode(shape: "Nullable_Hour")	Failed	NativeDateTimeKindReadbackTests.cs:line 716	Assert.Throws() Failure: No exception was thrown Expected: typeof(System.InvalidOperationException)
NativeNullableMemberTests.Parameterized_where_leg	Passed		
NativeMaterializerNullabilityTests.Nullable_string_scalar_behind_non_nullable_type_reads_exact_values_natively(shape: "IndexOf", expected: [0, 0])	Passed		
NativeSetOpsTests.Deeply_right_nested_chain_goes_native	Passed		
NativeSetOperationProjectionTests.Union_of_enum_constants_declines	Passed		
NativeOwnedCollectionCorrelatedTests.Correlated_Any_through_an_outer_owned_single_reference_hop_goes_native	Passed		
NativeDistinctTests.Computed_sole_string_key_Distinct_then_Where_on_bare_parameter_goes_native	Passed		
NativeSetOpsTests.Different_collection_projected_operand_intersect_goes_native_result_set	Failed	NativeSetOpsTests.cs:line 449	System.InvalidOperationException : The LINQ expression 'DbSet<Left>() .Select(l => new { Label = l.Name }) .Intersect(DbSet<Right>() .Select(r => new { Label = r.Title }))' could not be translated. Either rewrite the query in a form that can be translated, or switch to client evaluation explicitly by inserting a call to 'AsEnumerable', 'AsAsyncEnumerable', 'ToList', or 'ToListAsync'. See https://g
NativeJoinTests.Reducer_after_a_bare_Inner_entity_leaf_over_a_join_returns_the_joined_row(mode: Native, reducer: "SingleOrDefault")	Passed		
NativeSetOpsTests.Both_operands_distinct_union_goes_native	Passed		
NativeComputedProjectionTests.Add_projection_goes_native	Passed		
NativeSetOpsTests.Outer_GroupBy_over_grouped_source1_set_op_matches_in_memory(name: "Distinct operand, outer group ordering and paging", query: Func`3 { Method = System.Collections.Generic.IEnumerable`1[System.ValueTuple`2[System.Int32,System.Int32]] <OuterGroupByOverGroupedSource1Shapes>b__136_3(System.Linq.IQueryable`1[NativeSetOpsTests+Item], System.Linq.IQueryable`1[NativeSetOpsTests+Item]), Target = <>c { } })	Failed	NativeSetOpsTests.cs:line 2461	System.InvalidOperationException : The LINQ expression 'DbSet<Item>() .Select(i => new { Value = i.Value }) .Distinct() .Concat(DbSet<Item>() .Where(i => i.Value >= 4) .Select(i => new { Value = i.Value })) .GroupBy(x => x.Value) .OrderByDescending(g => g.Key) .Skip(@p) .Select(g => new { Key = g.Key, Total = g .Count() })' could not be translated. Either rewrite the query in a form that can be tr
NativeDateTimeKindReadbackTests.GroupBy_key_ordered_and_filtered_after_the_group_reads_back_with_the_property_kind	Failed	NativeDateTimeKindReadbackTests.cs:line 243	System.InvalidOperationException : The LINQ expression 'DbSet<Order>() .GroupBy(o => o.LocalDate) .Select(g => new { Key = g.Key, C = g .Count() }) .Where(x => x.Key > 01/01/2021 00:00:00)' could not be translated. Either rewrite the query in a form that can be translated, or switch to client evaluation explicitly by inserting a call to 'AsEnumerable', 'AsAsyncEnumerable', 'ToList', or 'ToListAsyn
NativeGroupByOverJoinTests.Null_propagating_value_over_an_unmatched_left_join_side_stays_native(shape: "Max(plain)", expected: "Alice:North|Bob:South|Cara:North|Dora:<null>")	Failed	NativeGroupByOverJoinTests.cs:line 1099	System.InvalidOperationException : The LINQ expression 'DbSet<Owner>() .GroupJoin( inner: DbSet<Order>(), outerKeySelector: w => w.Id, innerKeySelector: o => o.OwnerId, resultSelector: (w, gj) => new { w = w, gj = gj }) .SelectMany( collectionSelector: <>h__TransparentIdentifier0 => <>h__TransparentIdentifier0.gj .DefaultIfEmpty(), resultSelector: (<>h__TransparentIdentifier0, o) => new { w = <>h_
NativeOwnedCollectionCountTests.Count_result_equals_the_in_memory_oracle_for_every_array_length_and_state(name: "param-gt2", predicate: b => (b.Posts.Count > value(NativeOwnedCollectionCountTests+<>c__DisplayClass61_0).t))	Failed	NativeOwnedCollectionCountTests.cs:line 960	MongoDB.Driver.MongoCommandException : Command aggregate failed: Executor error during aggregate command on namespace: EFTest-2026-10-01T13-10-40-15.diff_param-gt2_0301c633 :: caused by :: The argument to $size must be an array, but was of type: missing.
NativeGroupByOverJoinTests.Group_key_with_a_condition_over_an_unmatched_side_declines	Passed		
NativeJoinScopeConditionalProjectionTests.Bare_nav_null_check_ternary_over_a_two_level_chain_matches_oracle(mode: DriverLinq)	Failed	NativeJoinScopeConditionalProjectionTests.cs:line 192	Assert.Equal() Failure: Collections differ ↓ (pos 1) Expected: ["Western Europe", "<none>"] Actual: ["Western Europe", null] ↑ (pos 1)
NativeVectorSearchTests.Exact_with_num_candidates_throws_InvalidOperationException_in_every_mode(mode: DriverLinq)	Passed		
NativeDateTimeKindReadbackTests.Date_part_over_a_local_kind_property_throws_in_every_mode(shape: "Where_Date")	Failed	NativeDateTimeKindReadbackTests.cs:line 716	Assert.Throws() Failure: No exception was thrown Expected: typeof(System.InvalidOperationException)
NativeCardinalityTests.All_with_a_disjunctive_predicate_goes_native_via_de_morgan	Passed		
NativeChainedReferenceNavigationFilterTests.Conjunction_of_root_and_second_hop_filters	Passed		
NativeNullableMemberTests.Convert_wrapped_nullable_target_projection_leaf_now_goes_native_too	Passed		
NativeGroupByOverJoinTests.Null_guarded_string_key_over_an_unmatched_left_join_side_stays_native(shape: "Where().Max(selector)", expected: "Alice:N|Bob:<null>|Cara:N|Dora:<null>")	Failed	NativeGroupByOverJoinTests.cs:line 984	System.InvalidOperationException : The LINQ expression 'DbSet<Owner>() .GroupJoin( inner: DbSet<Order>(), outerKeySelector: w => w.Id, innerKeySelector: o => o.OwnerId, resultSelector: (w, gj) => new { w = w, gj = gj }) .SelectMany( collectionSelector: <>h__TransparentIdentifier0 => <>h__TransparentIdentifier0.gj .DefaultIfEmpty(), resultSelector: (<>h__TransparentIdentifier0, o) => new { w = <>h_
NativeCardinalityTests.Min_max_average_over_nullable_all_null_rows_return_null	Passed		
NativeGroupByTests.GroupBy_then_Max_matches_driver_linq	Failed	NativeGroupByTests.cs:line 1005	System.InvalidOperationException : The LINQ expression 'DbSet<Order>() .GroupBy(o => o.Country) .Select(g => new { Country = g.Key, Total = g .Sum(o => o.Amount) }) .Max(x => x.Total)' could not be translated. Either rewrite the query in a form that can be translated, or switch to client evaluation explicitly by inserting a call to 'AsEnumerable', 'AsAsyncEnumerable', 'ToList', or 'ToListAsync'. S
NativeReverseLastTests.Reverse_over_a_ThenBy_chain_flips_every_ordering	Failed	NativeReverseLastTests.cs:line 95	MongoDB.Driver.Linq.ExpressionNotSupportedException : Expression not supported: EFTest-2026-10-01T13-10-40-8.Reverse_over_a_ThenBy_chain_flips_every_ordering_c92dab2f.Aggregate([]).As(value(MongoDB.EntityFrameworkCore.Serializers.EntitySerializer`1[MongoDB.EntityFrameworkCore.FunctionalTests.Query.NativeReverseLastTests+ValueEntity])).OrderBy(v => v.Value).ThenBy(v => v.Name).Reverse().
NativeComputedBareProjectionTests.Interface_typed_collection_navigation_count_answers_correctly_on_every_route	Failed	NativeComputedBareProjectionTests.cs:line 587	System.ArgumentException : Expression of type 'System.Collections.Generic.ICollection`1[MongoDB.EntityFrameworkCore.FunctionalTests.Query.NativeComputedBareProjectionTests+Post]' cannot be used for parameter of type 'System.Linq.IQueryable`1[MongoDB.EntityFrameworkCore.FunctionalTests.Query.NativeComputedBareProjectionTests+Post]' of method 'Int32 Count[Post](System.Linq.IQueryable`1[MongoDB.Entit
NativeOwnedCollectionPredicateTests.Owned_collection_Any_through_owned_reference_goes_native	Passed		
NativeDistinctTests.Distinct_then_Take_goes_native_and_dedups	Passed		
NativeGroupByTests.GroupBy_then_All_with_count_predicate_matches_driver_linq	Failed	NativeGroupByTests.cs:line 1320	System.InvalidOperationException : The LINQ expression 'DbSet<Order>() .GroupBy(o => o.Country) .All(g => g .Count() > 1)' could not be translated. Either rewrite the query in a form that can be translated, or switch to client evaluation explicitly by inserting a call to 'AsEnumerable', 'AsAsyncEnumerable', 'ToList', or 'ToListAsync'. See https://go.microsoft.com/fwlink/?linkid=2101038 for more in
NativeDistinctTests.Grouped_count_Distinct_then_Where_on_bare_parameter_declines_with_fallback_parity	Failed	NativeDistinctTests.cs:line 203	System.InvalidOperationException : The LINQ expression 'DbSet<Order>() .GroupBy(o => o.Country) .Select(g => g .Count()) .Distinct() .Where(c => c > 1)' could not be translated. Either rewrite the query in a form that can be translated, or switch to client evaluation explicitly by inserting a call to 'AsEnumerable', 'AsAsyncEnumerable', 'ToList', or 'ToListAsync'. See https://go.microsoft.com/fwli
NativeJoinTests.Chained_join_Where_terminal_Count_goes_native_under_NativeOnly	Passed		
NativeDateTimeKindReadbackTests.Terminal_selectorless_max_reads_back_with_the_property_kind	Passed		
NativeDistinctTests.Distinct_anonymous_projection_goes_native_and_dedups	Passed		
NativeSetOpsTests.GroupBy_after_Union_of_plain_projected_operand_declines_and_stays_correct	Failed	NativeSetOpsTests.cs:line 2330	System.InvalidOperationException : The LINQ expression 'DbSet<Item>() .Select(i => new { Name = i.Name }) .Union(DbSet<Item>() .Select(i => new { Name = i.Name })) .GroupBy(x => x.Name) .Select(g => new { Key = g.Key, Total = g .Count() })' could not be translated. Either rewrite the query in a form that can be translated, or switch to client evaluation explicitly by inserting a call to 'AsEnumera
NativeJoinTests.Left_join_Where_with_an_Inner_null_check_conjunct_matches_oracle(mode: Native, shape: "ReferenceAnd")	Passed		
NativeGroupByOverJoinTests.Non_nullable_key_over_an_unmatched_left_join_side_declines	Passed		
NativeJoinTests.Bare_Inner_entity_leaf_over_a_join_matches_oracle(mode: NativeOnly, shape: "BareSelect")	Passed		
NativeGroupByOverJoinTests.Union_of_a_join_scope_constant_operand_and_a_grouped_count_declines	Passed		
Ef373InterleavedPagingTests.Interleaved_Skip_without_Take_pages_the_rows_the_first_join_produced(mode: DriverLinq)	Failed	Ef373InterleavedPagingTests.cs:line 137	System.NotSupportedException : A 'Skip', 'Take', or 'Distinct' operator composed between two cross-collection joins (e.g. from 'Include'/'ThenInclude' or an explicit 'Join') is not supported. Move the operator so that it is not interleaved between the joins.
NativeGroupByOverJoinTests.Two_level_chain_key	Failed	NativeGroupByOverJoinTests.cs:line 465	System.InvalidOperationException : The LINQ expression 'DbSet<OrderLine>() .GroupBy(l => new { Region = l.Order.Owner.Region, Sku = l.Sku }) .Select(g => new { Region = g.Key.Region, Sku = g.Key.Sku, Quantity = g .Sum(l => l.Quantity) })' could not be translated. Either rewrite the query in a form that can be translated, or switch to client evaluation explicitly by inserting a call to 'AsEnumerabl
NativeComputedSortTests.Unrenderable_constant_type_sort_key_declines_instead_of_throwing	Passed		
NativeJoinTests.Join_on_non_key_properties_between_navigation_related_types_joins_on_the_written_keys(mode: NativeOnly, leftOuter: False)	Passed		
NativeDistinctTests.Whole_entity_Distinct_matches_driver_linq	Passed		
NativeSetOpsTests.GroupBy_after_union_goes_native	Failed	NativeSetOpsTests.cs:line 999	System.InvalidOperationException : The LINQ expression 'DbSet<Item>() .Where(i => i.Value <= 3) .Union(DbSet<Item>() .Where(i => i.Value >= 3)) .GroupBy(i => i.Value % 2 == 0) .Select(g => new { Key = g.Key, Count = g .Count() })' could not be translated. Either rewrite the query in a form that can be translated, or switch to client evaluation explicitly by inserting a call to 'AsEnumerable', 'AsA
NativeDistinctTests.Bare_scalar_bson_represented_Distinct_declines_cleanly	Passed		
Ef382ArrayContainsTests.Array_field_contains_constant_goes_native_and_returns_correct_rows	Passed		
NativeOwnedReferenceWholeEntityTests.Owned_reference_entity_leaf_Distinct_dedups_by_value_not_owner_identity(mode: Native)	Failed	NativeOwnedReferenceWholeEntityTests.cs:line 959	System.InvalidOperationException : The LINQ expression 'ProjectionBindingExpression: Title' could not be translated. Either rewrite the query in a form that can be translated, or switch to client evaluation explicitly by inserting a call to 'AsEnumerable', 'AsAsyncEnumerable', 'ToList', or 'ToListAsync'. See https://go.microsoft.com/fwlink/?linkid=2101038 for more information.
NativeOwnedCollectionFilteredCountTests.Filtered_count_projection_alongside_sibling_leaves_goes_native	Failed	NativeOwnedCollectionFilteredCountTests.cs:line 863	System.InvalidOperationException : The LINQ expression 'o' could not be translated. Either rewrite the query in a form that can be translated, or switch to client evaluation explicitly by inserting a call to 'AsEnumerable', 'AsAsyncEnumerable', 'ToList', or 'ToListAsync'. See https://go.microsoft.com/fwlink/?linkid=2101038 for more information.
NativeOwnedCollectionAllTests.Quantifier_result_equals_the_in_memory_oracle_for_every_element_and_array_state(name: "not", predicate: b => b.Posts.All(p => Not((p.Rank > Convert(5, Nullable`1)))))	Failed	NativeOwnedCollectionAllTests.cs:line 568	MongoDB.Driver.MongoCommandException : Command aggregate failed: Executor error during aggregate command on namespace: EFTest-2026-10-01T13-10-40-17.diff_not_ea8bd863 :: caused by :: $allElementsTrue's argument must be an array, but is null.
NativeGroupByTests.GroupBy_computed_key_goes_native_under_native_only	Failed	NativeGroupByTests.cs:line 127	System.InvalidOperationException : The LINQ expression 'DbSet<Order>() .GroupBy(o => o.OrderDate.Year) .Select(g => new { Key = g.Key, C = g .Count() })' could not be translated. Either rewrite the query in a form that can be translated, or switch to client evaluation explicitly by inserting a call to 'AsEnumerable', 'AsAsyncEnumerable', 'ToList', or 'ToListAsync'. See https://go.microsoft.com/fwl
NativeGroupByTests.GroupBy_aggregate_over_a_non_grouping_source_falls_back_under_native_only	Passed		
NativeOwnedReferenceWholeEntityTests.Owned_collection_leaf_in_anonymous_type_with_Concat(mode: Native)	Failed	NativeOwnedReferenceWholeEntityTests.cs:line 1040	System.InvalidOperationException : Document element is missing for required non-nullable property 'Id'.
Ef382ArrayContainsTests.Array_field_of_guids_contains_constant_goes_native_and_returns_correct_rows	Passed		
NativeContainsTerminalTests.Where_entity_equals_null_local_returns_no_rows_natively	Passed		
NativeOwnedCollectionPredicateTests.Owned_collection_Any_is_correct_when_tracked	Failed	NativeOwnedCollectionPredicateTests.cs:line 406	MongoDB.Driver.MongoCommandException : Command aggregate failed: Executor error during aggregate command on namespace: EFTest-2026-10-01T13-10-40-13.Owned_collection_Any_is_correct_when_tracked_34f82bb2 :: caused by :: $anyElementTrue's argument must be an array, but is null.
NativeArrayProjectionTests.Owned_array_leaf_with_a_shadow_key_element_matches_driver_linq	Passed		
NativeComputedBareProjectionTests.Set_typed_collection_navigation_FILTERED_count_is_unaffected_and_still_goes_native	Failed	NativeComputedBareProjectionTests.cs:line 675	Assert.Equal() Failure: Collections differ ↓ (pos 0) Expected: [Tuple ("NativeOnly direct", "[1,0,0,0,1]"), Tuple ("Native direct", "[1,0,0,0,1]"), Tuple ("DriverLinq direct", "[1,0,0,0,1]"), Tuple ("Native late-decline", "[1,0,0,0,1]"), Tuple ("DriverLinq late-decline", "[1,0,0,0,1]")] Actual: [Tuple ("NativeOnly direct", "InvalidOperationException: The LINQ expression 'o'"···), Tuple ("Native di
NativeArrayProjectionTests.Renamed_array_alias_is_declined_and_returns_correct_data_in_every_mode	Passed		
NativeNullableMemberTests.Value_in_a_projection_goes_native	Failed	NativeNullableMemberTests.cs:line 169	Assert.Throws() Failure: Exception type was not an exact match Expected: typeof(System.InvalidOperationException) Actual: typeof(System.FormatException) ---- System.FormatException : An error occurred while deserializing the V property of class <>f__AnonymousType285`2[[System.String, System.Private.CoreLib, Version=10.0.0.0, Culture=neutral, PublicKeyToken=7cec85d7bea7798e],[System.Int32, System.P
NativeSetOpsTests.Projected_operand_union_with_per_operand_filter_and_parameter_goes_native	Passed		
NativeConditionalAndDateTimeTests.Conditional_null_check_over_DateTimeOffset_matches_across_all_three_modes	Failed	NativeConditionalAndDateTimeTests.cs:line 77	MongoDB.Driver.Linq.ExpressionNotSupportedException : Expression not supported: new <>f__AnonymousType91`2(Label = r.Label, DT = Convert(r.OccurredOffset.Value.DateTime.Date, Nullable`1)) because unable to determine which serializer to use for the result.
QueryModeGateTests.NativeOnly_nullable_equality_does_not_throw	Passed		
NativeDocumentConstructionProjectionTests.Where_over_a_client_evaluated_ternary_declines	Passed		
NativeDistinctTests.Distinct_then_Where_then_First_goes_native	Passed		
NativeMaterializerNullabilityTests.Aggregate_over_set_op_operand_nullable_string_length_never_reads_null_as_zero	Failed	NativeMaterializerNullabilityTests.cs:line 663	Expected a decline or EF's exception, got MongoCommandException: Command aggregate failed: Executor error during aggregate command on namespace: EFTest-2026-10-01T13-10-40-20.Aggregate_over_set_op_operand_nullable_string_length_never_reads_null_as_zero_c :: caused by :: $strLenCP requires a string argument, found: null.
NativeDateTimeKindReadbackTests.Set_operation_of_bare_default_kind_date_columns_with_different_aliases_reads_back_with_the_default_kind	Passed		
DateTimeOffsetMemberProjectionTests.Select_optional_DateTimeOffset_null_short_circuits	Failed	DateTimeOffsetMemberProjectionTests.cs:line 130	MongoDB.Driver.Linq.ExpressionNotSupportedException : Expression not supported: d.OptionalDateTimeOffset.Value.DateTime because serializer for System.DateTimeOffset does not represent members as fields..
NativeCardinalityTests.Computed_selector_sum_goes_native	Passed		
NativeComputedBareProjectionTests.Widening_cast_over_negate_goes_native	Passed		
NativeCtorOnlyProjectionTests.Whole_entity_object_array_union_declines	Passed		
NativeOwnedCollectionCountTests.Count_greater_than_with_a_parameterized_threshold_goes_native(threshold: 1, expected: ["len2", "len3"])	Failed	NativeOwnedCollectionCountTests.cs:line 287	MongoDB.Driver.MongoCommandException : Command aggregate failed: Executor error during aggregate command on namespace: EFTest-2026-10-01T13-10-40-15.gt1_7e00f186 :: caused by :: The argument to $size must be an array, but was of type: missing.
NativeGroupByTests.GroupBy_OrderBy_key_before_select_with_wrapped_key_only_no_aggregate_goes_native	Failed	NativeGroupByTests.cs:line 619	System.InvalidOperationException : The LINQ expression 'DbSet<Order>() .GroupBy(o => o.Country) .OrderBy(g => g.Key) .Select(g => new { Key = g.Key })' could not be translated. Either rewrite the query in a form that can be translated, or switch to client evaluation explicitly by inserting a call to 'AsEnumerable', 'AsAsyncEnumerable', 'ToList', or 'ToListAsync'. See https://go.microsoft.com/fwlin
NativeDocumentConstructionProjectionTests.Union_over_a_client_evaluated_ternary_declines	Passed		
NativeDateTimeKindReadbackTests.Nested_GroupBy_over_a_prior_max_reads_back_with_the_property_kind	Failed	NativeDateTimeKindReadbackTests.cs:line 264	System.InvalidOperationException : The LINQ expression 'DbSet<Order>() .GroupBy(o => o.Country) .Select(g => new { Key = g.Key, M = g .Max(x => x.LocalDate) }) .GroupBy(x => x.M) .Select(g => new { Key = g.Key, MM = g .Min(y => y.M), N = g .Count() })' could not be translated. Either rewrite the query in a form that can be translated, or switch to client evaluation explicitly by inserting a call t
NativeDistinctTests.Bare_scalar_int_to_string_converted_Distinct_then_selectorless_Sum_is_refused	Failed	NativeDistinctTests.cs:line 479	Assert.NotNull() Failure: Value is null
NativeGroupByOverJoinTests.Required_navigation_key_drops_dangling_rows	Failed	NativeGroupByOverJoinTests.cs:line 78	System.InvalidOperationException : The LINQ expression 'DbSet<Order>() .GroupBy(o => o.Owner.Region) .Select(g => new { Key = g.Key, Count = g .Count(), Total = g .Sum(o => o.Total) })' could not be translated. Either rewrite the query in a form that can be translated, or switch to client evaluation explicitly by inserting a call to 'AsEnumerable', 'AsAsyncEnumerable', 'ToList', or 'ToListAsync'. 
NativeDistinctTests.Bare_scalar_enum_Distinct_then_Where_on_bare_parameter_goes_native	Passed		
NativeGroupByKeyCaseMappingTests.KeyValuePair_over_a_case_mapped_key(mode: "NativeOnly")	Failed	NativeGroupByKeyCaseMappingTests.cs:line 307	System.InvalidOperationException : The LINQ expression 'DbSet<Row>() .AsNoTracking() .GroupBy(x => x.S) .Select(g => new KeyValuePair<string, int>( g.Key.ToUpper(), g .Count() ))' could not be translated. Either rewrite the query in a form that can be translated, or switch to client evaluation explicitly by inserting a call to 'AsEnumerable', 'AsAsyncEnumerable', 'ToList', or 'ToListAsync'. See ht
NativeDateTimeKindReadbackTests.Date_part_over_a_local_kind_property_throws_in_every_mode(shape: "Navigation_Hour")	Failed	NativeDateTimeKindReadbackTests.cs:line 716	Assert.Throws() Failure: No exception was thrown Expected: typeof(System.InvalidOperationException)
NativeProjectionReducerTests.Bare_collection_reducer_projection_leaf_no_longer_throws(reducerName: "Single")	Failed	NativeProjectionReducerTests.cs:line 136	System.ArgumentException : An item with the same key has already been added. Key: o0
NativeGroupByTests.GroupBy_anonymous_key_Key_member_inside_Where_and_Sum_matches_oracle(mode: Native)	Failed	NativeGroupByTests.cs:line 1722	System.InvalidOperationException : The LINQ expression 'DbSet<Order>() .GroupBy(o => new { Country = o.Country, Year = o.Year }) .Select(g => new { Country = g.Key.Country, Year = g.Key.Year, WhereSum = g .Where(o => g.Key.Country == "US" && o.Amount > 100) .Sum(o => o.Amount), SelectorSum = g .Sum(o => g.Key.Year == 2020 ? o.Amount : 0) })' could not be translated. Either rewrite the query in a f
NativeAnonymousKeyJoinTests.Both_sides_with_the_same_converter_stay_native_and_match_oracle(mode: NativeOnly)	Failed	NativeAnonymousKeyJoinTests.cs:line 525	MongoDB.Driver.Linq.ExpressionNotSupportedException : Expression not supported: k => new <>f__AnonymousType41`2(Zone = Field(k, "Zone", value(MongoDB.Bson.Serialization.Serializers.Int32Serializer)), K = Field(k, "K", value(MongoDB.EntityFrameworkCore.Serializers.ValueConverterSerializer`2[MongoDB.EntityFrameworkCore.FunctionalTests.Query.NativeAnonymousKeyJoinTests+Kind,System.String]))) because 
NativeStringPredicateProjectionTests.Case_insensitive_contains_projection_folds_non_ascii	Failed	NativeStringPredicateProjectionTests.cs:line 76	MongoDB.Driver.Linq.ExpressionNotSupportedException : Expression not supported: OrdinalIgnoreCase in r.Text.Contains("ÉCO", OrdinalIgnoreCase) because OrdinalIgnoreCase is not supported.
NativeJoinScopeConditionalProjectionTests.Nav_null_check_ternary_over_a_two_level_LeftJoin_chain_matches_oracle(mode: DriverLinq, shape: "LeftJoinThenLeftJoinWrappedTernary")	Failed	NativeJoinScopeConditionalProjectionTests.cs:line 467	Assert.Equal() Failure: Collections differ ↓ (pos 1) Expected: ["1:Western Europe", "2:<none>", "3:<none>", "4:<none>"] Actual: ["1:Western Europe", "2:<null>", "3:<null>", "4:<null>"] ↑ (pos 1)
NativeJoinTests.Distinct_after_a_bare_Inner_entity_leaf_matches_oracle(mode: Native, shape: "DuplicateInnerDistinct")	Failed	NativeJoinTests.cs:line 991	Assert.Equal() Failure: Collections differ ↓ (pos 1) Expected: ["Alice", "Bob"] Actual: ["Alice", "Alice", "Bob"] ↑ (pos 1)
NativeConditionalAndDateTimeTests.TimeOfDay_member_Union_with_a_TimeSpan_property_declines	Passed		
NativeArrayProjectionTests.Array_only_anonymous_projection_goes_native	Passed		
NativeJoinInnerDeclineTests.Join_with_grouped_outer_and_paged_inner_reports_the_GroupBy_cause	Failed	NativeJoinInnerDeclineTests.cs:line 112	Assert.Contains() Failure: Sub-string not found String: "oracle-shim" Not found: "Query combines GroupBy with a Join"
NativeSetOpsTests.Paging_after_projected_operand_union_falls_back_gracefully	Passed		
NativeOwnedCollectionFilteredCountTests.Quantifier_over_ragged_elements_equals_the_hand_and_in_memory_oracles(name: "correlated_all_flipped", predicate: b => b.Posts.All(p => ((Convert(0, Nullable`1) > p.Rank) AndAlso (p.Title != b.Title))), expected: ["all_neg", "empty", "missing", "null"])	Failed	NativeOwnedCollectionFilteredCountTests.cs:line 1442	MongoDB.Driver.MongoCommandException : Command aggregate failed: Executor error during aggregate command on namespace: EFTest-2026-10-01T13-10-40-14.quant_correlated_all_flipped_4cc19264 :: caused by :: $allElementsTrue's argument must be an array, but is null.
NativeJoinTests.Whole_inner_entity_leaf_projection_goes_native_under_NativeOnly	Passed		
NativeSetOperationProjectionTests.Union_of_grouped_constant_result_and_column_declines	Failed	NativeSetOperationProjectionTests.cs:line 74	System.InvalidOperationException : The LINQ expression 'DbSet<Entity>() .GroupBy(x => x.N) .Select(g => 8) .Union(DbSet<Entity>() .Select(x => x.N))' could not be translated. Either rewrite the query in a form that can be translated, or switch to client evaluation explicitly by inserting a call to 'AsEnumerable', 'AsAsyncEnumerable', 'ToList', or 'ToListAsync'. See https://go.microsoft.com/fwlink/
NativeSetOperationProjectionTests.Union_of_computed_scalar_after_a_value_converted_column_declines	Passed		
NativeDistinctTests.Distinct_then_Count_with_predicate_matches_driver_linq	Passed		
NativeOwnedReferenceWholeEntityTests.Owned_single_reference_whole_entity_with_root_orderby_goes_native	Passed		
NativeDateTimeKindReadbackTests.GroupBy_owned_reference_key_reads_back_with_the_property_kind	Failed	NativeDateTimeKindReadbackTests.cs:line 231	System.InvalidOperationException : The LINQ expression 'DbSet<Order>() .GroupBy(o => o.Detail.LocalDate) .Select(g => new { Key = g.Key, C = g .Count() })' could not be translated. Either rewrite the query in a form that can be translated, or switch to client evaluation explicitly by inserting a call to 'AsEnumerable', 'AsAsyncEnumerable', 'ToList', or 'ToListAsync'. See https://go.microsoft.com/f
NativeGroupByTests.Post_group_where_over_a_nested_alias_never_resolves_an_owned_navigation_of_the_same_name(nullCheck: True)	Failed	NativeGroupByTests.cs:line 3490	System.InvalidOperationException : The LINQ expression 'DbSet<Parcel>() .GroupBy(p => p.Region) .Select(g => new { Key = g.Key, Info = new { N = g .Count() } }) .Where(x => x.Info != null)' could not be translated. Either rewrite the query in a form that can be translated, or switch to client evaluation explicitly by inserting a call to 'AsEnumerable', 'AsAsyncEnumerable', 'ToList', or 'ToListAsyn
NativeDistinctTests.Bare_scalar_order_preserving_converted_Distinct_then_OrderBy_goes_native	Passed		
NativeGroupByCtorProjectionTests.GroupBy_select_with_member_init_dto_key_goes_native	Failed	NativeGroupByCtorProjectionTests.cs:line 142	System.InvalidOperationException : The LINQ expression 'DbSet<Order>() .GroupBy(o => new CustomerEmployeeKey{ CustomerId = o.CustomerId, EmployeeId = 0 } ) .Select(g => new { Sum = g .Sum(o => o.Total), Key = g.Key })' could not be translated. Either rewrite the query in a form that can be translated, or switch to client evaluation explicitly by inserting a call to 'AsEnumerable', 'AsAsyncEnumerab
DateTimeOffsetMemberProjectionTests.Where_DateTimeOffset_ToString_throws_instead_of_matching_bson_json(mode: Native)	Failed	DateTimeOffsetMemberProjectionTests.cs:line 248	Assert.Throws() Failure: No exception was thrown Expected: typeof(System.InvalidOperationException)
NativeJoinTests.Reference_included_whole_entity_leaf_goes_native_and_matches_the_oracle(shape: "ExplicitJoin")	Passed		
NativeSetOpsTests.Ops_after_projected_Distinct_in_second_operand_filter_that_operand(mode: Native)	Passed		
NativeOwnedCollectionCountTests.Count_result_equals_the_in_memory_oracle_for_every_array_length_and_state(name: "not-eq2", predicate: b => Not((b.Posts.Count == 2)))	Failed	NativeOwnedCollectionCountTests.cs:line 960	MongoDB.Driver.MongoCommandException : Command aggregate failed: Executor error during aggregate command on namespace: EFTest-2026-10-01T13-10-40-15.diff_not-eq2_1d92ff3d :: caused by :: The argument to $size must be an array, but was of type: missing.
NativeGroupByOverJoinTests.Having_less_than_over_a_nullable_key_of_an_unmatched_side_excludes_the_null_key	Failed	NativeGroupByOverJoinTests.cs:line 747	System.InvalidOperationException : The LINQ expression 'DbSet<Owner>() .GroupJoin( inner: DbSet<Order>(), outerKeySelector: w => w.Id, innerKeySelector: o => o.OwnerId, resultSelector: (w, gj) => new { w = w, gj = gj }) .SelectMany( collectionSelector: <>h__TransparentIdentifier0 => <>h__TransparentIdentifier0.gj .DefaultIfEmpty(), resultSelector: (<>h__TransparentIdentifier0, o) => new { <>h__Tra
NativeOwnedReferenceWholeEntityTests.Owned_collection_leaf_in_anonymous_type_with_Concat(mode: DriverLinq)	Failed	NativeOwnedReferenceWholeEntityTests.cs:line 1040	System.InvalidOperationException : Document element is missing for required non-nullable property 'Id'.
Ef373InterleavedPagingTests.Paging_between_two_transparent_identifier_joins_matches_oracle(mode: Native, shape: "WrappedThenTrailingSelect")	Failed	Ef373InterleavedPagingTests.cs:line 261	System.NotSupportedException : A 'Skip', 'Take', or 'Distinct' operator composed between two cross-collection joins (e.g. from 'Include'/'ThenInclude' or an explicit 'Join') is not supported. Move the operator so that it is not interleaved between the joins.
NativeCardinalityTests.Min_max_average_over_nullable_on_empty_return_null	Failed	NativeCardinalityTests.cs:line 533	System.InvalidOperationException : Sequence contains no elements
NativeReferenceCollectionCountPredicateTests.Count_predicate_before_correlated_SelectMany_declines_cleanly_in_every_mode(mode: Native)	Passed		
NativeGroupByTests.GroupBy_Key_inside_aggregate_in_Where_over_groups_matches_oracle(mode: DriverLinq)	Failed	NativeGroupByTests.cs:line 1786	System.InvalidOperationException : The LINQ expression 'DbSet<Order>() .GroupBy(o => new { Country = o.Country }) .Where(g => g .Count(o => g.Key.Country != "UK") > 0) .Select(g => new { Country = g.Key.Country, Count = g .Count() })' could not be translated. Either rewrite the query in a form that can be translated, or switch to client evaluation explicitly by inserting a call to 'AsEnumerable', 
NativeCardinalityTests.Select_projection_First_goes_native	Passed		
NativeGroupByTests.Post_group_terminal_all_over_a_get_type_comparison_declines_cleanly(equal: False)	Failed	NativeGroupByTests.cs:line 3529	System.InvalidOperationException : The LINQ expression 'DbSet<Order>() .GroupBy(o => o.Country) .Select(g => new { Key = g.Key, N = g .Count() }) .All(x => x.GetType() != (Type)MongoDB.EntityFrameworkCore.FunctionalTests.Query.NativeGroupByTests+Order)' could not be translated. Either rewrite the query in a form that can be translated, or switch to client evaluation explicitly by inserting a call 
NativeJoinTests.Genuinely_navigation_less_join_matches_in_memory_oracle_including_unmatched_rows(mode: Native)	Passed		
NativeGroupByOverJoinTests.Union_of_a_join_scope_operand_filtered_on_an_unmatched_inner_value_goes_native	Passed		
NativeGroupByOverJoinTests.Null_propagating_value_over_an_unmatched_left_join_side_stays_native(shape: "Trim", expected: "<null>:1|North:3|South:1")	Failed	NativeGroupByOverJoinTests.cs:line 1099	System.InvalidOperationException : The LINQ expression 'DbSet<Owner>() .GroupJoin( inner: DbSet<Order>(), outerKeySelector: w => w.Id, innerKeySelector: o => o.OwnerId, resultSelector: (w, gj) => new { w = w, gj = gj }) .SelectMany( collectionSelector: <>h__TransparentIdentifier0 => <>h__TransparentIdentifier0.gj .DefaultIfEmpty(), resultSelector: (<>h__TransparentIdentifier0, o) => new { w = <>h_
NativeReferenceCollectionCountPredicateTests.Bare_Count_comparison_goes_native_under_NativeOnly	Failed	NativeReferenceCollectionCountPredicateTests.cs:line 44	System.InvalidOperationException : Unsupported cross-DbSet query between 'MongoDB.EntityFrameworkCore.FunctionalTests.Query.NativeReferenceCollectionCountPredicateTests+Owner' and 'MongoDB.EntityFrameworkCore.FunctionalTests.Query.NativeReferenceCollectionCountPredicateTests+Order'. The MongoDB EF Core Provider does not support this cross-collection query. Consider using Join, Include, or restruct
NativeOwnedCollectionFilteredCountTests.Filtered_LongCount_projection_goes_native	Failed	NativeOwnedCollectionFilteredCountTests.cs:line 836	System.InvalidOperationException : The LINQ expression 'o' could not be translated. Either rewrite the query in a form that can be translated, or switch to client evaluation explicitly by inserting a call to 'AsEnumerable', 'AsAsyncEnumerable', 'ToList', or 'ToListAsync'. See https://go.microsoft.com/fwlink/?linkid=2101038 for more information.
NativeCastTests.Widening_cast_bare_projection_leaf_goes_native	Passed		
NativeCardinalityTests.FirstOrDefault_after_Take_that_selects_nothing_is_null	Passed		
NativeReferenceCollectionCountPredicateTests.Include_ordered_Skip_on_same_nav_as_count_predicate_returns_correct_data(mode: DriverLinq)	Failed	NativeReferenceCollectionCountPredicateTests.cs:line 359	System.InvalidOperationException : Unsupported cross-DbSet query between 'MongoDB.EntityFrameworkCore.FunctionalTests.Query.NativeReferenceCollectionCountPredicateTests+Owner' and 'MongoDB.EntityFrameworkCore.FunctionalTests.Query.NativeReferenceCollectionCountPredicateTests+Order'. The MongoDB EF Core Provider does not support this cross-collection query. Consider using Join, Include, or restruct
NativeGroupByKeyCaseMappingTests.Anonymous_type_and_member_init_dto_over_a_case_mapped_key(mode: "NativeOnly")	Failed	NativeGroupByKeyCaseMappingTests.cs:line 307	System.InvalidOperationException : The LINQ expression 'DbSet<Row>() .AsNoTracking() .GroupBy(x => x.S) .Select(g => new { K = g.Key.ToUpper(), C = g .Count() })' could not be translated. Either rewrite the query in a form that can be translated, or switch to client evaluation explicitly by inserting a call to 'AsEnumerable', 'AsAsyncEnumerable', 'ToList', or 'ToListAsync'. See https://go.microsof
NativeGroupByTests.Push_list_over_a_ragged_nullable_element_holds_null_for_null_and_missing	Failed	NativeGroupByTests.cs:line 3679	System.InvalidOperationException : The LINQ expression 'DbSet<RankedOwner>() .GroupBy(o => o.Region) .Select(g => new { Key = g.Key, Ranks = g .Select(x => x.Rank) .ToList() })' could not be translated. Either rewrite the query in a form that can be translated, or switch to client evaluation explicitly by inserting a call to 'AsEnumerable', 'AsAsyncEnumerable', 'ToList', or 'ToListAsync'. See http
NativeJoinTests.Bare_Inner_entity_leaf_over_a_join_matches_oracle(mode: DriverLinq, shape: "OrderByAfter")	Passed		
NativeConditionalAndDateTimeTests.TimeOfDay_group_key_declines	Failed	NativeConditionalAndDateTimeTests.cs:line 412	System.InvalidOperationException : The LINQ expression 'DbSet<TimeRow>() .AsNoTracking() .GroupBy(x => x.When.TimeOfDay) .Select(g => new { Key = g.Key, C = g .Count() })' could not be translated. Either rewrite the query in a form that can be translated, or switch to client evaluation explicitly by inserting a call to 'AsEnumerable', 'AsAsyncEnumerable', 'ToList', or 'ToListAsync'. See https://go
NativeJoinTests.Bare_Inner_entity_leaf_over_a_join_matches_oracle(mode: DriverLinq, shape: "BareSelect")	Passed		
NativeJoinTests.Distinct_after_a_bare_Inner_entity_leaf_matches_oracle(mode: Native, shape: "LeftJoinDistinct")	Failed	NativeJoinTests.cs:line 991	Assert.Equal() Failure: Collections differ ↓ (pos 1) Expected: ["<null>", "Alice", "Bob"] Actual: ["<null>", "<null>", "Alice", "Alice", "Bob"] ↑ (pos 1)
NativeGroupByTests.Nested_group_by_bare_terminal_aggregate_counts_the_nested_groups(aggregate: "LongCount", postGroupWhere: True, expected: 2)	Failed	NativeGroupByTests.cs:line 3861	System.InvalidOperationException : The LINQ expression 'DbSet<Order>() .GroupBy(o => o.Country) .Select(g => new { Land = g.Key, N = g .Count() }) .Where(x => x.Land != "A") .GroupBy(x => x.N) .LongCount()' could not be translated. Either rewrite the query in a form that can be translated, or switch to client evaluation explicitly by inserting a call to 'AsEnumerable', 'AsAsyncEnumerable', 'ToList
NativeDistinctTests.Whole_entity_Distinct_goes_native	Passed		
NativeGroupByOverJoinTests.Any_and_Count_over_a_navigation_group_after_an_inner_side_where(moreThan: 1, expectedAny: True, expectedCount: 1)	Failed	NativeGroupByOverJoinTests.cs:line 570	System.InvalidOperationException : The LINQ expression 'DbSet<Order>() .Where(o => o.Owner.Name != "Cara") .GroupBy(o => o.Owner.Region) .Select(g => new { Key = g.Key, Count = g .Count() }) .Any(x => x.Count > @moreThan)' could not be translated. Either rewrite the query in a form that can be translated, or switch to client evaluation explicitly by inserting a call to 'AsEnumerable', 'AsAsyncEnum
NativeBareProjectionTests.Bare_owned_collection_projection_matches_driver_linq	Failed	NativeBareProjectionTests.cs:line 271	Assert.Equal() Failure: Collections differ ↓ (pos 2) Expected: string[] ["h1|h2", "<empty>", "<empty>", "<empty>", "h9"] Actual: List<string> ["h1|h2", "<empty>", "<null>", "<null>", "h9"] ↑ (pos 2)
NativeSetOperationProjectionTests.Union_of_parameter_and_column_goes_native_and_reads_the_current_value	Passed		
NativeMaterializerNullabilityTests.Explicit_null_required_scalar_on_owned_subdocument_matches_driver	Passed		
NativeGroupByTests.GroupBy_anonymous_key_only_with_no_aggregate_goes_native	Failed	NativeGroupByTests.cs:line 1925	System.InvalidOperationException : The LINQ expression 'DbSet<Order>() .GroupBy(o => o.Country) .Select(g => new { Key = g.Key })' could not be translated. Either rewrite the query in a form that can be translated, or switch to client evaluation explicitly by inserting a call to 'AsEnumerable', 'AsAsyncEnumerable', 'ToList', or 'ToListAsync'. See https://go.microsoft.com/fwlink/?linkid=2101038 for
NativeProjectionReducerTests.Filtered_count_as_operand_of_arithmetic_no_longer_hard_fails	Failed	NativeProjectionReducerTests.cs:line 179	System.InvalidOperationException : The LINQ expression 'o' could not be translated. Either rewrite the query in a form that can be translated, or switch to client evaluation explicitly by inserting a call to 'AsEnumerable', 'AsAsyncEnumerable', 'ToList', or 'ToListAsync'. See https://go.microsoft.com/fwlink/?linkid=2101038 for more information.
NativeComputedProjectionTests.Mixed_whole_entity_and_computed_leaf_goes_native	Passed		
NativeReferenceIncludeTests.Reference_and_collection_Include_combo_goes_native_with_correct_data	Passed		
NativeCardinalityTests.First_on_empty_throws_sequence_contains_no_elements	Passed		
NativeJoinTests.Distinct_after_a_bare_Inner_entity_leaf_matches_oracle(mode: DriverLinq, shape: "DistinctOrderBy")	Failed	NativeJoinTests.cs:line 991	Assert.Equal() Failure: Collections differ ↓ (pos 0) Expected: ["6abe4de9d82981d4d711dae7:10", "6abe4de9d82981d4d711dae8:20", "6abe4de9d82981d4d711dae9:30"] Actual: ["<null>", "<null>", "<null>"] ↑ (pos 0)
NativeSetOpsTests.Distinct_after_projected_operand_except_hard_fails_in_every_mode(mode: Native)	Passed		
NativeGroupByOverJoinTests.Push_list_over_an_inner_join_side_goes_native	Failed	NativeGroupByOverJoinTests.cs:line 911	System.InvalidOperationException : The LINQ expression 'DbSet<Order>() .Join( inner: DbSet<Owner>(), outerKeySelector: o => o.OwnerId, innerKeySelector: w => w.Id, resultSelector: (o, w) => new { o = o, w = w }) .GroupBy( keySelector: <>h__TransparentIdentifier0 => <>h__TransparentIdentifier0.w.Region, elementSelector: <>h__TransparentIdentifier0 => <>h__TransparentIdentifier0.o) .Select(g => new 
NativeCtorOnlyProjectionTests.Select_with_two_argument_ctor_only_dto_goes_native	Passed		
NativeOwnedCollectionCountTests.Count_result_equals_the_in_memory_oracle_for_every_array_length_and_state(name: "param-gte0", predicate: b => (b.Posts.Count >= value(NativeOwnedCollectionCountTests+<>c__DisplayClass61_0).t))	Failed	NativeOwnedCollectionCountTests.cs:line 960	MongoDB.Driver.MongoCommandException : Command aggregate failed: Executor error during aggregate command on namespace: EFTest-2026-10-01T13-10-40-15.diff_param-gte0_cc30b308 :: caused by :: The argument to $size must be an array, but was of type: missing.
NativeMaterializerNullabilityTests.GroupBy_over_distinct_nullable_string_length_declines(shape: "Key")	Passed		
NativeStringPredicateProjectionTests.IndexOf_projection_goes_native	Passed		
NativeJoinTests.Join_result_matches_in_memory_oracle_including_unmatched_rows(query: Func`3 { Method = System.Linq.IQueryable`1[System.Object] <JoinOracleCases>b__76_0(System.Linq.IQueryable`1[NativeJoinTests+Owner], System.Linq.IQueryable`1[NativeJoinTests+Order]), Target = <>c { } }, goesNativeUnderNativeOnly: True)	Passed		
NativeSetOpsTests.GroupBy_after_Union_of_projected_Distinct_operand_returns_correct_groups(mode: Native)	Failed	NativeSetOpsTests.cs:line 2361	System.InvalidOperationException : The LINQ expression 'DbSet<Item>() .Where(i => i.Value <= 3) .Select(i => new { Name = i.Name }) .Distinct() .Union(DbSet<Item>() .Where(i => i.Value >= 3) .Select(i => new { Name = i.Name })) .GroupBy(x => x.Name) .Select(g => new { Key = g.Key, Total = g .Count() })' could not be translated. Either rewrite the query in a form that can be translated, or switch t
NativeDistinctTests.Wrapped_projection_Distinct_then_Sum_with_computed_selector_goes_native	Passed		
Ef373InterleavedPagingTests.Paging_between_two_transparent_identifier_joins_matches_oracle(mode: DriverLinq, shape: "WrappedTake")	Failed	Ef373InterleavedPagingTests.cs:line 251	System.NotSupportedException : A 'Skip', 'Take', or 'Distinct' operator composed between two cross-collection joins (e.g. from 'Include'/'ThenInclude' or an explicit 'Join') is not supported. Move the operator so that it is not interleaved between the joins.
NativeContainsTerminalTests.Contains_null_over_array_field_projection_does_not_match_arrays_containing_null	Failed	NativeContainsTerminalTests.cs:line 191	Assert.False() Failure Expected: False Actual: True
DateTimeOffsetMemberProjectionTests.Concatenating_DateTimeOffset_throws_instead_of_bson_json(shape: "where", mode: DriverLinq)	Failed	DateTimeOffsetMemberProjectionTests.cs:line 379	Assert.Throws() Failure: No exception was thrown Expected: typeof(System.InvalidOperationException)
NativeBareProjectionTests.Bare_owned_array_projection_operand_still_declines_under_native_only	Passed		
NativeArrayProjectionTests.Primitive_collection_leaf_alongside_an_owned_array_leaf_goes_native	Passed		
NativeComputedBareProjectionTests.Bare_arithmetic_over_a_collection_count_is_declined_and_answers_correctly	Failed	NativeComputedBareProjectionTests.cs:line 524	System.ArgumentException : Expression of type 'System.Collections.Generic.List`1[MongoDB.EntityFrameworkCore.FunctionalTests.Query.NativeComputedBareProjectionTests+Post]' cannot be used for parameter of type 'System.Linq.IQueryable`1[MongoDB.EntityFrameworkCore.FunctionalTests.Query.NativeComputedBareProjectionTests+Post]' of method 'Int32 Count[Post](System.Linq.IQueryable`1[MongoDB.EntityFramew
NativeGroupByTests.GroupBy_then_Any_matches_driver_linq	Failed	NativeGroupByTests.cs:line 1092	System.InvalidOperationException : The LINQ expression 'DbSet<Order>() .GroupBy(o => o.Country) .Select(g => new { Country = g.Key, Total = g .Sum(o => o.Amount) }) .Any()' could not be translated. Either rewrite the query in a form that can be translated, or switch to client evaluation explicitly by inserting a call to 'AsEnumerable', 'AsAsyncEnumerable', 'ToList', or 'ToListAsync'. See https://g
NativeMaterializerNullabilityTests.GroupBy_over_distinct_nullable_string_length_declines(shape: "KeyPlusOne")	Passed		
NativeGroupByTests.GroupBy_with_element_selector_Key_inside_accumulator_matches_oracle(mode: DriverLinq)	Failed	NativeGroupByTests.cs:line 1757	System.InvalidOperationException : The LINQ expression 'DbSet<Order>() .GroupBy( keySelector: o => o.Country, elementSelector: o => o.Amount) .Select(g => new { Country = g.Key, UsSum = g .Sum(a => g.Key == "US" ? a : 0) })' could not be translated. Either rewrite the query in a form that can be translated, or switch to client evaluation explicitly by inserting a call to 'AsEnumerable', 'AsAsyncEn
NativeJoinTests.First_over_required_reference_nav_projection_with_dangling_first_row_is_correct_in_every_mode	Passed		
NativeConditionalAndDateTimeTests.TimeOfDay_projections_combined_by_Union_match_the_driver	Passed		
NativeJoinTests.Duplicated_inner_leaf_projection_goes_native_and_reads_correctly(mode: DriverLinq)	Passed		
NativeDateTimeKindReadbackTests.Nullable_cast_leaf_reads_back_with_the_property_kind	Passed		
DateTimeOffsetMemberProjectionTests.Select_optional_DateTimeOffset_Value_ToString_matches_client_evaluation(mode: DriverLinq)	Failed	DateTimeOffsetMemberProjectionTests.cs:line 228	Assert.Equal() Failure: Strings differ ↓ (pos 0) Expected: "15/03/2024 13:45:30 -05:00" Actual: "{"DateTime":"2024-03-15T18:45:30.250Z","T"··· ↑ (pos 0)
NativeSetOperationProjectionTests.Union_of_two_member_anonymous_operands_goes_native	Passed		
NativeGroupByOverJoinTests.Ordering_after_an_inner_side_where_and_a_navigation_group_declines_cleanly	Failed	NativeGroupByOverJoinTests.cs:line 586	System.InvalidOperationException : The LINQ expression 'DbSet<Order>() .Where(o => o.Owner.Name != "Cara") .GroupBy(o => o.Owner.Region) .Select(g => new { Key = g.Key, Count = g .Count() }) .OrderByDescending(x => x.Count)' could not be translated. Either rewrite the query in a form that can be translated, or switch to client evaluation explicitly by inserting a call to 'AsEnumerable', 'AsAsyncEn
NativeJoinTests.Join_on_non_key_properties_between_navigation_related_types_joins_on_the_written_keys(mode: NativeOnly, leftOuter: True)	Passed		
NativeGateRoutingTests.D_arithmetic_computed_projection_runs_native_under_NativeOnly	Passed		
NativeOwnedReferenceWholeEntityTests.Non_owned_reference_include_now_goes_native	Passed		
NativeArrayProjectionTests.Array_leaf_whose_element_has_only_a_lazy_inverse_owner_navigation_goes_native	Passed		
NativeGroupByOverJoinTests.Composite_key_spanning_both_scopes	Failed	NativeGroupByOverJoinTests.cs:line 447	System.InvalidOperationException : The LINQ expression 'DbSet<Order>() .GroupBy(o => new { Region = o.Region, OwnerName = o.Owner.Name }) .Select(g => new { Region = g.Key.Region, OwnerName = g.Key.OwnerName, Count = g .Count() })' could not be translated. Either rewrite the query in a form that can be translated, or switch to client evaluation explicitly by inserting a call to 'AsEnumerable', 'As
NativeCardinalityTests.Single_on_empty_throws_sequence_contains_no_elements	Passed		
NativeReferenceIncludeTests.Native_and_DriverLinq_agree_on_reference_Include_with_a_reducer_and_a_navigation_null_predicate	Passed		
NativeGroupByTests.Bare_accumulator_then_outer_Max_goes_native(mode: NativeOnly)	Failed	NativeGroupByTests.cs:line 2421	System.InvalidOperationException : The LINQ expression 'DbSet<Order>() .GroupBy(o => o.Country) .Select(g => g .Sum(o => o.Amount)) .Max()' could not be translated. Either rewrite the query in a form that can be translated, or switch to client evaluation explicitly by inserting a call to 'AsEnumerable', 'AsAsyncEnumerable', 'ToList', or 'ToListAsync'. See https://go.microsoft.com/fwlink/?linkid=21
NativeJoinScopeConditionalProjectionTests.Wrapped_entity_null_check_beside_a_whole_entity_declines	Passed		
NativeSetOpsTests.OrderBy_after_union_goes_native	Passed		
NativeSetOperationProjectionTests.Union_of_anonymous_operands_with_a_constant_member_declines	Passed		
NativeOwnedCollectionFilteredCountTests.Filtered_count_projection_equals_the_in_memory_oracle_for_every_array_and_element_state(name: "ne", selector: b => new TitleCount() {Title = b.Title, N = b.Posts.Count(p => (p.Rank != Convert(5, Nullable`1)))})	Failed	NativeOwnedCollectionFilteredCountTests.cs:line 1180	System.InvalidOperationException : The LINQ expression 'o' could not be translated. Either rewrite the query in a form that can be translated, or switch to client evaluation explicitly by inserting a call to 'AsEnumerable', 'AsAsyncEnumerable', 'ToList', or 'ToListAsync'. See https://go.microsoft.com/fwlink/?linkid=2101038 for more information.
NativeSetOpsTests.Except_disjoint_operands_yields_all_of_first	Failed	NativeSetOpsTests.cs:line 191	System.InvalidOperationException : The LINQ expression 'DbSet<Item>() .Where(i => i.Value <= 2) .Except(DbSet<Item>() .Where(i => i.Value >= 4))' could not be translated. Either rewrite the query in a form that can be translated, or switch to client evaluation explicitly by inserting a call to 'AsEnumerable', 'AsAsyncEnumerable', 'ToList', or 'ToListAsync'. See https://go.microsoft.com/fwlink/?lin
NativeDistinctTests.Cross_collection_set_ops_with_mismatched_stored_forms_decline(otherConfiguration: "plain")	Passed		
NativeGroupByOverJoinTests.All_over_a_navigation_group_after_an_inner_side_where(minCount: 1, expected: True)	Failed	NativeGroupByOverJoinTests.cs:line 542	System.InvalidOperationException : The LINQ expression 'DbSet<Order>() .Where(o => o.Owner.Name != "Cara") .GroupBy(o => o.Owner.Region) .Select(g => new { Key = g.Key, Count = g .Count() }) .All(x => x.Count >= @minCount)' could not be translated. Either rewrite the query in a form that can be translated, or switch to client evaluation explicitly by inserting a call to 'AsEnumerable', 'AsAsyncEnu
NativeCastTests.Mirrored_narrowing_cast_vs_constant_also_returns_the_CLR_answer	Failed	NativeCastTests.cs:line 1546	Assert.Equal() Failure: Collections differ Expected: string[] ["a", "b", "c"] Actual: List<string> ["a", "b", "c", "e"] ↑ (pos 3)
NativeJoinTests.Genuinely_navigation_less_join_matches_in_memory_oracle_including_unmatched_rows(mode: NativeOnly)	Passed		
NativeDocumentConstructionProjectionTests.Bare_boxed_join_scope_ternary_over_constructions_the_class_map_misreads_declines	Passed		
NativeComputedProjectionTests.String_method_call_projection_falls_back_gracefully_except_under_NativeOnly	Passed		
NativeGroupByTests.Greater_than_equal_and_not_equal_over_a_nullable_accumulator_stay_correct	Failed	NativeGroupByTests.cs:line 3101	System.InvalidOperationException : The LINQ expression 'DbSet<RankedOwner>() .GroupBy(o => o.Name) .Where(g => g .Max(x => x.Rank) > (int?)10) .Count()' could not be translated. Either rewrite the query in a form that can be translated, or switch to client evaluation explicitly by inserting a call to 'AsEnumerable', 'AsAsyncEnumerable', 'ToList', or 'ToListAsync'. See https://go.microsoft.com/fwli
NativeNullableMemberTests.Value_in_a_predicate_goes_native	Passed		
NativeOwnedCollectionCountTests.Count_result_equals_the_in_memory_oracle_for_every_array_length_and_state(name: "const-lte0", predicate: b => (b.Posts.Count <= 0))	Failed	NativeOwnedCollectionCountTests.cs:line 960	MongoDB.Driver.MongoCommandException : Command aggregate failed: Executor error during aggregate command on namespace: EFTest-2026-10-01T13-10-40-15.diff_const-lte0_7cbb08b8 :: caused by :: The argument to $size must be an array, but was of type: missing.
NativeCardinalityTests.Select_bare_scalar_First_goes_native	Passed		
NativeOwnedReferenceWholeEntityTests.Owned_reference_entity_leaf_beside_field_leaf_emits_expected_project_stage_with_retained_id	Passed		
NativeSetOpsTests.Union_then_GroupBy_OrderBy_Skip_Select_goes_native(mode: Native)	Failed	NativeSetOpsTests.cs:line 2308	System.InvalidOperationException : The LINQ expression 'DbSet<Item>() .Where(i => i.Value <= 3) .Union(DbSet<Item>() .Where(i => i.Value >= 3)) .GroupBy(i => i.Name) .OrderBy(g => g.Key) .Skip(@p) .Select(g => new { Key = g.Key, Total = g .Count() })' could not be translated. Either rewrite the query in a form that can be translated, or switch to client evaluation explicitly by inserting a call to
NativeStringPredicateProjectionTests.Nested_members_sharing_a_name_each_keep_their_own_computation(mode: "Native")	Passed		
NativeProjectionReducerTests.Bare_collection_Any_projection_leaf_no_longer_throws	Failed	NativeProjectionReducerTests.cs:line 155	System.ArgumentException : Expression of type 'System.Collections.Generic.List`1[MongoDB.EntityFrameworkCore.FunctionalTests.Query.NativeProjectionReducerTests+Post]' cannot be used for parameter of type 'System.Linq.IQueryable`1[MongoDB.EntityFrameworkCore.FunctionalTests.Query.NativeProjectionReducerTests+Post]' of method 'Boolean Any[Post](System.Linq.IQueryable`1[MongoDB.EntityFrameworkCore.Fu
NativeOwnedCollectionCountTests.Count_result_equals_the_in_memory_oracle_for_every_array_length_and_state(name: "const-gte2", predicate: b => (b.Posts.Count >= 2))	Failed	NativeOwnedCollectionCountTests.cs:line 960	MongoDB.Driver.MongoCommandException : Command aggregate failed: Executor error during aggregate command on namespace: EFTest-2026-10-01T13-10-40-15.diff_const-gte2_aef798e3 :: caused by :: The argument to $size must be an array, but was of type: missing.
NativeOwnedCollectionFilteredCountTests.Arithmetic_projection_leaf_containing_a_filtered_count_goes_native	Failed	NativeOwnedCollectionFilteredCountTests.cs:line 900	System.InvalidOperationException : The LINQ expression 'o' could not be translated. Either rewrite the query in a form that can be translated, or switch to client evaluation explicitly by inserting a call to 'AsEnumerable', 'AsAsyncEnumerable', 'ToList', or 'ToListAsync'. See https://go.microsoft.com/fwlink/?linkid=2101038 for more information.
NativeChainedReferenceNavigationFilterTests.Not_null_check_on_second_hop_matches_only_resolved_rows	Passed		
Ef373InterleavedPagingTests.Paging_below_all_joins_still_emits_both_lookups_above_the_paging(mode: Native)	Passed		
NativeOwnedCollectionAllTests.Owned_collection_All_goes_native	Failed	NativeOwnedCollectionAllTests.cs:line 244	MongoDB.Driver.MongoCommandException : Command aggregate failed: Executor error during aggregate command on namespace: EFTest-2026-10-01T13-10-40-17.Owned_collection_All_goes_native_2abe8530 :: caused by :: $allElementsTrue's argument must be an array, but is null.
NativeDistinctTests.Distinct_then_Where_matches_driver_linq	Passed		
NativeContainsTerminalTests.Entity_contains_goes_native	Passed		
NativeComputedBareProjectionTests.Bare_count_leaf_under_a_COMPOSED_slot_operator_answers_correctly	Failed	NativeComputedBareProjectionTests.cs:line 785	System.ArgumentException : Expression of type 'System.Collections.Generic.List`1[MongoDB.EntityFrameworkCore.FunctionalTests.Query.NativeComputedBareProjectionTests+Post]' cannot be used for parameter of type 'System.Linq.IQueryable`1[MongoDB.EntityFrameworkCore.FunctionalTests.Query.NativeComputedBareProjectionTests+Post]' of method 'Int32 Count[Post](System.Linq.IQueryable`1[MongoDB.EntityFramew
NativeOwnedCollectionCountTests.Count_result_equals_the_in_memory_oracle_for_every_array_length_and_state(name: "const-eq0", predicate: b => (b.Posts.Count == 0))	Failed	NativeOwnedCollectionCountTests.cs:line 960	MongoDB.Driver.MongoCommandException : Command aggregate failed: Executor error during aggregate command on namespace: EFTest-2026-10-01T13-10-40-15.diff_const-eq0_8f1715e0 :: caused by :: The argument to $size must be an array, but was of type: missing.
NativeOwnedCollectionCountTests.Constant_projection_leaf_is_safely_admitted_via_the_project_literal_wrap(leafKind: "captured-parameter")	Passed		
NativeReverseLastTests.Last_over_a_ThenBy_chain_flips_every_ordering	Passed		
NativeJoinTests.Inner_side_Where_that_declines_natively_throws_under_NativeOnly(shape: "Split")	Passed		
NativeGroupByTests.Post_group_terminal_all_over_a_get_type_comparison_declines_cleanly(equal: True)	Failed	NativeGroupByTests.cs:line 3529	System.InvalidOperationException : The LINQ expression 'DbSet<Order>() .GroupBy(o => o.Country) .Select(g => new { Key = g.Key, N = g .Count() }) .All(x => x.GetType() == (Type)MongoDB.EntityFrameworkCore.FunctionalTests.Query.NativeGroupByTests+Order)' could not be translated. Either rewrite the query in a form that can be translated, or switch to client evaluation explicitly by inserting a call 
NativeGroupByTests.Terminal_all_over_a_nullable_accumulator_is_false_for_an_all_null_group	Failed	NativeGroupByTests.cs:line 3037	System.InvalidOperationException : The LINQ expression 'DbSet<RankedOwner>() .Where(o => o.Name != "Cara") .GroupBy(o => o.Name) .All(g => g .Max(x => x.Rank) < (int?)100)' could not be translated. Either rewrite the query in a form that can be translated, or switch to client evaluation explicitly by inserting a call to 'AsEnumerable', 'AsAsyncEnumerable', 'ToList', or 'ToListAsync'. See https://g
NativeOwnedCollectionCountTests.Count_projection_through_an_owned_reference_hop_goes_native	Failed	NativeOwnedCollectionCountTests.cs:line 1037	System.ArgumentException : Expression of type 'System.Collections.Generic.List`1[MongoDB.EntityFrameworkCore.FunctionalTests.Query.NativeOwnedCollectionCountTests+Note]' cannot be used for parameter of type 'System.Linq.IQueryable`1[MongoDB.EntityFrameworkCore.FunctionalTests.Query.NativeOwnedCollectionCountTests+Note]' of method 'Int32 Count[Note](System.Linq.IQueryable`1[MongoDB.EntityFrameworkC
NativeGroupByOverJoinTests.Union_with_a_join_scope_second_operand_declines	Failed	NativeGroupByOverJoinTests.cs:line 1272	Assert.Contains() Failure: Sub-string not found String: "The LINQ expression 'DbSet<Order>()\n ."··· Not found: "cross-DbSet"
NativeGroupByOverJoinTests.Accumulator_condition_over_an_unmatched_left_join_side_declines(shape: "Where(pred).Sum()")	Passed		
NativeOwnedCollectionFilteredCountTests.Filtered_count_projection_equals_the_in_memory_oracle_for_every_array_and_element_state(name: "eq", selector: b => new TitleCount() {Title = b.Title, N = b.Posts.Count(p => (p.Rank == Convert(5, Nullable`1)))})	Failed	NativeOwnedCollectionFilteredCountTests.cs:line 1180	System.InvalidOperationException : The LINQ expression 'o' could not be translated. Either rewrite the query in a form that can be translated, or switch to client evaluation explicitly by inserting a call to 'AsEnumerable', 'AsAsyncEnumerable', 'ToList', or 'ToListAsync'. See https://go.microsoft.com/fwlink/?linkid=2101038 for more information.
NativeBareProjectionTests.Bare_projection_after_an_intersect_or_except_goes_native(mode: Native)	Failed	NativeBareProjectionTests.cs:line 717	System.InvalidOperationException : The LINQ expression 'DbSet<Blog>() .AsNoTracking() .Where(b => b.Rank <= 3) .Intersect(DbSet<Blog>() .AsNoTracking() .Where(b => b.Rank >= 3)) .Select(b => b.Title)' could not be translated. Either rewrite the query in a form that can be translated, or switch to client evaluation explicitly by inserting a call to 'AsEnumerable', 'AsAsyncEnumerable', 'ToList', or 
NativeDateTimeKindReadbackTests.Terminal_max_and_min_read_back_with_the_property_kind	Passed		
NativeComputedBareProjectionTests.Bare_cast_projection_leaf_goes_native_for_every_array_state	Passed		
QueryModeGateTests.NativeOnly_nullable_string_inequality_does_not_throw	Passed		
NativeCardinalityTests.Single_after_Take_of_one_returns_that_element	Passed		
NativeReferenceIncludeTests.Required_reference_Include_goes_native_with_an_inner_unwind	Passed		
NativeGroupByTests.GroupBy_Skip_then_HAVING_declines_instead_of_misordering	Failed	NativeGroupByTests.cs:line 1290	System.InvalidOperationException : The LINQ expression 'DbSet<Order>() .GroupBy(o => o.Country) .OrderBy(g => g.Key) .Skip(@p) .Where(g => g .Count() >= 2) .Select(g => new { Key = g.Key, Total = g .Count() })' could not be translated. Either rewrite the query in a form that can be translated, or switch to client evaluation explicitly by inserting a call to 'AsEnumerable', 'AsAsyncEnumerable', 'To
DateTimeOffsetMemberProjectionTests.Select_boxed_DateTimeOffset_ToString_matches_client_evaluation(mode: DriverLinq)	Failed	DateTimeOffsetMemberProjectionTests.cs:line 374	Assert.Equal() Failure: Strings differ ↓ (pos 0) Expected: "15/03/2024 13:45:30 -05:00" Actual: "{"DateTime":"2024-03-15T18:45:30.250Z","T"··· ↑ (pos 0)
NativeOwnedCollectionCountTests.Count_result_equals_the_in_memory_oracle_for_every_array_length_and_state(name: "const-ne2", predicate: b => (b.Posts.Count != 2))	Failed	NativeOwnedCollectionCountTests.cs:line 960	MongoDB.Driver.MongoCommandException : Command aggregate failed: Executor error during aggregate command on namespace: EFTest-2026-10-01T13-10-40-15.diff_const-ne2_e2fc82eb :: caused by :: The argument to $size must be an array, but was of type: missing.
NativeGroupByOverJoinTests.Non_null_propagating_computed_key_over_an_unmatched_left_join_side_declines(shape: "ToUpper")	Passed		
NativeJoinTests.Distinct_after_a_bare_Inner_entity_leaf_matches_oracle(mode: Native, shape: "Distinct")	Passed		
NativeAnonymousKeyJoinTests.String_key_stored_as_ObjectId_on_both_sides_stays_native_and_matches_oracle(mode: DriverLinq, explicitInstances: True)	Failed	NativeAnonymousKeyJoinTests.cs:line 585	MongoDB.Driver.Linq.ExpressionNotSupportedException : Expression not supported: o => new <>f__AnonymousType46`2(Zone = Field(o, "Zone", value(MongoDB.Bson.Serialization.Serializers.Int32Serializer)), Ref2 = Field(o, "Ref2", value(MongoDB.EntityFrameworkCore.Serializers.ValueConverterSerializer`2[System.String,MongoDB.Bson.ObjectId]))) because expression cannot be translated to a dotted field name.
NativeSetOpsTests.Count_after_projected_operand_union_falls_back_gracefully	Passed		
NativeJoinTests.Left_join_Where_with_an_Inner_null_check_conjunct_matches_oracle(mode: NativeOnly, shape: "ReferenceAnd")	Passed		
NativeCardinalityTests.All_bare_bool_with_failing_row_is_false_native	Passed		
NativeReferenceIncludeTests.A_real_ThenInclude_nested_underneath_an_embedded_hop_still_declines	Failed	NativeReferenceIncludeTests.cs:line 134	Assert.ThrowsAny() Failure: No exception was thrown Expected: typeof(System.Exception)
NativeCardinalityTests.FirstOrDefault_returns_first_and_goes_native	Passed		
NativeOwnedCollectionAllTests.Quantifier_result_equals_the_in_memory_oracle_for_every_element_and_array_state(name: "eq-null", predicate: b => b.Posts.All(p => (p.Rank == null)))	Failed	NativeOwnedCollectionAllTests.cs:line 568	MongoDB.Driver.MongoCommandException : Command aggregate failed: Executor error during aggregate command on namespace: EFTest-2026-10-01T13-10-40-17.diff_eq-null_c946968e :: caused by :: $allElementsTrue's argument must be an array, but is null.
NativeVectorSearchTests.Zero_results_logs_the_diagnostic_natively	Passed		
NativeOwnedCollectionAllTests.Quantifier_result_equals_the_in_memory_oracle_for_every_element_and_array_state(name: "lte", predicate: b => b.Posts.All(p => (p.Rank <= Convert(5, Nullable`1))))	Failed	NativeOwnedCollectionAllTests.cs:line 568	MongoDB.Driver.MongoCommandException : Command aggregate failed: Executor error during aggregate command on namespace: EFTest-2026-10-01T13-10-40-17.diff_lte_3d047a7c :: caused by :: $allElementsTrue's argument must be an array, but is null.
NativeComputedSortTests.Field_sort_emits_no_set	Passed		
NativeSetOperationProjectionTests.Concat_of_distinct_constant_and_column_declines	Passed		
NativeGroupByTests.GroupBy_OrderByDescending_aggregate_before_select_goes_native	Failed	NativeGroupByTests.cs:line 674	System.InvalidOperationException : The LINQ expression 'DbSet<Order>() .GroupBy(o => o.Country) .OrderByDescending(g => g .Count()) .ThenBy(g => g.Key) .Select(g => new { Key = g.Key, Count = g .Count() })' could not be translated. Either rewrite the query in a form that can be translated, or switch to client evaluation explicitly by inserting a call to 'AsEnumerable', 'AsAsyncEnumerable', 'ToList
Ef382ArrayContainsTests.Quantifier_over_array_contains_equals_the_in_memory_oracle(name: "all", predicate: o => o.Posts.All(p => p.Tags.Contains("keep")))	Passed		
NativeArrayProjectionTests.Array_leaf_alongside_a_count_leaf_declines_and_returns_correct_data_in_every_mode	Failed	NativeArrayProjectionTests.cs:line 576	System.ArgumentException : Expression of type 'System.Collections.Generic.List`1[MongoDB.EntityFrameworkCore.FunctionalTests.Query.NativeArrayProjectionTests+Post]' cannot be used for parameter of type 'System.Linq.IQueryable`1[MongoDB.EntityFrameworkCore.FunctionalTests.Query.NativeArrayProjectionTests+Post]' of method 'Int32 Count[Post](System.Linq.IQueryable`1[MongoDB.EntityFrameworkCore.Functi
NativeOwnedCollectionCountTests.Count_result_equals_the_in_memory_oracle_for_every_array_length_and_state(name: "param-lt3", predicate: b => (b.Posts.Count < value(NativeOwnedCollectionCountTests+<>c__DisplayClass61_0).t))	Failed	NativeOwnedCollectionCountTests.cs:line 960	MongoDB.Driver.MongoCommandException : Command aggregate failed: Executor error during aggregate command on namespace: EFTest-2026-10-01T13-10-40-15.diff_param-lt3_b8c42728 :: caused by :: The argument to $size must be an array, but was of type: missing.
NativeSetOpsTests.Projected_operand_union_over_collection_navigation_count_goes_native	Passed		
NativeJoinTests.First_after_a_confirmed_join_declines_cleanly_under_NativeOnly	Passed		
NativeVectorSearchTests.Entity_and_score_projection_behind_a_parameterized_filter_reads_correct_values	Failed	NativeVectorSearchTests.cs:line 215	Assert.Contains() Failure: Sub-string not found String: "Executed MQL query\nEFTest-2026-10-01T13-1"··· Not found: ""Doc" : "$$ROOT""
DateTimeOffsetMemberProjectionTests.Formatting_DateTimeOffset_throws(mode: DriverLinq)	Passed		
NativeGroupByTests.Push_list_of_the_grouping_key_property_goes_native	Failed	NativeGroupByTests.cs:line 3578	System.InvalidOperationException : The LINQ expression 'DbSet<Order>() .GroupBy(o => o.Country) .Select(g => new { Key = g.Key, Data = g .Select(e => e.Country) .ToList() })' could not be translated. Either rewrite the query in a form that can be translated, or switch to client evaluation explicitly by inserting a call to 'AsEnumerable', 'AsAsyncEnumerable', 'ToList', or 'ToListAsync'. See https:/
NativeReferenceCollectionCountPredicateTests.Include_ordered_Skip_Take_on_same_nav_as_count_predicate_returns_correct_data(mode: Native)	Failed	NativeReferenceCollectionCountPredicateTests.cs:line 380	System.InvalidOperationException : Unsupported cross-DbSet query between 'MongoDB.EntityFrameworkCore.FunctionalTests.Query.NativeReferenceCollectionCountPredicateTests+Owner' and 'MongoDB.EntityFrameworkCore.FunctionalTests.Query.NativeReferenceCollectionCountPredicateTests+Order'. The MongoDB EF Core Provider does not support this cross-collection query. Consider using Join, Include, or restruct
NativeOwnedCollectionCountTests.Count_result_equals_the_in_memory_oracle_for_every_array_length_and_state(name: "param-lt2", predicate: b => (b.Posts.Count < value(NativeOwnedCollectionCountTests+<>c__DisplayClass61_0).t))	Failed	NativeOwnedCollectionCountTests.cs:line 960	MongoDB.Driver.MongoCommandException : Command aggregate failed: Executor error during aggregate command on namespace: EFTest-2026-10-01T13-10-40-15.diff_param-lt2_281b5244 :: caused by :: The argument to $size must be an array, but was of type: missing.
NativeOwnedCollectionCountTests.Count_less_than_goes_native	Failed	NativeOwnedCollectionCountTests.cs:line 287	MongoDB.Driver.MongoCommandException : Command aggregate failed: Executor error during aggregate command on namespace: EFTest-2026-10-01T13-10-40-15.Count_less_than_goes_native_0c770ca1 :: caused by :: The argument to $size must be an array, but was of type: missing.
NativeStringPredicateProjectionTests.Bare_string_FirstOrDefault_is_correct_in_every_mode(mode: "NativeOnly")	Passed		
NativeComputedSortTests.Two_computed_keys	Passed		
NativeJoinScopeConditionalProjectionTests.Nav_null_check_ternary_over_a_two_level_LeftJoin_chain_matches_oracle(mode: Native, shape: "JoinThenLeftJoinResultSelectorTernary")	Failed	NativeJoinScopeConditionalProjectionTests.cs:line 467	Assert.Equal() Failure: Collections differ ↓ (pos 1) Expected: ["1:Western Europe", "2:<none>", "3:<none>"] Actual: ["1:Western Europe", "2:<null>", "3:<null>"] ↑ (pos 1)
NativeArrayProjectionTests.Array_leaf_in_a_projected_union_operand_with_a_shadow_key_element_falls_back_correctly	Failed	NativeArrayProjectionTests.cs:line 985	System.InvalidOperationException : Document element is missing for required non-nullable property 'Id'.
QueryModeGateTests.NativeOnly_take_before_skip_succeeds	Passed		
NativeCardinalityTests.Min_on_empty_nonnullable_throws	Passed		
NativeOwnedCollectionFilteredCountTests.Filtered_count_projection_equals_the_in_memory_oracle_for_every_array_and_element_state(name: "and", selector: b => new TitleCount() {Title = b.Title, N = b.Posts.Count(p => ((p.Rank > Convert(0, Nullable`1)) AndAlso (p.Rank < Convert(6, Nullable`1))))})	Failed	NativeOwnedCollectionFilteredCountTests.cs:line 1180	System.InvalidOperationException : The LINQ expression 'o' could not be translated. Either rewrite the query in a form that can be translated, or switch to client evaluation explicitly by inserting a call to 'AsEnumerable', 'AsAsyncEnumerable', 'ToList', or 'ToListAsync'. See https://go.microsoft.com/fwlink/?linkid=2101038 for more information.
NativeJoinTests.Inner_side_Where_that_declines_natively_throws_under_NativeOnly(shape: "ToString")	Passed		
NativeDistinctTests.Distinct_then_GroupBy_matches_driver_linq	Failed	NativeDistinctTests.cs:line 1610	System.InvalidOperationException : The LINQ expression 'DbSet<Order>() .Select(o => new { Country = o.Country, Year = o.Year }) .Distinct() .GroupBy(x => x.Country) .Select(g => new { Key = g.Key, Count = g .Count() })' could not be translated. Either rewrite the query in a form that can be translated, or switch to client evaluation explicitly by inserting a call to 'AsEnumerable', 'AsAsyncEnumera
NativeGroupByKeyCaseMappingTests.After_a_Where(mode: "Native")	Failed	NativeGroupByKeyCaseMappingTests.cs:line 307	System.InvalidOperationException : The LINQ expression 'DbSet<Row>() .AsNoTracking() .Where(x => x.Label != "value") .GroupBy(x => x.S) .Select(g => new { K = g.Key.ToUpper(), C = g .Count() })' could not be translated. Either rewrite the query in a form that can be translated, or switch to client evaluation explicitly by inserting a call to 'AsEnumerable', 'AsAsyncEnumerable', 'ToList', or 'ToLis
NativeJoinTests.Distinct_after_a_bare_Inner_entity_leaf_matches_oracle(mode: Native, shape: "DistinctOrderByTake")	Failed	NativeJoinTests.cs:line 991	Assert.Equal() Failure: Collections differ ↓ (pos 0) Expected: ["6abe4de9d82981d4d711da83:10", "6abe4de9d82981d4d711da84:20"] Actual: ["<null>", "<null>"] ↑ (pos 0)
NativeGroupByOverJoinTests.Concat_of_an_optional_navigation_join_scope_operand_filtered_on_a_matching_inner_value	Passed		
NativeReferenceIncludeTests.Optional_reference_Include_goes_native_with_a_left_outer_unwind	Passed		
NativeBoolBitwiseTests.Where_and_of_bare_bool_and_comparison	Passed		
NativeGroupByKeyCaseMappingTests.After_a_Where(mode: "NativeOnly")	Failed	NativeGroupByKeyCaseMappingTests.cs:line 307	System.InvalidOperationException : The LINQ expression 'DbSet<Row>() .AsNoTracking() .Where(x => x.Label != "value") .GroupBy(x => x.S) .Select(g => new { K = g.Key.ToUpper(), C = g .Count() })' could not be translated. Either rewrite the query in a form that can be translated, or switch to client evaluation explicitly by inserting a call to 'AsEnumerable', 'AsAsyncEnumerable', 'ToList', or 'ToLis
NativeGroupByTests.Post_group_order_by_declines_cleanly	Failed	NativeGroupByTests.cs:line 3334	System.InvalidOperationException : The LINQ expression 'DbSet<Order>() .GroupBy(o => o.Country) .Select(g => new { Land = g.Key, N = g .Count() }) .OrderBy(x => x.N) .ThenBy(x => x.Land)' could not be translated. Either rewrite the query in a form that can be translated, or switch to client evaluation explicitly by inserting a call to 'AsEnumerable', 'AsAsyncEnumerable', 'ToList', or 'ToListAsync'
NativeJoinTests.Join_result_matches_in_memory_oracle_including_unmatched_rows(query: Func`3 { Method = System.Linq.IQueryable`1[System.Object] <JoinOracleCases>b__76_1(System.Linq.IQueryable`1[NativeJoinTests+Owner], System.Linq.IQueryable`1[NativeJoinTests+Order]), Target = <>c { } }, goesNativeUnderNativeOnly: True)	Passed		
NativeComputedBareProjectionTests.Negate_over_a_collection_count_goes_native_wrapped_and_declines_bare	Failed	NativeComputedBareProjectionTests.cs:line 1202	System.ArgumentException : Expression of type 'System.Collections.Generic.List`1[MongoDB.EntityFrameworkCore.FunctionalTests.Query.NativeComputedBareProjectionTests+Post]' cannot be used for parameter of type 'System.Linq.IQueryable`1[MongoDB.EntityFrameworkCore.FunctionalTests.Query.NativeComputedBareProjectionTests+Post]' of method 'Int32 Count[Post](System.Linq.IQueryable`1[MongoDB.EntityFramew
NativeReverseLastTests.Reverse_over_descending_order_flips_to_ascending_in_the_emitted_sort	Failed	NativeReverseLastTests.cs:line 84	MongoDB.Driver.Linq.ExpressionNotSupportedException : Expression not supported: EFTest-2026-10-01T13-10-40-8.Reverse_over_descending_order_flips_to_ascending_in_the_emitted_sort_3867ce96.Aggregate([]).As(value(MongoDB.EntityFrameworkCore.Serializers.EntitySerializer`1[MongoDB.EntityFrameworkCore.FunctionalTests.Query.NativeReverseLastTests+ValueEntity])).OrderByDescending(v => v.Value).Reverse().
NativeOwnedCollectionCountTests.Count_greater_than_with_a_parameterized_threshold_goes_native(threshold: 2, expected: ["len3"])	Failed	NativeOwnedCollectionCountTests.cs:line 287	MongoDB.Driver.MongoCommandException : Command aggregate failed: Executor error during aggregate command on namespace: EFTest-2026-10-01T13-10-40-15.gt2_b4a703aa :: caused by :: The argument to $size must be an array, but was of type: missing.
NativeAnonymousKeyJoinTests.Single_member_anonymous_key_matches_null_to_null_and_missing(mode: NativeOnly)	Failed	NativeAnonymousKeyJoinTests.cs:line 314	MongoDB.Driver.Linq.ExpressionNotSupportedException : Expression not supported: s => new <>f__AnonymousType29`1(Region = Field(s, "Region", value(MongoDB.Bson.Serialization.Serializers.StringSerializer))) because expression cannot be translated to a dotted field name.
DateTimeOffsetMemberProjectionTests.Select_DateTimeOffset_ToString_consumed_by_server_computation_throws(mode: Native)	Failed	DateTimeOffsetMemberProjectionTests.cs:line 256	Assert.Throws() Failure: No exception was thrown Expected: typeof(System.InvalidOperationException)
NativeOwnedCollectionCountTests.Negated_count_comparison_goes_native	Failed	NativeOwnedCollectionCountTests.cs:line 287	MongoDB.Driver.MongoCommandException : Command aggregate failed: Executor error during aggregate command on namespace: EFTest-2026-10-01T13-10-40-15.Negated_count_comparison_goes_native_a7dd8c37 :: caused by :: The argument to $size must be an array, but was of type: missing.
NativeCastTests.Narrowing_integral_cast_sort_key_declines	Passed		
NativeGroupByTests.Push_list_of_owned_entity_elements_declines	Passed		
DateTimeOffsetMemberProjectionTests.Concatenating_DateTimeOffset_throws_instead_of_bson_json(shape: "nullable", mode: DriverLinq)	Failed	DateTimeOffsetMemberProjectionTests.cs:line 379	Assert.Throws() Failure: No exception was thrown Expected: typeof(System.InvalidOperationException)
NativeSetOpsTests.Where_after_projected_operand_union_falls_back_gracefully	Passed		
NativeComputedBareProjectionTests.Bare_count_projection_answers_correctly_on_the_LATE_decline_route	Failed	NativeComputedBareProjectionTests.cs:line 392	System.ArgumentException : Expression of type 'System.Collections.Generic.List`1[MongoDB.EntityFrameworkCore.FunctionalTests.Query.NativeComputedBareProjectionTests+Post]' cannot be used for parameter of type 'System.Linq.IQueryable`1[MongoDB.EntityFrameworkCore.FunctionalTests.Query.NativeComputedBareProjectionTests+Post]' of method 'Int32 Count[Post](System.Linq.IQueryable`1[MongoDB.EntityFramew
NativeOwnedCollectionCountTests.Count_greater_than_or_equal_goes_native	Failed	NativeOwnedCollectionCountTests.cs:line 287	MongoDB.Driver.MongoCommandException : Command aggregate failed: Executor error during aggregate command on namespace: EFTest-2026-10-01T13-10-40-15.Count_greater_than_or_equal_goes_native_10c071a1 :: caused by :: The argument to $size must be an array, but was of type: missing.
NativeJoinTests.Left_join_Where_with_an_Inner_null_check_conjunct_matches_oracle(mode: DriverLinq, shape: "CollectionNullCheckOnly")	Passed		
NativeSetOpsTests.Union_inside_Concat_goes_native	Passed		
NativeSetOpsTests.Distinct_after_projected_operand_except_hard_fails_in_every_mode(mode: DriverLinq)	Passed		
NativeGroupByOverJoinTests.Null_guarded_string_projection_over_an_unmatched_left_join_side(shape: "Substring", expected: "Alice:N|Alice:N|Bob:S|Cara:N|Dora:<null>")	Failed	NativeGroupByOverJoinTests.cs:line 1057	Assert.Equal() Failure: Strings differ ↓ (pos 34) Expected: "Alice:N|Alice:N|Bob:S|Cara:N|Dora:<null>" Actual: "Alice:N|Alice:N|Bob:S|Cara:N|Dora:"
NativeGroupByOverJoinTests.Concat_of_a_join_scope_operand_with_paging_deferred_past_the_lookup	Passed		
NativeCardinalityTests.Average_over_nullable_int_ignores_nulls	Passed		
NativeOwnedCollectionCorrelatedTests.Correlated_Any_and_All_are_correct_against_an_in_memory_oracle	Passed		
NativeGroupByTests.GroupBy_then_bare_Count_goes_native	Failed	NativeGroupByTests.cs:line 1153	System.InvalidOperationException : The LINQ expression 'DbSet<Order>() .GroupBy(o => o.Country) .Count()' could not be translated. Either rewrite the query in a form that can be translated, or switch to client evaluation explicitly by inserting a call to 'AsEnumerable', 'AsAsyncEnumerable', 'ToList', or 'ToListAsync'. See https://go.microsoft.com/fwlink/?linkid=2101038 for more information.
NativeJoinTests.Left_join_Where_with_an_Inner_null_check_conjunct_matches_oracle(mode: NativeOnly, shape: "ReferenceAndReversed")	Passed		
NativeGateRoutingTests.B_owned_subproperty_where_equals_parity	Passed		
NativeOwnedCollectionCountTests.Count_result_equals_the_in_memory_oracle_for_every_array_length_and_state(name: "longcount-gt1", predicate: b => (b.Posts.LongCount() > 1))	Failed	NativeOwnedCollectionCountTests.cs:line 960	MongoDB.Driver.MongoCommandException : Command aggregate failed: Executor error during aggregate command on namespace: EFTest-2026-10-01T13-10-40-15.diff_longcount-gt1_9fb6cd17 :: caused by :: The argument to $size must be an array, but was of type: missing.
NativeGroupByTests.GroupBy_HAVING_on_accumulator_before_select_goes_native_under_native_only	Failed	NativeGroupByTests.cs:line 2007	System.InvalidOperationException : The LINQ expression 'DbSet<Order>() .GroupBy(o => o.Country) .Where(g => g .Count() > 1) .Select(g => new { Key = g.Key, Count = g .Count() })' could not be translated. Either rewrite the query in a form that can be translated, or switch to client evaluation explicitly by inserting a call to 'AsEnumerable', 'AsAsyncEnumerable', 'ToList', or 'ToListAsync'. See htt
NativeSetOpsTests.GroupBy_operand_with_order_only_before_terminal_select_declines_and_stays_correct	Failed	NativeSetOpsTests.cs:line 1260	System.InvalidOperationException : The LINQ expression 'DbSet<Item>() .Where(i => i.Value <= 3) .GroupBy(i => i.Value) .OrderBy(g => g.Key) .Select(g => new { Key = g.Key, Count = g .Count() }) .Concat(DbSet<Item>() .Where(i => i.Value >= 3) .GroupBy(i => i.Value) .Select(g => new { Key = g.Key, Count = g .Count() }))' could not be translated. Either rewrite the query in a form that can be transla
NativeOwnedReferenceWholeEntityTests.Owned_reference_entity_leaf_in_anonymous_type_with_Union(mode: Native)	Failed	NativeOwnedReferenceWholeEntityTests.cs:line 903	System.InvalidOperationException : The LINQ expression 'ProjectionBindingExpression: Title' could not be translated. Either rewrite the query in a form that can be translated, or switch to client evaluation explicitly by inserting a call to 'AsEnumerable', 'AsAsyncEnumerable', 'ToList', or 'ToListAsync'. See https://go.microsoft.com/fwlink/?linkid=2101038 for more information.
NativeJoinScopeConditionalProjectionTests.Bare_nav_null_check_ternary_over_a_two_level_chain_matches_oracle(mode: NativeOnly)	Failed	NativeJoinScopeConditionalProjectionTests.cs:line 192	Assert.Equal() Failure: Collections differ ↓ (pos 1) Expected: ["Western Europe", "<none>"] Actual: ["Western Europe", null] ↑ (pos 1)
DateTimeOffsetMemberProjectionTests.Concatenating_DateTimeOffset_throws_instead_of_bson_json(shape: "concat_two", mode: DriverLinq)	Failed	DateTimeOffsetMemberProjectionTests.cs:line 379	Assert.Throws() Failure: No exception was thrown Expected: typeof(System.InvalidOperationException)
NativeGroupByTests.GroupBy_then_Any_with_count_predicate_matching_nothing_goes_native	Failed	NativeGroupByTests.cs:line 1203	System.InvalidOperationException : The LINQ expression 'DbSet<Order>() .GroupBy(o => o.Country) .Any(g => g .Count() > 10)' could not be translated. Either rewrite the query in a form that can be translated, or switch to client evaluation explicitly by inserting a call to 'AsEnumerable', 'AsAsyncEnumerable', 'ToList', or 'ToListAsync'. See https://go.microsoft.com/fwlink/?linkid=2101038 for more i
QueryModeGateTests.NativeOnly_order_after_take_succeeds	Passed		
DateTimeOffsetMemberProjectionTests.Select_DateTimeOffset_ToString_format_matches_client_evaluation(mode: DriverLinq)	Failed	DateTimeOffsetMemberProjectionTests.cs:line 216	MongoDB.Driver.Linq.ExpressionNotSupportedException : Expression not supported: d.DateTimeOffset.ToString("o").
NativeMaterializerNullabilityTests.Nullable_non_key_string_length_expression_projection_goes_native_and_throws_on_null	Failed	NativeMaterializerNullabilityTests.cs:line 358	Assert.Throws() Failure: Exception type was not an exact match Expected: typeof(System.InvalidOperationException) Actual: typeof(MongoDB.Driver.MongoCommandException) ---- MongoDB.Driver.MongoCommandException : Command aggregate failed: Executor error during aggregate command on namespace: EFTest-2026-10-01T13-10-40-20.Nullable_non_key_string_length_expression_projection_goes_native_and_throws_on_
NativeSetOperationProjectionTests.Concat_of_dollar_string_constant_and_string_constant_goes_native	Passed		
DateTimeOffsetMemberProjectionTests.Concatenating_DateTimeOffset_throws_instead_of_bson_json(shape: "nullable", mode: Native)	Failed	DateTimeOffsetMemberProjectionTests.cs:line 379	Assert.Throws() Failure: No exception was thrown Expected: typeof(System.InvalidOperationException)
NativeGroupByTests.Post_group_where_over_a_guid_key_alias_declines_cleanly	Failed	NativeGroupByTests.cs:line 3437	System.InvalidOperationException : The LINQ expression 'DbSet<Order>() .GroupBy(o => o.ExternalId) .Select(g => new { E = g.Key, N = g .Count() }) .Where(x => x.E == 00000000-0000-0000-0000-000000000000)' could not be translated. Either rewrite the query in a form that can be translated, or switch to client evaluation explicitly by inserting a call to 'AsEnumerable', 'AsAsyncEnumerable', 'ToList',
NativeSetOperationProjectionTests.Union_of_constant_and_computed_scalar_goes_native	Passed		
NativeGroupByCtorProjectionTests.GroupBy_select_with_member_init_dto_key_with_renamed_element_declines_to_driver_linq	Failed	NativeGroupByCtorProjectionTests.cs:line 172	System.InvalidOperationException : The LINQ expression 'DbSet<Order>() .GroupBy(o => new RenamedElementCustomerKey{ CustomerId = o.CustomerId, EmployeeId = o.EmployeeId } ) .Select(g => new { Sum = g .Sum(o => o.Total), Key = g.Key })' could not be translated. Either rewrite the query in a form that can be translated, or switch to client evaluation explicitly by inserting a call to 'AsEnumerable',
NativeOwnedCollectionCountTests.Count_result_equals_the_in_memory_oracle_for_every_array_length_and_state(name: "param-ne3", predicate: b => (b.Posts.Count != value(NativeOwnedCollectionCountTests+<>c__DisplayClass61_0).t))	Failed	NativeOwnedCollectionCountTests.cs:line 960	MongoDB.Driver.MongoCommandException : Command aggregate failed: Executor error during aggregate command on namespace: EFTest-2026-10-01T13-10-40-15.diff_param-ne3_839c01fa :: caused by :: The argument to $size must be an array, but was of type: missing.
NativeMaterializerNullabilityTests.Selector_aggregate_over_distinct_nullable_string_length_declines(op: "Min")	Passed		
NativeSetOpsTests.Paging_after_union_goes_native	Passed		
NativeJoinTests.Reference_included_whole_entity_leaf_goes_native_and_matches_the_oracle(shape: "MixedWithCollectionInclude")	Passed		
NativeCardinalityTests.SingleOrDefault_with_two_matches_throws_more_than_one	Passed		
NativeJoinTests.Distinct_after_a_bare_Inner_entity_leaf_matches_oracle(mode: NativeOnly, shape: "DistinctCount")	Passed		
NativeChainedReferenceNavigationFilterTests.Paging_after_a_first_hop_filter_then_a_second_hop_filter	Failed	NativeChainedReferenceNavigationFilterTests.cs:line 175	System.NotSupportedException : A 'Skip', 'Take', or 'Distinct' operator composed between two cross-collection joins (e.g. from 'Include'/'ThenInclude' or an explicit 'Join') is not supported. Move the operator so that it is not interleaved between the joins.
NativeReferenceCollectionCountPredicateTests.Differential_native_result_matches_in_memory_oracle_across_related_row_counts	Failed	NativeReferenceCollectionCountPredicateTests.cs:line 116	System.InvalidOperationException : Unsupported cross-DbSet query between 'MongoDB.EntityFrameworkCore.FunctionalTests.Query.NativeReferenceCollectionCountPredicateTests+Owner' and 'MongoDB.EntityFrameworkCore.FunctionalTests.Query.NativeReferenceCollectionCountPredicateTests+Order'. The MongoDB EF Core Provider does not support this cross-collection query. Consider using Join, Include, or restruct
NativeGroupByTests.Post_group_where_after_a_nested_group_by_declines_cleanly	Failed	NativeGroupByTests.cs:line 3368	System.InvalidOperationException : The LINQ expression 'DbSet<Order>() .GroupBy(o => o.Country) .Select(g => new { Land = g.Key, N = g .Count() }) .GroupBy(x => x.N) .Select(g => new { Key = g.Key, M = g .Count() }) .Where(x => x.M > 1)' could not be translated. Either rewrite the query in a form that can be translated, or switch to client evaluation explicitly by inserting a call to 'AsEnumerable
NativeCardinalityTests.All_after_Take_goes_native_and_is_correct	Passed		
NativeOwnedCollectionCorrelatedTests.Correlated_Any_over_an_AndAlso_wrapped_value_converted_outer_bool_declines_instead_of_answering_wrong	Passed		
Ef425InterposedCollectionOperatorTests.Owned_collection_Select_with_no_interposed_operator_is_a_driver_linq_fallback	Passed		
NativeConditionalAndDateTimeTests.TimeOfDay_member_Intersect_with_TimeOfDay_matches_the_oracle	Failed	NativeConditionalAndDateTimeTests.cs:line 579	System.InvalidOperationException : The LINQ expression 'DbSet<TimeRow>() .AsNoTracking() .Where(x => x.Label != "a") .Select(x => new { T = x.When.TimeOfDay }) .Intersect(DbSet<TimeRow>() .AsNoTracking() .Where(x => x.Label != "d") .Select(x => new { T = x.When.TimeOfDay }))' could not be translated. Either rewrite the query in a form that can be translated, or switch to client evaluation explicit
NativeDateTimeKindReadbackTests.TimeOfDay_projection_over_a_local_kind_property_declines	Failed	NativeDateTimeKindReadbackTests.cs:line 191	Assert.Throws() Failure: No exception was thrown Expected: typeof(System.InvalidOperationException)
NativeDistinctTests.Distinct_then_Count_matches_driver_linq	Passed		
NativeJoinScopeConditionalProjectionTests.Bare_nav_null_check_ternary_over_a_reference_join_matches_oracle(mode: NativeOnly)	Passed		
NativeCastTests.Enum_as_string_comparison_goes_native_and_returns_the_right_values	Passed		
NativeComputedProjectionTests.Mixed_whole_entity_and_scalar_member_leaf_works_in_every_mode(mode: NativeOnly)	Passed		
NativeGroupByTests.GroupBy_then_Single_matches_driver_linq	Failed	NativeGroupByTests.cs:line 1070	System.InvalidOperationException : The LINQ expression 'DbSet<Order>() .GroupBy(o => o.Country) .Select(g => new { Country = g.Key, Total = g .Sum(o => o.Amount) }) .Single(x => x.Country == "UK")' could not be translated. Either rewrite the query in a form that can be translated, or switch to client evaluation explicitly by inserting a call to 'AsEnumerable', 'AsAsyncEnumerable', 'ToList', or 'To
NativeGroupByOverJoinTests.Concat_of_a_join_scope_operand_filtered_on_a_matching_inner_value_keeps_duplicates	Passed		
NativeCastTests.Constant_leaf_now_goes_native_via_the_project_literal_wrap	Passed		
NativeOwnedCollectionAllTests.Quantifier_result_equals_the_in_memory_oracle_for_every_element_and_array_state(name: "negated-all", predicate: b => Not(b.Posts.All(p => (p.Rank > Convert(5, Nullable`1)))))	Failed	NativeOwnedCollectionAllTests.cs:line 568	MongoDB.Driver.MongoCommandException : Command aggregate failed: Executor error during aggregate command on namespace: EFTest-2026-10-01T13-10-40-17.diff_negated-all_f0350979 :: caused by :: $allElementsTrue's argument must be an array, but is null.
NativeGroupByKeyCaseMappingTests.Element_selector_overload(mode: "DriverLinq")	Failed	NativeGroupByKeyCaseMappingTests.cs:line 303	Assert.Contains() Failure: Sub-string not found String: "The LINQ expression 'DbSet<Row>()\n .As"··· Not found: "$toUpper/$toLower"
NativeJoinTests.Reference_Include_with_a_ThenInclude_on_a_join_scope_leaf_falls_back_with_correct_data(shape: "ReferenceThenCollection")	Passed		
NativeGroupByTests.Push_array_and_list_of_numeric_elements_go_native	Failed	NativeGroupByTests.cs:line 3591	System.InvalidOperationException : The LINQ expression 'DbSet<Order>() .GroupBy(o => o.Country) .Select(g => new { Key = g.Key, Years = g .Select(e => e.Year) .ToArray(), Amounts = g .Select(e => e.Amount) .ToList() })' could not be translated. Either rewrite the query in a form that can be translated, or switch to client evaluation explicitly by inserting a call to 'AsEnumerable', 'AsAsyncEnumera
NativeOwnedCollectionCountTests.A_primitive_collection_Count_declines_and_falls_back_to_correct_rows	Passed		
NativeMaterializerNullabilityTests.Nullable_cast_of_nullable_string_length_reads_null	Failed	NativeMaterializerNullabilityTests.cs:line 445	MongoDB.Driver.MongoCommandException : Command aggregate failed: Executor error during aggregate command on namespace: EFTest-2026-10-01T13-10-40-20.Nullable_cast_of_nullable_string_length_reads_null :: caused by :: $strLenCP requires a string argument, found: null.
NativeMaterializerNullabilityTests.Explicit_null_on_non_nullable_reference_scalar_throws_under_native_matching_driver(element: "Name")	Passed		
NativeArrayProjectionTests.Array_leaf_in_a_projected_concat_operand_is_declined_and_falls_back_with_correct_data	Passed		
NativeGroupByOverJoinTests.Null_propagating_value_over_an_unmatched_left_join_side_stays_native(shape: "IndexOf", expected: "1:4|<null>:1")	Failed	NativeGroupByOverJoinTests.cs:line 1099	System.InvalidOperationException : The LINQ expression 'DbSet<Owner>() .GroupJoin( inner: DbSet<Order>(), outerKeySelector: w => w.Id, innerKeySelector: o => o.OwnerId, resultSelector: (w, gj) => new { w = w, gj = gj }) .SelectMany( collectionSelector: <>h__TransparentIdentifier0 => <>h__TransparentIdentifier0.gj .DefaultIfEmpty(), resultSelector: (<>h__TransparentIdentifier0, o) => new { w = <>h_
QueryModeGateTests.DriverLinq_mode_never_uses_native_pipeline	Passed		
NativeGroupByTests.Nested_GroupBy_preserves_first_level_HAVING_matches_driver_linq	Failed	NativeGroupByTests.cs:line 2096	System.InvalidOperationException : The LINQ expression 'DbSet<Order>() .GroupBy(o => o.Country) .Where(g => g .Count() > 1) .Select(g => new { Key = g.Key, C = g .Count() }) .GroupBy(x => x.C) .Select(g => new { Key = g.Key, Count = g .Count() })' could not be translated. Either rewrite the query in a form that can be translated, or switch to client evaluation explicitly by inserting a call to 'As
NativeOwnedCollectionAllTests.Owned_collection_All_multi_condition_requires_every_element_to_satisfy_all_conditions	Passed		
NativeMaterializerNullabilityTests.Min_max_average_over_nullable_string_length_projection_decline(op: "Min")	Passed		
NativeGroupByKeyCaseMappingTests.Case_mapping_elsewhere_in_a_grouped_query_throws(mode: "NativeOnly")	Failed	NativeGroupByKeyCaseMappingTests.cs:line 307	System.InvalidOperationException : The LINQ expression 'DbSet<Row>() .AsNoTracking() .Where(x => x.S.ToUpper() == "ÉCOLE") .GroupBy(x => x.S) .Select(g => new { Key = g.Key, C = g .Count() })' could not be translated. Either rewrite the query in a form that can be translated, or switch to client evaluation explicitly by inserting a call to 'AsEnumerable', 'AsAsyncEnumerable', 'ToList', or 'ToListA
NativeDateTimeKindReadbackTests.Date_part_over_a_local_kind_property_is_correct_or_loud_in_every_mode(shape: "Select_Year_Month_Day")	Passed		
NativeJoinScopeNestedProjectionTests.Nested_projection_over_reference_include_matches_oracle(mode: Native)	Passed		
NativeOwnedCollectionCountTests.Count_result_equals_the_in_memory_oracle_for_every_array_length_and_state(name: "param-gte3", predicate: b => (b.Posts.Count >= value(NativeOwnedCollectionCountTests+<>c__DisplayClass61_0).t))	Failed	NativeOwnedCollectionCountTests.cs:line 960	MongoDB.Driver.MongoCommandException : Command aggregate failed: Executor error during aggregate command on namespace: EFTest-2026-10-01T13-10-40-15.diff_param-gte3_97ad786c :: caused by :: The argument to $size must be an array, but was of type: missing.
NativeOwnedCollectionCountTests.Count_result_equals_the_in_memory_oracle_for_every_array_length_and_state(name: "any-bare", predicate: b => b.Posts.Any())	Failed	NativeOwnedCollectionCountTests.cs:line 960	MongoDB.Driver.MongoCommandException : Command aggregate failed: Executor error during aggregate command on namespace: EFTest-2026-10-01T13-10-40-15.diff_any-bare_c5fe5d7d :: caused by :: The argument to $size must be an array, but was of type: missing.
NativeJoinScopeConditionalProjectionTests.Nav_null_check_ternary_over_a_two_level_LeftJoin_chain_matches_oracle(mode: DriverLinq, shape: "TwoHopNavigationWrappedTernary")	Failed	NativeJoinScopeConditionalProjectionTests.cs:line 467	Assert.Equal() Failure: Collections differ ↓ (pos 1) Expected: ["1:Western Europe", "2:<none>", "3:<none>", "4:<none>"] Actual: ["1:Western Europe", "2:<null>", "3:<null>", "4:<null>"] ↑ (pos 1)
NativeMaterializerNullabilityTests.Selectorless_aggregate_over_distinct_nullable_string_length_declines(op: "Max")	Passed		
NativeComputedBareProjectionTests.Narrowing_cast_over_arithmetic_stays_declined	Passed		
NativeDateTimeKindReadbackTests.Date_part_over_a_utc_kind_property_still_works(shape: "Select_Year_Month_Day")	Passed		
QueryModeGateTests.NativeOnly_regex_metacharacters_are_escaped	Passed		
NativeSetOpsTests.OfType_after_union_falls_back	Passed		
DateTimeOffsetMemberProjectionTests.Concatenating_DateTimeOffset_throws_instead_of_bson_json(shape: "concat_three", mode: NativeOnly)	Passed		
NativeDistinctTests.Wrapped_projection_Distinct_then_Sum_goes_native	Passed		
NativeSetOpsTests.Distinct_operand_union_matches_driver_linq	Passed		
NativeDistinctTests.Bare_scalar_value_converted_enum_Distinct_then_relational_Where_is_refused	Failed	NativeDistinctTests.cs:line 479	Assert.NotNull() Failure: Value is null
DateTimeOffsetMemberProjectionTests.Select_DateTimeOffset_DateTime_component_with_string_representation_throws	Failed	DateTimeOffsetMemberProjectionTests.cs:line 145	Assert.Throws() Failure: Exception type was not an exact match Expected: typeof(System.NotSupportedException) Actual: typeof(MongoDB.Driver.Linq.ExpressionNotSupportedException) ---- MongoDB.Driver.Linq.ExpressionNotSupportedException : Expression not supported: d.DateTimeOffset.DateTime because serializer for System.DateTimeOffset does not represent members as fields..
NativeGroupByTests.Push_list_of_a_computed_element_goes_native	Failed	NativeGroupByTests.cs:line 3619	System.InvalidOperationException : The LINQ expression 'DbSet<Order>() .GroupBy(o => o.Country) .Select(g => new { Key = g.Key, Doubled = g .Select(e => e.Amount * 2) .ToList() })' could not be translated. Either rewrite the query in a form that can be translated, or switch to client evaluation explicitly by inserting a call to 'AsEnumerable', 'AsAsyncEnumerable', 'ToList', or 'ToListAsync'. See h
NativeDateTimeKindReadbackTests.Date_part_over_a_utc_kind_property_still_works(shape: "Select_AddDays")	Passed		
NativeComputedBareProjectionTests.Whole_entity_materialization_is_the_oracle_for_every_array_state	Passed		
NativeOwnedCollectionFilteredCountTests.Quantifier_over_ragged_elements_equals_the_hand_and_in_memory_oracles(name: "correlated_all_gte", predicate: b => b.Posts.All(p => ((p.Rank >= Convert(-6, Nullable`1)) AndAlso (p.Title != b.Title))), expected: ["all_neg", "empty", "missing", "null", "pos_neg"])	Failed	NativeOwnedCollectionFilteredCountTests.cs:line 1442	MongoDB.Driver.MongoCommandException : Command aggregate failed: Executor error during aggregate command on namespace: EFTest-2026-10-01T13-10-40-14.quant_correlated_all_gte_96eec00b :: caused by :: $allElementsTrue's argument must be an array, but is null.
NativeDistinctTests.Bare_scalar_value_converted_Distinct_then_Where_on_bare_parameter_goes_native	Passed		
NativeDistinctTests.Converted_Distinct_set_ops_over_the_same_property_go_native	Passed		
NativeMaterializerNullabilityTests.GroupBy_over_distinct_nullable_string_length_declines(shape: "Min")	Passed		
NativeGroupByOverJoinTests.Navigation_dereferenced_inside_an_accumulator_declines_cleanly	Passed		
NativeOwnedCollectionCountTests.Count_predicate_matches_driver_linq_on_well_formed_rows	Passed		
NativeDocumentConstructionProjectionTests.Document_construction_leaf_goes_native_and_reads_correct_values	Passed		
NativeDocumentConstructionProjectionTests.Join_scope_ternary_over_constructions_the_class_map_reads_by_name_goes_native_with_parity	Passed		
NativeCardinalityTests.Sum_on_empty_is_zero	Passed		
NativeAnonymousKeyJoinTests.EF_Property_members_are_simple_properties(mode: NativeOnly)	Failed	NativeAnonymousKeyJoinTests.cs:line 332	MongoDB.Driver.Linq.ExpressionNotSupportedException : Expression not supported: s => new <>f__AnonymousType30`2(Region = Field(s, "Region", value(MongoDB.Bson.Serialization.Serializers.StringSerializer)), Zone = Field(s, "Zone", value(MongoDB.Bson.Serialization.Serializers.Int32Serializer))) because expression cannot be translated to a dotted field name.
DateTimeOffsetMemberProjectionTests.Concatenating_DateTimeOffset_throws_instead_of_bson_json(shape: "nested", mode: NativeOnly)	Passed		
NativeCastTests.Widening_cast_projection_leaf_now_goes_native	Passed		
NativeGroupByKeyCaseMappingTests.Case_mapping_elsewhere_in_a_grouped_query_throws(mode: "Native")	Failed	NativeGroupByKeyCaseMappingTests.cs:line 303	Assert.Contains() Failure: Sub-string not found String: "The LINQ expression 'DbSet<Row>()\n .As"··· Not found: "$toUpper/$toLower"
NativeLocalCollectionContainsTests.Tuple_parameter_array_contains_constructed_tuple_goes_native	Passed		
DateTimeOffsetMemberProjectionTests.Concatenating_DateTimeOffset_throws_instead_of_bson_json(shape: "concat_array", mode: Native)	Failed	DateTimeOffsetMemberProjectionTests.cs:line 379	Assert.Throws() Failure: No exception was thrown Expected: typeof(System.InvalidOperationException)
NativeGroupByTests.GroupBy_OrderBy_aggregate_before_select_goes_native	Failed	NativeGroupByTests.cs:line 636	System.InvalidOperationException : The LINQ expression 'DbSet<Order>() .GroupBy(o => o.Country) .OrderBy(g => g .Count()) .ThenBy(g => g.Key) .Select(g => new { Key = g.Key, Count = g .Count() })' could not be translated. Either rewrite the query in a form that can be translated, or switch to client evaluation explicitly by inserting a call to 'AsEnumerable', 'AsAsyncEnumerable', 'ToList', or 'ToL
NativeSetOpsTests.Op_after_projected_operand_intersect_hard_fails_in_every_mode(mode: Native)	Passed		
NativeDateTimeKindReadbackTests.Date_part_over_a_local_kind_property_throws_in_every_mode(shape: "Where_Hour")	Failed	NativeDateTimeKindReadbackTests.cs:line 716	Assert.Throws() Failure: No exception was thrown Expected: typeof(System.InvalidOperationException)
NativeGroupByTests.Post_group_bare_accumulator_alias_all_is_false_for_an_all_null_group	Failed	NativeGroupByTests.cs:line 3055	System.InvalidOperationException : The LINQ expression 'DbSet<RankedOwner>() .Where(o => o.Name != "Cara") .GroupBy(o => o.Name) .Select(g => g .Max(x => x.Rank)) .All(v => v < (int?)100)' could not be translated. Either rewrite the query in a form that can be translated, or switch to client evaluation explicitly by inserting a call to 'AsEnumerable', 'AsAsyncEnumerable', 'ToList', or 'ToListAsync
NativeDistinctTests.Distinct_then_Count_with_unrelated_computed_predicate_falls_back_under_native_only	Passed		
NativeGateRoutingTests.C_tph_oftype_derived_parity	Passed		
NativeDistinctTests.Distinct_then_Where_then_Sum_with_selector_matches_driver_linq	Passed		
NativeGroupByTests.GroupBy_OrderBy_key_before_select_goes_native	Failed	NativeGroupByTests.cs:line 600	System.InvalidOperationException : The LINQ expression 'DbSet<Order>() .GroupBy(o => o.Country) .OrderBy(g => g.Key) .Select(g => new { Key = g.Key, Count = g .Count() })' could not be translated. Either rewrite the query in a form that can be translated, or switch to client evaluation explicitly by inserting a call to 'AsEnumerable', 'AsAsyncEnumerable', 'ToList', or 'ToListAsync'. See https://go
NativeJoinTests.Whole_inner_entity_leaf_that_is_also_collection_included_goes_native_under_a_left_join	Failed	NativeJoinTests.cs:line 1859	System.InvalidOperationException : Document element is missing for required non-nullable property 'Id'.
Ef373InterleavedPagingTests.Paging_between_two_transparent_identifier_joins_matches_oracle(mode: Native, shape: "WrappedBothScopes")	Failed	Ef373InterleavedPagingTests.cs:line 254	System.NotSupportedException : A 'Skip', 'Take', or 'Distinct' operator composed between two cross-collection joins (e.g. from 'Include'/'ThenInclude' or an explicit 'Join') is not supported. Move the operator so that it is not interleaved between the joins.
DateTimeOffsetMemberProjectionTests.Select_optional_DateTimeOffset_Value_DateTime_Date_component	Failed	DateTimeOffsetMemberProjectionTests.cs:line 110	MongoDB.Driver.Linq.ExpressionNotSupportedException : Expression not supported: d.OptionalDateTimeOffset.Value.DateTime because serializer for System.DateTimeOffset does not represent members as fields..
Ef382ArrayContainsTests.Whole_collection_value_converted_array_contains_declines_at_translate_time	Passed		
NativeCastTests.Field_to_field_cast_over_a_default_serialized_property_still_goes_native	Passed		
NativeReferenceIncludeTests.Sibling_reference_Includes_go_native_with_correct_data	Passed		
NativeDocumentConstructionProjectionTests.Bare_ternary_reading_one_field_under_two_members_goes_native_with_parity	Passed		
NativeCardinalityTests.Average_over_nullable_float_with_no_values_is_null	Passed		
NativeConditionalAndDateTimeTests.TimeOfDay_in_a_filter_declines	Passed		
NativeDistinctTests.Distinct_then_Where_with_ToUpper_on_renamed_member_resolves_against_the_distinct_alias	Passed		
NativeMaterializerNullabilityTests.Nullable_string_scalar_behind_non_nullable_type_throws_on_null_row(shape: "IndexOf")	Failed	NativeMaterializerNullabilityTests.cs:line 358	Assert.Throws() Failure: Exception type was not an exact match Expected: typeof(System.InvalidOperationException) Actual: typeof(System.FormatException) ---- System.FormatException : An error occurred while deserializing the I property of class <>f__AnonymousType283`1[[System.Int32, System.Private.CoreLib, Version=10.0.0.0, Culture=neutral, PublicKeyToken=7cec85d7bea7798e]]: Cannot deserialize a '
NativeJoinTests.Reducer_after_a_bare_Inner_entity_leaf_over_a_join_returns_the_joined_row(mode: DriverLinq, reducer: "Single")	Passed		
NativeJoinTests.Left_join_Where_with_an_Inner_null_check_conjunct_matches_oracle(mode: Native, shape: "CollectionAnd")	Passed		
NativeGroupByTests.GroupBy_select_with_doubly_nested_construction_goes_native	Failed	NativeGroupByTests.cs:line 2587	System.InvalidOperationException : The LINQ expression 'DbSet<Order>() .GroupBy(o => new { }) .Select(g => new OuterNestedWrapper{ Mid = new MidNestedWrapper{ Inner = new NestedAggregateContainer{ Name = "Deep", Value = (object)g .Sum(o => o.Amount) } } } )' could not be translated. Either rewrite the query in a form that can be translated, or switch to client evaluation explicitly by inserting a 
NativeGroupByTests.GroupBy_select_with_nested_construction_int_constant_matches_in_memory_linq	Failed	NativeGroupByTests.cs:line 2753	System.InvalidOperationException : The LINQ expression 'DbSet<Order>() .GroupBy(o => new { }) .Select(g => new NestedConstantWrapper{ Container = new NestedConstantContainer{ IntConstant = 7, Sum = g .Sum(o => o.Amount) } } )' could not be translated. Either rewrite the query in a form that can be translated, or switch to client evaluation explicitly by inserting a call to 'AsEnumerable', 'AsAsync
NativeCardinalityTests.SingleOrDefault_on_empty_returns_null	Passed		
Ef373InterleavedPagingTests.Paging_between_two_transparent_identifier_joins_matches_oracle(mode: DriverLinq, shape: "WrappedSkip")	Failed	Ef373InterleavedPagingTests.cs:line 246	System.NotSupportedException : A 'Skip', 'Take', or 'Distinct' operator composed between two cross-collection joins (e.g. from 'Include'/'ThenInclude' or an explicit 'Join') is not supported. Move the operator so that it is not interleaved between the joins.
NativeMaterializerNullabilityTests.Selectorless_aggregate_over_distinct_nullable_string_length_declines(op: "Average")	Passed		
NativeJoinTests.Distinct_after_a_bare_Inner_entity_leaf_matches_oracle(mode: DriverLinq, shape: "OuterDistinct")	Failed	NativeJoinTests.cs:line 991	Assert.Equal() Failure: Collections differ ↓ (pos 1) Expected: ["Alice", "Bob"] Actual: ["Alice", "Alice", "Bob"] ↑ (pos 1)
NativeOwnedCollectionCountTests.Count_result_equals_the_in_memory_oracle_for_every_array_length_and_state(name: "const-lt0", predicate: b => (b.Posts.Count < 0))	Failed	NativeOwnedCollectionCountTests.cs:line 960	MongoDB.Driver.MongoCommandException : Command aggregate failed: Executor error during aggregate command on namespace: EFTest-2026-10-01T13-10-40-15.diff_const-lt0_3e9963e5 :: caused by :: The argument to $size must be an array, but was of type: missing.
NativeJoinTests.Parameter_free_projection_over_a_join_keeps_the_join_rows(shape: "PagedConstant", expectedCount: 2)	Passed		
NativeDateTimeKindReadbackTests.Date_part_over_a_local_kind_property_throws_in_every_mode(shape: "Anonymous_Where_Hour")	Failed	NativeDateTimeKindReadbackTests.cs:line 716	Assert.Throws() Failure: No exception was thrown Expected: typeof(System.InvalidOperationException)
NativeGroupByOverJoinTests.All_over_a_navigation_group_after_an_inner_side_where(minCount: 2, expected: False)	Failed	NativeGroupByOverJoinTests.cs:line 542	System.InvalidOperationException : The LINQ expression 'DbSet<Order>() .Where(o => o.Owner.Name != "Cara") .GroupBy(o => o.Owner.Region) .Select(g => new { Key = g.Key, Count = g .Count() }) .All(x => x.Count >= @minCount)' could not be translated. Either rewrite the query in a form that can be translated, or switch to client evaluation explicitly by inserting a call to 'AsEnumerable', 'AsAsyncEnu
NativeSetOpsTests.Nesting_on_both_sides_goes_native	Passed		
NativeStringPredicateProjectionTests.Bare_and_wrapped_computed_leaves_are_correct_in_every_mode(mode: "Native")	Passed		
NativeDistinctTests.Bare_scalar_value_converted_Distinct_then_arithmetic_predicate_declines_cleanly	Passed		
NativeDistinctTests.Distinct_bson_represented_projection_key_falls_back	Passed		
NativeOwnedCollectionAllTests.Owned_collection_All_emits_a_negated_elem_match	Passed		
NativeMaterializerNullabilityTests.Explicit_null_on_non_nullable_scalar_materializes_default_matching_driver	Passed		
DateTimeOffsetMemberProjectionTests.Concatenating_DateTimeOffset_throws_instead_of_bson_json(shape: "concat_two", mode: NativeOnly)	Passed		
QueryModeGateTests.NativeOnly_take_then_all_with_predicate_succeeds	Passed		
NativeComputedSortTests.Unfiltered_owned_collection_count_sort_key_goes_native	Passed		
NativeOwnedCollectionAllTests.Owned_collection_All_with_a_conjunction_emits_a_de_morgan_or	Passed		
QueryModeGateTests.NativeOnly_parameterized_starts_with_goes_native	Passed		
NativeGroupByOverJoinTests.Null_propagating_value_over_an_unmatched_left_join_side_stays_native(shape: "Arithmetic", expected: "11:1|21:1|31:1|6:1|<null>:1")	Failed	NativeGroupByOverJoinTests.cs:line 1099	System.InvalidOperationException : The LINQ expression 'DbSet<Owner>() .GroupJoin( inner: DbSet<Order>(), outerKeySelector: w => w.Id, innerKeySelector: o => o.OwnerId, resultSelector: (w, gj) => new { w = w, gj = gj }) .SelectMany( collectionSelector: <>h__TransparentIdentifier0 => <>h__TransparentIdentifier0.gj .DefaultIfEmpty(), resultSelector: (<>h__TransparentIdentifier0, o) => new { w = <>h_
NativeOwnedCollectionCountTests.Count_inside_an_owned_SelectMany_inner_filter_goes_native	Failed	NativeOwnedCollectionCountTests.cs:line 712	System.InvalidOperationException : The LINQ expression 'DbSet<Blog>() .AsNoTracking() .SelectMany( collectionSelector: b => b.Posts .Where(p => p.Comments.Count > 2), resultSelector: (b, p) => new { Heading = p.Heading })' could not be translated. Either rewrite the query in a form that can be translated, or switch to client evaluation explicitly by inserting a call to 'AsEnumerable', 'AsAsyncEnum
NativeOwnedReferenceWholeEntityTests.Owned_reference_entity_leaf_in_anonymous_type_with_Distinct_declines_under_NativeOnly	Passed		
NativeDistinctTests.Bare_scalar_nullable_Distinct_then_Where_on_bare_parameter_goes_native	Passed		
NativeJoinScopeConditionalProjectionTests.Nav_null_check_ternary_over_a_two_level_LeftJoin_chain_matches_oracle(mode: DriverLinq, shape: "LeftJoinThenLeftJoinFirstLevelTernary")	Failed	NativeJoinScopeConditionalProjectionTests.cs:line 467	Assert.Equal() Failure: Collections differ ↓ (pos 3) Expected: ["Alfreds", "Blauer", "Chop-suey", "<none>"] Actual: ["Alfreds", "Blauer", "Chop-suey", "<null>"] ↑ (pos 3)
NativeJoinTests.Reducer_after_a_bare_Inner_entity_leaf_over_a_join_returns_the_joined_row(mode: DriverLinq, reducer: "FirstOrDefault")	Passed		
NativeStringPredicateProjectionTests.Nested_members_sharing_a_name_each_keep_their_own_computation(mode: "DriverLinq")	Passed		
Ef382ArrayContainsTests.Quantifier_over_array_contains_equals_the_in_memory_oracle(name: "any", predicate: o => o.Posts.Any(p => p.Tags.Contains("keep")))	Passed		
NativeReferenceIncludeTests.User_join_projecting_the_whole_outer_entity_goes_native_with_correct_results	Passed		
NativeArrayProjectionTests.Owned_array_leaf_projection_emits_a_project_stage_and_no_longer_fetches_whole_documents	Failed	NativeArrayProjectionTests.cs:line 238	Assert.Contains() Failure: Sub-string not found String: "Executed MQL query\nEFTest-2026-10-01T13-1"··· Not found: "$project"
QueryModeGateTests.NativeOnly_mode_throws_on_unrepresentable_query	Passed		
NativeComputedSortTests.Dollar_prefixed_string_sort_key_does_not_get_interpreted_as_a_field_path	Passed		
NativeBareProjectionTests.Bare_projection_after_an_intersect_or_except_goes_native(mode: NativeOnly)	Failed	NativeBareProjectionTests.cs:line 717	System.InvalidOperationException : The LINQ expression 'DbSet<Blog>() .AsNoTracking() .Where(b => b.Rank <= 3) .Intersect(DbSet<Blog>() .AsNoTracking() .Where(b => b.Rank >= 3)) .Select(b => b.Title)' could not be translated. Either rewrite the query in a form that can be translated, or switch to client evaluation explicitly by inserting a call to 'AsEnumerable', 'AsAsyncEnumerable', 'ToList', or 
NativeGroupByTests.GroupBy_HAVING_on_aggregate_alias_colliding_with_property_matches_driver_linq	Failed	NativeGroupByTests.cs:line 483	System.InvalidOperationException : The LINQ expression 'DbSet<Order>() .GroupBy(o => o.Country) .Select(g => new { Country = g.Key, Amount = g .Sum(o => o.Amount) }) .Where(x => x.Amount > 150) .OrderBy(x => x.Country)' could not be translated. Either rewrite the query in a form that can be translated, or switch to client evaluation explicitly by inserting a call to 'AsEnumerable', 'AsAsyncEnumera
NativeJoinTests.Chained_join_scalar_leaf_shapes_resolve_correctly_under_NativeOnly	Passed		
DateTimeOffsetMemberProjectionTests.Select_DateTimeOffset_DateTime_component	Failed	DateTimeOffsetMemberProjectionTests.cs:line 54	MongoDB.Driver.Linq.ExpressionNotSupportedException : Expression not supported: d.DateTimeOffset.DateTime because serializer for System.DateTimeOffset does not represent members as fields..
NativeJoinTests.Bare_Inner_entity_leaf_over_a_join_matches_oracle(mode: Native, shape: "FirstAfter")	Passed		
NativeAnonymousKeyJoinTests.Inner_join_on_three_member_anonymous_key_matches_oracle_including_null_and_missing_parts(mode: DriverLinq)	Failed	NativeAnonymousKeyJoinTests.cs:line 260	MongoDB.Driver.Linq.ExpressionNotSupportedException : Expression not supported: s => new <>f__AnonymousType25`3(Region = Field(s, "Region", value(MongoDB.Bson.Serialization.Serializers.StringSerializer)), Zone = Field(s, "Zone", value(MongoDB.Bson.Serialization.Serializers.Int32Serializer)), Bay = Field(s, "Bay", value(MongoDB.Bson.Serialization.Serializers.NullableSerializer`1[System.Int32]))) be
NativeJoinTests.Depth1_whole_entity_leaf_join_with_paging_goes_native_under_NativeOnly	Passed		
NativeReverseLastTests.Last_over_ordered_source_goes_native_and_returns_the_max	Passed		
NativeJoinScopeNestedProjectionTests.Nested_projection_with_value_converted_member_falls_back(mode: Native)	Passed		
NativeStringPredicateProjectionTests.Mixed_whole_entity_projection_with_a_Substring_member_is_correct_in_every_mode(mode: "NativeOnly")	Passed		
NativeGroupByTests.GroupBy_skip_0_take_0_goes_native_and_returns_empty(mode: NativeOnly)	Failed	NativeGroupByTests.cs:line 2460	System.InvalidOperationException : The LINQ expression 'DbSet<Order>() .GroupBy(o => o.Country) .Skip(@p) .Take(@p) .Select(g => new { Key = g.Key, Total = g .Count() })' could not be translated. Either rewrite the query in a form that can be translated, or switch to client evaluation explicitly by inserting a call to 'AsEnumerable', 'AsAsyncEnumerable', 'ToList', or 'ToListAsync'. See https://go.
NativeComputedProjectionTests.Mixed_whole_entity_and_owned_collection_count_leaf_still_fails_under_explicit_DriverLinq	Passed		
NativeReferenceCollectionCountPredicateTests.Count_predicate_before_projected_Union_declines_cleanly_under_NativeOnly	Passed		
NativeAnonymousKeyJoinTests.Single_member_anonymous_key_matches_null_to_null_and_missing(mode: Native)	Failed	NativeAnonymousKeyJoinTests.cs:line 314	MongoDB.Driver.Linq.ExpressionNotSupportedException : Expression not supported: s => new <>f__AnonymousType29`1(Region = Field(s, "Region", value(MongoDB.Bson.Serialization.Serializers.StringSerializer))) because expression cannot be translated to a dotted field name.
NativeSetOperationProjectionTests.Union_of_computed_scalar_and_key_column_goes_native	Passed		
NativeChainedJoinPagingTests.Paging_between_joins_after_a_first_level_filter_pages_before_the_second_join	Failed	NativeChainedJoinPagingTests.cs:line 70	System.NotSupportedException : A 'Skip', 'Take', or 'Distinct' operator composed between two cross-collection joins (e.g. from 'Include'/'ThenInclude' or an explicit 'Join') is not supported. Move the operator so that it is not interleaved between the joins.
NativeDistinctTests.Distinct_then_First_goes_native	Passed		
NativeJoinTests.Distinct_after_a_bare_Inner_entity_leaf_matches_oracle(mode: NativeOnly, shape: "DuplicateInnerDistinct")	Failed	NativeJoinTests.cs:line 991	Assert.Equal() Failure: Collections differ ↓ (pos 1) Expected: ["Alice", "Bob"] Actual: ["Alice", "Alice", "Bob"] ↑ (pos 1)
NativeOwnedCollectionCountTests.Bare_Any_still_emits_the_index_zero_form	Passed		
DateTimeOffsetMemberProjectionTests.Concatenating_DateTimeOffset_throws_instead_of_bson_json(shape: "nested", mode: DriverLinq)	Failed	DateTimeOffsetMemberProjectionTests.cs:line 379	Assert.Throws() Failure: No exception was thrown Expected: typeof(System.InvalidOperationException)
NativeDocumentConstructionProjectionTests.Document_construction_leaf_mixed_with_computed_sibling_goes_native	Passed		
NativeDistinctTests.Bare_scalar_value_converted_Distinct_then_Contains_declines_cleanly	Passed		
NativeDateTimeKindReadbackTests.GroupBy_reference_navigation_key_reads_back_with_the_property_kind	Failed	NativeDateTimeKindReadbackTests.cs:line 237	System.InvalidOperationException : The LINQ expression 'DbSet<Order>() .GroupBy(o => o.Owner.LocalDate) .Select(g => new { Key = g.Key, M = g .Max(x => x.LocalDate) })' could not be translated. Either rewrite the query in a form that can be translated, or switch to client evaluation explicitly by inserting a call to 'AsEnumerable', 'AsAsyncEnumerable', 'ToList', or 'ToListAsync'. See https://go.mi
NativeGroupByTests.Post_group_get_type_comparison_over_a_grouped_row_declines_cleanly(equal: False)	Failed	NativeGroupByTests.cs:line 3514	System.InvalidOperationException : The LINQ expression 'DbSet<Order>() .GroupBy(o => o.Country) .Select(g => new { Key = g.Key, N = g .Count() }) .Where(x => x.GetType() != (Type)MongoDB.EntityFrameworkCore.FunctionalTests.Query.NativeGroupByTests+Order)' could not be translated. Either rewrite the query in a form that can be translated, or switch to client evaluation explicitly by inserting a cal
NativeGroupByTests.GroupBy_then_Min_matches_driver_linq	Failed	NativeGroupByTests.cs:line 986	System.InvalidOperationException : The LINQ expression 'DbSet<Order>() .GroupBy(o => o.Country) .Select(g => new { Country = g.Key, Total = g .Sum(o => o.Amount) }) .Min(x => x.Total)' could not be translated. Either rewrite the query in a form that can be translated, or switch to client evaluation explicitly by inserting a call to 'AsEnumerable', 'AsAsyncEnumerable', 'ToList', or 'ToListAsync'. S
NativeMaterializerNullabilityTests.Distinct_over_nullable_string_length_projection_throws_on_null_row	Failed	NativeMaterializerNullabilityTests.cs:line 358	Assert.Throws() Failure: Exception type was not an exact match Expected: typeof(System.InvalidOperationException) Actual: typeof(MongoDB.Driver.MongoCommandException) ---- MongoDB.Driver.MongoCommandException : Command aggregate failed: Executor error during aggregate command on namespace: EFTest-2026-10-01T13-10-40-20.Distinct_over_nullable_string_length_projection_throws_on_null_row :: caused by
NativeGroupByTests.GroupBy_select_with_nested_construction_projection_member_goes_native	Failed	NativeGroupByTests.cs:line 2535	System.InvalidOperationException : The LINQ expression 'DbSet<Order>() .GroupBy(o => new { }) .Select(g => new NestedAggregateWrapper{ Container = new NestedAggregateContainer{ Name = "TotalAmount", Value = (object)g .Sum(o => o.Amount) } } )' could not be translated. Either rewrite the query in a form that can be translated, or switch to client evaluation explicitly by inserting a call to 'AsEnum
NativeCastTests.Cast_inside_a_quantifier_element_predicate_declines	Passed		
NativeSetOpsTests.Where_after_trailing_projection_on_intersect_still_hard_fails_under_explicit_DriverLinq	Passed		
NativeCardinalityTests.Max_and_average_go_native	Passed		
NativeCastTests.Widening_cast_comparison_with_a_fractional_constant_returns_the_right_rows	Passed		
NativeContainsTerminalTests.Entity_contains_over_navigation_projection_is_not_matched_against_the_root	Passed		
NativeGroupByOverJoinTests.Union_with_a_two_level_join_scope_first_operand_declines_cleanly	Passed		
NativeOfTypeTests.OfType_leaf_type_goes_native(mode: RealProperty)	Passed		
NativeAnonymousKeyJoinTests.Both_sides_with_the_same_converter_stay_native_and_match_oracle(mode: Native)	Failed	NativeAnonymousKeyJoinTests.cs:line 525	MongoDB.Driver.Linq.ExpressionNotSupportedException : Expression not supported: k => new <>f__AnonymousType41`2(Zone = Field(k, "Zone", value(MongoDB.Bson.Serialization.Serializers.Int32Serializer)), K = Field(k, "K", value(MongoDB.EntityFrameworkCore.Serializers.ValueConverterSerializer`2[MongoDB.EntityFrameworkCore.FunctionalTests.Query.NativeAnonymousKeyJoinTests+Kind,System.String]))) because 
NativeOwnedCollectionFilteredCountTests.Filtered_count_relational_element_predicate_equals_the_in_memory_oracle(name: "field_to_field_lt", selector: b => new TitleCount() {Title = b.Title, N = b.Posts.Count(p => (p.Rank < p.Other))}, expectedMultiMixedN: 1)	Failed	NativeOwnedCollectionFilteredCountTests.cs:line 1339	System.InvalidOperationException : The LINQ expression 'o' could not be translated. Either rewrite the query in a form that can be translated, or switch to client evaluation explicitly by inserting a call to 'AsEnumerable', 'AsAsyncEnumerable', 'ToList', or 'ToListAsync'. See https://go.microsoft.com/fwlink/?linkid=2101038 for more information.
NativeMaterializerNullabilityTests.String_primary_key_length_expression_projection_goes_native	Passed		
NativeOwnedCollectionCountTests.Filtered_count_projection_now_goes_native_EF359	Failed	NativeOwnedCollectionCountTests.cs:line 1166	System.InvalidOperationException : The LINQ expression 'o' could not be translated. Either rewrite the query in a form that can be translated, or switch to client evaluation explicitly by inserting a call to 'AsEnumerable', 'AsAsyncEnumerable', 'ToList', or 'ToListAsync'. See https://go.microsoft.com/fwlink/?linkid=2101038 for more information.
NativeProjectionReducerTests.Bare_collection_reducer_projection_leaf_no_longer_throws(reducerName: "FirstOrDefault")	Failed	NativeProjectionReducerTests.cs:line 136	System.ArgumentException : An item with the same key has already been added. Key: o
NativeJoinTests.Parameter_free_projection_over_a_join_keeps_the_join_rows(shape: "PagedConstantOuterOrder", expectedCount: 2)	Passed		
NativeGroupByTests.Push_list_over_a_group_by_element_selector_goes_native	Failed	NativeGroupByTests.cs:line 3634	System.InvalidOperationException : The LINQ expression 'DbSet<Order>() .GroupBy( keySelector: o => o.Country, elementSelector: o => o.Year) .Select(g => new { Key = g.Key, Years = g .ToList() })' could not be translated. Either rewrite the query in a form that can be translated, or switch to client evaluation explicitly by inserting a call to 'AsEnumerable', 'AsAsyncEnumerable', 'ToList', or 'ToLi
NativeJoinTests.Bare_Inner_entity_leaf_over_a_join_matches_oracle(mode: DriverLinq, shape: "SkipAfter")	Passed		
NativeJoinTests.Outer_paging_before_a_navigation_less_one_to_many_join_pages_the_outer_rows(mode: NativeOnly, leftOuter: True)	Passed		
NativeSetOpsTests.Intersect_then_paging_goes_native	Failed	NativeSetOpsTests.cs:line 285	System.InvalidOperationException : The LINQ expression 'DbSet<Item>() .Where(i => i.Value <= 3) .Intersect(DbSet<Item>() .Where(i => i.Value >= 2 && i.Value <= 4)) .OrderBy(i => i.Value) .Take(@p)' could not be translated. Either rewrite the query in a form that can be translated, or switch to client evaluation explicitly by inserting a call to 'AsEnumerable', 'AsAsyncEnumerable', 'ToList', or 'To
NativeConditionalAndDateTimeTests.AddDays_by_a_captured_non_nullable_amount_Max_and_Min_over_a_Distinct_alias_go_native	Passed		
NativeMaterializerNullabilityTests.Complete_document_materializes_correctly_matching_driver	Passed		
NativeJoinScopeNestedProjectionTests.Nested_projection_with_computed_member_falls_back(mode: Native)	Passed		
NativeDistinctTests.Wrapped_projection_Distinct_then_Sum_Min_Max_Average_match_driver_linq	Passed		
NativeOwnedCollectionCountTests.Count_predicate_is_correct_for_a_tracking_query	Failed	NativeOwnedCollectionCountTests.cs:line 733	MongoDB.Driver.MongoCommandException : Command aggregate failed: Executor error during aggregate command on namespace: EFTest-2026-10-01T13-10-40-15.Count_predicate_is_correct_for_a_tracking_query_a2ed0215 :: caused by :: The argument to $size must be an array, but was of type: missing.
DateTimeOffsetMemberProjectionTests.Select_DateTimeOffset_remaining_components	Failed	DateTimeOffsetMemberProjectionTests.cs:line 388	MongoDB.Driver.Linq.ExpressionNotSupportedException : Expression not supported: new <>f__AnonymousType7`11(Month = d.DateTimeOffset.Month, Day = d.DateTimeOffset.Day, Hour = d.DateTimeOffset.Hour, Minute = d.DateTimeOffset.Minute, Second = d.DateTimeOffset.Second, Millisecond = d.DateTimeOffset.Millisecond, DayOfWeek = d.DateTimeOffset.DayOfWeek, DayOfYear = d.DateTimeOffset.DayOfYear, TimeOfDay =
NativeBareProjectionTests.Bare_projected_union_and_concat_operands_go_native_and_return_correct_values(mode: Native)	Passed		
NativeDistinctTests.OrderBy_before_Distinct_matches_driver_linq	Passed		
NativeStringPredicateProjectionTests.Bare_string_FirstOrDefault_is_correct_in_every_mode(mode: "Native")	Passed		
NativeJoinTests.Reference_Include_with_no_join_in_the_query_materializes_correctly	Passed		
NativeDateTimeKindReadbackTests.Date_part_over_a_local_kind_property_is_correct_or_loud_in_every_mode(shape: "Select_AddDays")	Failed	NativeDateTimeKindReadbackTests.cs:line 699	Assert.Equal() Failure: Collections differ ↓ (pos 0) Expected: ["Local@637279020000000000", "Local@637459506000000000", "Local@637926399000000000"] Actual: ["Utc@637278984000000000", "Utc@637459506000000000", "Utc@637926363000000000"] ↑ (pos 0)
NativeGroupByOverJoinTests.Null_guarded_string_key_over_an_unmatched_left_join_side_stays_native(shape: "To-end Substring", expected: "<null>:1|orth:3|outh:1")	Failed	NativeGroupByOverJoinTests.cs:line 984	System.InvalidOperationException : The LINQ expression 'DbSet<Owner>() .GroupJoin( inner: DbSet<Order>(), outerKeySelector: w => w.Id, innerKeySelector: o => o.OwnerId, resultSelector: (w, gj) => new { w = w, gj = gj }) .SelectMany( collectionSelector: <>h__TransparentIdentifier0 => <>h__TransparentIdentifier0.gj .DefaultIfEmpty(), resultSelector: (<>h__TransparentIdentifier0, o) => new { w = <>h_
Ef362OwnedHopArrayProjectionTests.Owned_hop_array_leaf_reads_the_dotted_path_for_every_array_state(shadowKey: False)	Failed	Ef362OwnedHopArrayProjectionTests.cs:line 106	System.ArgumentNullException : Value cannot be null. (Parameter 'collection')
NativeJoinTests.Chained_join_Where_OrderBy_Any_goes_native_under_NativeOnly	Passed		
NativeReferenceIncludeTests.Composite_FK_and_PK_still_declines_and_has_no_driver_linq_oracle	Passed		
NativeCardinalityTests.All_over_empty_is_true	Passed		
NativeSetOpsTests.GroupBy_after_Concat_of_projected_Distinct_operand_counts_the_duplicate(mode: Native)	Failed	NativeSetOpsTests.cs:line 2386	System.InvalidOperationException : The LINQ expression 'DbSet<Item>() .Where(i => i.Value <= 3) .Select(i => new { Name = i.Name, Value = i.Value }) .Distinct() .Concat(DbSet<Item>() .Where(i => i.Value >= 3) .Select(i => new { Name = i.Name, Value = i.Value })) .GroupBy(x => x.Value) .Select(g => new { Key = g.Key, Total = g .Count() })' could not be translated. Either rewrite the query in a form
NativeGroupByTests.Bare_grouping_sequence_falls_back_under_native_only	Passed		
NativeOwnedCollectionFilteredCountTests.Correlated_count_filtered_projection_goes_native_EF421	Failed	NativeOwnedCollectionFilteredCountTests.cs:line 560	System.InvalidOperationException : The LINQ expression 'o' could not be translated. Either rewrite the query in a form that can be translated, or switch to client evaluation explicitly by inserting a call to 'AsEnumerable', 'AsAsyncEnumerable', 'ToList', or 'ToListAsync'. See https://go.microsoft.com/fwlink/?linkid=2101038 for more information.
NativeJoinTests.Where_after_a_bare_whole_entity_leaf_select_goes_native_and_filters_the_inner_side	Passed		
NativeOwnedCollectionCountTests.Count_result_equals_the_in_memory_oracle_for_every_array_length_and_state(name: "and", predicate: b => ((b.Posts.Count > 0) AndAlso (b.Posts.Count < 3)))	Failed	NativeOwnedCollectionCountTests.cs:line 960	MongoDB.Driver.MongoCommandException : Command aggregate failed: Executor error during aggregate command on namespace: EFTest-2026-10-01T13-10-40-15.diff_and_579889ee :: caused by :: The argument to $size must be an array, but was of type: missing.
DateTimeOffsetMemberProjectionTests.Concatenating_DateTimeOffset_throws_instead_of_bson_json(shape: "nullable", mode: NativeOnly)	Passed		
NativeOwnedCollectionAllTests.Quantifier_result_equals_the_in_memory_oracle_for_every_element_and_array_state(name: "any-bare", predicate: b => b.Posts.Any())	Failed	NativeOwnedCollectionAllTests.cs:line 568	MongoDB.Driver.MongoCommandException : Command aggregate failed: Executor error during aggregate command on namespace: EFTest-2026-10-01T13-10-40-17.diff_any-bare_e54f9c3a :: caused by :: The argument to $size must be an array, but was of type: missing.
NativeJoinTests.Chained_join_scalar_leaf_projection_with_paging_goes_native_under_NativeOnly	Passed		
NativeJoinTests.LeftJoin_over_a_collection_navigation_now_goes_native_under_NativeOnly	Passed		
QueryModeGateTests.NativeOnly_take_then_count_with_predicate_succeeds	Passed		
NativeProjectionReducerTests.Bare_collection_reducer_projection_leaf_no_longer_throws(reducerName: "SingleOrDefault")	Failed	NativeProjectionReducerTests.cs:line 136	System.ArgumentException : An item with the same key has already been added. Key: o0
NativeGroupByKeyCaseMappingTests.Case_mapped_composite_key_member(mode: "DriverLinq")	Failed	NativeGroupByKeyCaseMappingTests.cs:line 303	Assert.Contains() Failure: Sub-string not found String: "The LINQ expression 'DbSet<Row>()\n .As"··· Not found: "$toUpper/$toLower"
NativeArrayProjectionTests.Trailing_projection_after_a_union_dedups_whole_documents_and_never_compares_the_array	Failed	NativeArrayProjectionTests.cs:line 1071	Assert.All() Failure: 1 out of 2 items in the collection did not pass. [1]: Item: { Posts = null, Title = "t" } Error: Assert.NotNull() Failure: Value is null
NativeDateTimeKindReadbackTests.Utc_kind_property_read_back_stays_native	Failed	NativeDateTimeKindReadbackTests.cs:line 619	System.InvalidOperationException : The LINQ expression 'DbSet<Order>() .GroupBy(o => o.UtcDate) .Select(g => new { Key = g.Key, C = g .Count() })' could not be translated. Either rewrite the query in a form that can be translated, or switch to client evaluation explicitly by inserting a call to 'AsEnumerable', 'AsAsyncEnumerable', 'ToList', or 'ToListAsync'. See https://go.microsoft.com/fwlink/?li
NativeGateRoutingTests.B_owned_subproperty_projection_now_goes_native	Passed		
NativeOwnedCollectionCountTests.Count_result_equals_the_in_memory_oracle_for_every_array_length_and_state(name: "param-gt3", predicate: b => (b.Posts.Count > value(NativeOwnedCollectionCountTests+<>c__DisplayClass61_0).t))	Failed	NativeOwnedCollectionCountTests.cs:line 960	MongoDB.Driver.MongoCommandException : Command aggregate failed: Executor error during aggregate command on namespace: EFTest-2026-10-01T13-10-40-15.diff_param-gt3_aed4e151 :: caused by :: The argument to $size must be an array, but was of type: missing.
Ef362OwnedHopArrayProjectionTests.Renamed_owned_hop_array_alias_is_still_declined_and_returns_correct_data	Failed	Ef362OwnedHopArrayProjectionTests.cs:line 173	System.ArgumentNullException : Value cannot be null. (Parameter 'source')
Ef382ArrayContainsTests.Array_contains_inside_owned_select_many_inner_filter_goes_native	Failed	Ef382ArrayContainsTests.cs:line 185	System.InvalidOperationException : The LINQ expression 'DbSet<SelectManyOwner>() .SelectMany( collectionSelector: o => o.Items .Where(i => i.Tags.Contains("keep")), resultSelector: (o, i) => new { OwnerName = o.Name, ItemName = i.Name })' could not be translated. Either rewrite the query in a form that can be translated, or switch to client evaluation explicitly by inserting a call to 'AsEnumerabl
NativeGroupByKeyCaseMappingTests.Unmapped_key_control(mode: "NativeOnly")	Failed	NativeGroupByKeyCaseMappingTests.cs:line 307	System.InvalidOperationException : The LINQ expression 'DbSet<Row>() .AsNoTracking() .GroupBy(x => x.S) .Select(g => new { K = g.Key, C = g .Count() })' could not be translated. Either rewrite the query in a form that can be translated, or switch to client evaluation explicitly by inserting a call to 'AsEnumerable', 'AsAsyncEnumerable', 'ToList', or 'ToListAsync'. See https://go.microsoft.com/fwli
NativeSetOpsTests.Union_with_parametrized_operand_predicate	Passed		
NativeCardinalityTests.Select_projection_FirstOrDefault_over_empty_is_null	Passed		
NativeJoinTests.Left_join_Where_with_an_Inner_null_check_conjunct_matches_oracle(mode: DriverLinq, shape: "ReferenceAndReversed")	Passed		
NativeCastTests.Cast_to_an_unrenderable_target_still_declines	Passed		
NativeArrayProjectionTests.Owned_array_leaf_projection_matches_driver_linq	Passed		
NativeArrayProjectionTests.First_after_an_array_projection_goes_native	Passed		
NativeOwnedCollectionCountTests.Count_result_equals_the_in_memory_oracle_for_every_array_length_and_state(name: "nested-count", predicate: b => b.Posts.Any(p => (p.Comments.Count > 0)))	Failed	NativeOwnedCollectionCountTests.cs:line 960	MongoDB.Driver.MongoCommandException : Command aggregate failed: Executor error during aggregate command on namespace: EFTest-2026-10-01T13-10-40-15.diff_nested-count_113f79e9 :: caused by :: $anyElementTrue's argument must be an array, but is null.
NativeOwnedCollectionFilteredCountTests.Primitive_and_where_count_filtered_projections_still_hard_fail_in_every_mode	Passed		
NativeArrayProjectionTests.HashSet_navigation_goes_native	Passed		
NativeClientEvaluatedLeafTests.MemberInit_with_parameter_only_constructor_arguments_goes_native	Failed	NativeClientEvaluatedLeafTests.cs:line 284	Assert.Equal() Failure: Collections differ ↓ (pos 0) Expected: string[] ["random|a|random|", "random|a|random|", "random|b|random|", "random|c|random|"] Actual: List<string> ["random|a||", "random|a||", "random|b||", "random|c||"] ↑ (pos 0)
NativeStringPredicateProjectionTests.Contains_and_negated_contains_projections_match_oracle	Passed		
NativeReferenceCollectionCountPredicateTests.Include_ordered_Take_on_same_nav_as_count_predicate_returns_correct_data(mode: DriverLinq)	Failed	NativeReferenceCollectionCountPredicateTests.cs:line 336	System.InvalidOperationException : Unsupported cross-DbSet query between 'MongoDB.EntityFrameworkCore.FunctionalTests.Query.NativeReferenceCollectionCountPredicateTests+Owner' and 'MongoDB.EntityFrameworkCore.FunctionalTests.Query.NativeReferenceCollectionCountPredicateTests+Order'. The MongoDB EF Core Provider does not support this cross-collection query. Consider using Join, Include, or restruct
NativeOwnedCollectionCorrelatedTests.Correlated_Any_with_Equals_OrdinalIgnoreCase_constant_term_non_ASCII_folding_goes_native	Failed	NativeOwnedCollectionCorrelatedTests.cs:line 137	Assert.Equal() Failure: Collections differ ↓ (pos 0) Expected: string[] ["match"] Actual: List<string> []
NativeOwnedCollectionPredicateTests.Owned_collection_Any_with_predicate_goes_native	Failed	NativeOwnedCollectionPredicateTests.cs:line 201	MongoDB.Driver.MongoCommandException : Command aggregate failed: Executor error during aggregate command on namespace: EFTest-2026-10-01T13-10-40-13.Owned_collection_Any_with_predicate_goes_native_b6be2a43 :: caused by :: $anyElementTrue's argument must be an array, but is null.
NativeJoinTests.Duplicated_inner_leaf_projection_goes_native_and_reads_correctly(mode: NativeOnly)	Passed		
NativeSetOpsTests.Projected_operand_union_dedups_over_projected_values_not_whole_entities	Passed		
NativeGroupByOverJoinTests.Accumulator_condition_over_an_unmatched_left_join_side_declines(shape: "Count(negated pred)")	Passed		
NativeOwnedCollectionPredicateTests.Nested_owned_scalar_leaf_in_element_now_goes_native_via_EF424	Failed	NativeOwnedCollectionPredicateTests.cs:line 201	MongoDB.Driver.MongoCommandException : Command aggregate failed: Executor error during aggregate command on namespace: EFTest-2026-10-01T13-10-40-13.Nested_owned_scalar_leaf_in_element_now_goes_native_via_EF424_38aac771 :: caused by :: $anyElementTrue's argument must be an array, but is null.
NativeBoolBitwiseTests.Select_and_of_two_comparisons_in_an_anonymous_type	Passed		
NativeGroupByTests.GroupBy_Key_inside_aggregate_in_Where_over_groups_matches_oracle(mode: Native)	Failed	NativeGroupByTests.cs:line 1786	System.InvalidOperationException : The LINQ expression 'DbSet<Order>() .GroupBy(o => new { Country = o.Country }) .Where(g => g .Count(o => g.Key.Country != "UK") > 0) .Select(g => new { Country = g.Key.Country, Count = g .Count() })' could not be translated. Either rewrite the query in a form that can be translated, or switch to client evaluation explicitly by inserting a call to 'AsEnumerable', 
NativeOwnedCollectionCountTests.Count_result_equals_the_in_memory_oracle_for_every_array_length_and_state(name: "not-gt1", predicate: b => Not((b.Posts.Count > 1)))	Failed	NativeOwnedCollectionCountTests.cs:line 960	MongoDB.Driver.MongoCommandException : Command aggregate failed: Executor error during aggregate command on namespace: EFTest-2026-10-01T13-10-40-15.diff_not-gt1_1d688fc4 :: caused by :: The argument to $size must be an array, but was of type: missing.
NativeJoinScopeConditionalProjectionTests.Bare_nav_null_check_ternary_over_a_reference_join_matches_oracle(mode: Native)	Passed		
DateTimeOffsetMemberProjectionTests.Formatting_DateTimeOffset_throws(mode: NativeOnly)	Passed		
NativeCastTests.Enum_to_floating_cast_now_goes_native_and_still_never_crashes	Passed		
NativeGroupByTests.GroupBy_computed_key_runs_under_native	Failed	NativeGroupByTests.cs:line 143	System.InvalidOperationException : The LINQ expression 'DbSet<Order>() .GroupBy(o => o.OrderDate.Year) .Select(g => new { Key = g.Key, C = g .Count() })' could not be translated. Either rewrite the query in a form that can be translated, or switch to client evaluation explicitly by inserting a call to 'AsEnumerable', 'AsAsyncEnumerable', 'ToList', or 'ToListAsync'. See https://go.microsoft.com/fwl
NativeSetOperationProjectionTests.Union_of_distinct_parameter_and_column_declines	Passed		
NativeComputedSortTests.Synthetic_sort_field_does_not_clobber_a_set_op_operands_own_element	Failed	NativeComputedSortTests.cs:line 932	System.InvalidOperationException : Unsupported cross-DbSet query between 'MongoDB.EntityFrameworkCore.FunctionalTests.Query.NativeComputedSortTests+SetOpMain' and 'MongoDB.EntityFrameworkCore.FunctionalTests.Query.NativeComputedSortTests+SetOpOther'. The MongoDB EF Core Provider does not support this cross-collection query. Consider using Join, Include, or restructuring your query.
NativeAnonymousKeyJoinTests.String_key_stored_as_ObjectId_on_both_sides_stays_native_and_matches_oracle(mode: Native, explicitInstances: False)	Failed	NativeAnonymousKeyJoinTests.cs:line 585	MongoDB.Driver.Linq.ExpressionNotSupportedException : Expression not supported: o => new <>f__AnonymousType47`2(Zone = Field(o, "Zone", value(MongoDB.Bson.Serialization.Serializers.Int32Serializer)), Ref = Field(o, "Ref", value(MongoDB.EntityFrameworkCore.Serializers.ValueConverterSerializer`2[System.String,MongoDB.Bson.ObjectId]))) because expression cannot be translated to a dotted field name.
NativeJoinTests.Distinct_after_a_bare_Inner_entity_leaf_returns_tracked_entities(mode: Native)	Failed	NativeJoinTests.cs:line 1005	Assert.Equal() Failure: Collections differ ↓ (pos 1) Expected: <generated> ["Alice", "Bob"] Actual: OrderedIterator<string, string> ["Alice", "Alice", "Bob"] ↑ (pos 1)
NativeGroupByTests.GroupBy_after_source_side_OrderBy_Take_goes_native	Failed	NativeGroupByTests.cs:line 828	System.InvalidOperationException : The LINQ expression 'DbSet<Order>() .OrderBy(o => o.Amount) .Take(@p) .GroupBy(o => o.Country) .Select(g => g .Sum(o => o.Amount))' could not be translated. Either rewrite the query in a form that can be translated, or switch to client evaluation explicitly by inserting a call to 'AsEnumerable', 'AsAsyncEnumerable', 'ToList', or 'ToListAsync'. See https://go.micr
NativeOfTypeTests.OfType_matches_driver_linq_for_leaf_type(mode: ShadowPropertyDefaults)	Passed		
NativeGroupByKeyCaseMappingTests.Case_mapped_aggregate_result(mode: "Native")	Failed	NativeGroupByKeyCaseMappingTests.cs:line 307	System.InvalidOperationException : The LINQ expression 'DbSet<Row>() .AsNoTracking() .GroupBy(x => x.N) .Select(g => new { Key = g.Key, M = g .Max(x => x.S).ToUpper() })' could not be translated. Either rewrite the query in a form that can be translated, or switch to client evaluation explicitly by inserting a call to 'AsEnumerable', 'AsAsyncEnumerable', 'ToList', or 'ToListAsync'. See https://go.
NativeOwnedCollectionFilteredCountTests.Filtered_count_projection_equals_the_in_memory_oracle_for_every_array_and_element_state(name: "field_to_field", selector: b => new TitleCount() {Title = b.Title, N = b.Posts.Count(p => (p.Rank > p.Other))})	Failed	NativeOwnedCollectionFilteredCountTests.cs:line 1180	System.InvalidOperationException : The LINQ expression 'o' could not be translated. Either rewrite the query in a form that can be translated, or switch to client evaluation explicitly by inserting a call to 'AsEnumerable', 'AsAsyncEnumerable', 'ToList', or 'ToListAsync'. See https://go.microsoft.com/fwlink/?linkid=2101038 for more information.
NativeOfTypeTests.OfType_leaf_type_goes_native(mode: ShadowPropertyDefaults)	Passed		
NativeOfTypeTests.OfType_matches_driver_linq_for_intermediate_type(mode: ShadowPropertyDefaults)	Passed		
NativeVectorSearchTests.Vector_search_emits_the_stage_first	Passed		
NativeCardinalityTests.Sum_over_decimal_goes_native	Passed		
NativeOwnedCollectionFilteredCountTests.Filtered_count_predicate_is_correct_for_every_threshold(threshold: 3, expected: ["three"])	Passed		
NativeJoinTests.Inner_side_Where_that_declines_natively_does_not_confirm_the_join(mode: Native, shape: "Split")	Passed		
NativeGroupByOverJoinTests.Except_of_a_join_scope_operand_filtered_on_a_matching_inner_value_goes_native	Failed	NativeGroupByOverJoinTests.cs:line 1203	System.InvalidOperationException : The LINQ expression 'DbSet<Order>() .Where(o => o.Owner.Name == "Alice") .Select(o => new { Total = o.Total }) .Except(DbSet<Order>() .GroupBy(o => o.Region) .Select(g => new { Total = g .Max(o => o.Total) }))' could not be translated. Either rewrite the query in a form that can be translated, or switch to client evaluation explicitly by inserting a call to 'AsEn
DateTimeOffsetMemberProjectionTests.Select_boxed_DateTimeOffset_ToString_matches_client_evaluation(mode: NativeOnly)	Passed		
NativeGroupByOverJoinTests.Accumulator_condition_over_an_unmatched_left_join_side_declines(shape: "Where(pred).Count()")	Passed		
NativeLocalCollectionContainsTests.IImmutableSet_parameter_contains_goes_native	Passed		
NativeGroupByTests.Post_group_where_over_an_accumulator_alias_goes_native	Failed	NativeGroupByTests.cs:line 3209	System.InvalidOperationException : The LINQ expression 'DbSet<Order>() .GroupBy(o => o.Country) .Select(g => new { Key = g.Key, Total = g .Sum(o => o.Amount) }) .Where(x => x.Total > 100)' could not be translated. Either rewrite the query in a form that can be translated, or switch to client evaluation explicitly by inserting a call to 'AsEnumerable', 'AsAsyncEnumerable', 'ToList', or 'ToListAsync
NativeOwnedCollectionCountTests.Count_result_equals_the_in_memory_oracle_for_every_array_length_and_state(name: "const-ne0", predicate: b => (b.Posts.Count != 0))	Failed	NativeOwnedCollectionCountTests.cs:line 960	MongoDB.Driver.MongoCommandException : Command aggregate failed: Executor error during aggregate command on namespace: EFTest-2026-10-01T13-10-40-15.diff_const-ne0_4e423e51 :: caused by :: The argument to $size must be an array, but was of type: missing.
NativeArrayProjectionTests.Native_array_projection_normalizes_missing_and_null_arrays_to_empty	Failed	NativeArrayProjectionTests.cs:line 767	Assert.All() Failure: 2 out of 5 items in the collection did not pass. [0]: Item: { Posts = null, Title = "a_missing" } Error: Assert.NotNull() Failure: Value is null [1]: Item: { Posts = null, Title = "b_null" } Error: Assert.NotNull() Failure: Value is null
NativeGroupByOverJoinTests.Non_nullable_accumulator_over_an_unmatched_left_join_side_does_not_answer_default	Passed		
NativeArrayProjectionTests.Array_leaf_with_a_lazy_inverse_owner_navigation_matches_driver_linq	Passed		
Ef362OwnedHopArrayProjectionTests.Owned_hop_array_leaf_reads_the_dotted_path_for_every_array_state(shadowKey: True)	Failed	Ef362OwnedHopArrayProjectionTests.cs:line 106	System.ArgumentNullException : Value cannot be null. (Parameter 'collection')
NativeDistinctTests.Bare_scalar_bool_to_string_converted_Distinct_goes_native	Failed	NativeDistinctTests.cs:line 479	Assert.NotNull() Failure: Value is null
NativeBareProjectionTests.Bare_owned_collection_projection_emits_the_element_name_alias	Failed	NativeBareProjectionTests.cs:line 286	Assert.Contains() Failure: Sub-string not found String: "Executed MQL query\nEFTest-2026-10-01T13-1"··· Not found: ""Posts" : "$Posts""
NativeDistinctTests.Bare_scalar_Distinct_then_Average_goes_native(mode: Native)	Passed		
NativeAnonymousKeyJoinTests.Left_join_on_anonymous_key_matches_oracle(mode: NativeOnly)	Failed	NativeAnonymousKeyJoinTests.cs:line 289	MongoDB.Driver.Linq.ExpressionNotSupportedException : Expression not supported: s => new <>f__AnonymousType28`2(Region = Field(s, "Region", value(MongoDB.Bson.Serialization.Serializers.StringSerializer)), Bay = Field(s, "Bay", value(MongoDB.Bson.Serialization.Serializers.NullableSerializer`1[System.Int32]))) because expression cannot be translated to a dotted field name.
NativeLocalCollectionContainsTests.Contains_over_empty_inline_list_returns_no_rows_natively	Passed		
NativeLocalCollectionContainsTests.Filter_capturing_another_variable_is_not_folded_and_declines_cleanly	Passed		
NativeAnonymousKeyJoinTests.String_key_stored_as_ObjectId_on_both_sides_stays_native_and_matches_oracle(mode: DriverLinq, explicitInstances: False)	Failed	NativeAnonymousKeyJoinTests.cs:line 585	MongoDB.Driver.Linq.ExpressionNotSupportedException : Expression not supported: o => new <>f__AnonymousType47`2(Zone = Field(o, "Zone", value(MongoDB.Bson.Serialization.Serializers.Int32Serializer)), Ref = Field(o, "Ref", value(MongoDB.EntityFrameworkCore.Serializers.ValueConverterSerializer`2[System.String,MongoDB.Bson.ObjectId]))) because expression cannot be translated to a dotted field name.
NativeCastTests.Cast_inside_a_filtered_Count_element_predicate_goes_native	Failed	NativeCastTests.cs:line 468	System.InvalidOperationException : The LINQ expression 'o' could not be translated. Either rewrite the query in a form that can be translated, or switch to client evaluation explicitly by inserting a call to 'AsEnumerable', 'AsAsyncEnumerable', 'ToList', or 'ToListAsync'. See https://go.microsoft.com/fwlink/?linkid=2101038 for more information.
NativeGroupByTests.GroupBy_empty_key_Key_vs_non_null_value_inside_accumulator_declines	Failed	NativeGroupByTests.cs:line 1600	System.InvalidOperationException : The LINQ expression 'DbSet<Order>() .GroupBy(o => new { }) .Select(g => new { Count = g .Count(o => g.Key == @sentinel) })' could not be translated. Either rewrite the query in a form that can be translated, or switch to client evaluation explicitly by inserting a call to 'AsEnumerable', 'AsAsyncEnumerable', 'ToList', or 'ToListAsync'. See https://go.microsoft.co
NativeOwnedCollectionPredicateTests.Negated_owned_collection_Any_goes_native	Failed	NativeOwnedCollectionPredicateTests.cs:line 201	MongoDB.Driver.MongoCommandException : Command aggregate failed: Executor error during aggregate command on namespace: EFTest-2026-10-01T13-10-40-13.Negated_owned_collection_Any_goes_native_eee8f5e7 :: caused by :: $anyElementTrue's argument must be an array, but is null.
NativeOwnedCollectionCountTests.Count_result_equals_the_in_memory_oracle_for_every_array_length_and_state(name: "param-eq3", predicate: b => (b.Posts.Count == value(NativeOwnedCollectionCountTests+<>c__DisplayClass61_0).t))	Failed	NativeOwnedCollectionCountTests.cs:line 960	MongoDB.Driver.MongoCommandException : Command aggregate failed: Executor error during aggregate command on namespace: EFTest-2026-10-01T13-10-40-15.diff_param-eq3_7817c6d1 :: caused by :: The argument to $size must be an array, but was of type: missing.
NativeBareProjectionTests.Bare_primary_key_projection_behind_a_parameterized_predicate_returns_correct_values	Passed		
NativeOwnedReferenceWholeEntityTests.Owned_reference_entity_leaf_in_anonymous_type_with_Union_declines_under_NativeOnly	Passed		
NativeClientEvaluatedLeafTests.Union_of_Distincts_over_client_evaluated_leaves_declines	Passed		
NativeGroupByTests.GroupBy_combined_with_Join_throws_clean_translation_failure_under_native	Passed		
NativeOwnedCollectionAllTests.All_with_a_nullable_leaf_Contains_predicate_is_correct_for_missing_and_null_ARRAYS_too	Failed	NativeOwnedCollectionAllTests.cs:line 244	MongoDB.Driver.MongoCommandException : Command aggregate failed: Executor error during aggregate command on namespace: EFTest-2026-10-01T13-10-40-17.All_with_a_nullable_leaf_Contains_predicate_is_correct_for_missing_and_null_ARRAYS_too_60c7d45e :: caused by :: $allElementsTrue's argument must be an array, but is null.
NativeJoinTests.Reducer_after_a_bare_Inner_entity_leaf_over_a_join_returns_the_joined_row(mode: Native, reducer: "First")	Passed		
NativeOwnedReferenceWholeEntityTests.Field_sibling_projection_behind_a_parameterized_where_reads_correct_values	Passed		
NativeJoinTests.Distinct_after_a_bare_Inner_entity_leaf_matches_oracle(mode: Native, shape: "GroupJoinDefaultIfEmptyDuplicateInnerDistinct")	Failed	NativeJoinTests.cs:line 991	Assert.Equal() Failure: Collections differ ↓ (pos 1) Expected: ["<null>", "Alice", "Bob"] Actual: ["<null>", "<null>", "Alice", "Alice", "Bob"] ↑ (pos 1)
NativeConditionalAndDateTimeTests.TimeOfDay_beside_the_whole_entity_matches_the_driver	Failed	NativeConditionalAndDateTimeTests.cs:line 470	System.InvalidOperationException : Document element 'TimeOfDay' is missing but required.
NativeSetOpsTests.Union_chain_goes_native	Passed		
NativeSetOperationProjectionTests.Concat_of_string_constant_and_null_string_constant_goes_native	Passed		
NativeDistinctTests.Bare_scalar_int_to_string_converted_Distinct_materializes_and_compares_goes_native	Failed	NativeDistinctTests.cs:line 479	Assert.NotNull() Failure: Value is null
NativeSetOpsTests.First_after_union_with_preceding_take_goes_native	Passed		
NativeStringPredicateProjectionTests.Bare_and_wrapped_computed_leaves_are_correct_in_every_mode(mode: "NativeOnly")	Passed		
NativeCardinalityTests.Min_max_over_string_go_native	Passed		
NativeGroupByTests.GroupBy_OrderBy_before_select_matches_driver_linq	Failed	NativeGroupByTests.cs:line 698	System.InvalidOperationException : The LINQ expression 'DbSet<Order>() .GroupBy(o => o.Country) .OrderBy(g => g .Count()) .ThenBy(g => g.Key) .Select(g => new { Key = g.Key, Count = g .Count(), Total = g .Sum(o => o.Amount) })' could not be translated. Either rewrite the query in a form that can be translated, or switch to client evaluation explicitly by inserting a call to 'AsEnumerable', 'AsAsyn
NativeOwnedCollectionFilteredCountTests.Filtered_count_predicate_is_correct_for_every_threshold(threshold: 0, expected: ["empty", "missing", "none", "null", "one", ···])	Passed		
NativeSetOperationProjectionTests.Union_of_constant_and_grouped_count_goes_native	Passed		
NativeOwnedReferenceWholeEntityTests.Owned_reference_entity_leaf_Union_dedups_by_value_not_owner_identity(mode: DriverLinq)	Failed	NativeOwnedReferenceWholeEntityTests.cs:line 972	System.InvalidOperationException : The LINQ expression 'ProjectionBindingExpression: Title' could not be translated. Either rewrite the query in a form that can be translated, or switch to client evaluation explicitly by inserting a call to 'AsEnumerable', 'AsAsyncEnumerable', 'ToList', or 'ToListAsync'. See https://go.microsoft.com/fwlink/?linkid=2101038 for more information.
NativeJoinTests.Left_join_Where_with_an_Inner_null_check_conjunct_matches_oracle(mode: Native, shape: "CollectionNullCheckOnly")	Passed		
NativeGroupByTests.Bare_accumulator_then_outer_Min_goes_native(mode: Native)	Failed	NativeGroupByTests.cs:line 2406	System.InvalidOperationException : The LINQ expression 'DbSet<Order>() .GroupBy(o => o.Country) .Select(g => g .Sum(o => o.Amount)) .Min()' could not be translated. Either rewrite the query in a form that can be translated, or switch to client evaluation explicitly by inserting a call to 'AsEnumerable', 'AsAsyncEnumerable', 'ToList', or 'ToListAsync'. See https://go.microsoft.com/fwlink/?linkid=21
NativeDateTimeKindReadbackTests.Whole_composite_key_reads_back_with_the_property_kind	Failed	NativeDateTimeKindReadbackTests.cs:line 272	System.InvalidOperationException : The LINQ expression 'DbSet<Order>() .GroupBy(o => new { Country = o.Country, LocalDate = o.LocalDate }) .Select(g => new { Key = g.Key, C = g .Count() })' could not be translated. Either rewrite the query in a form that can be translated, or switch to client evaluation explicitly by inserting a call to 'AsEnumerable', 'AsAsyncEnumerable', 'ToList', or 'ToListAsyn
NativeJoinTests.Reducer_after_a_bare_Inner_entity_leaf_over_a_join_returns_the_joined_row(mode: Native, reducer: "FirstOrDefault")	Passed		
NativeOwnedCollectionCountTests.Constant_projection_leaf_is_safely_admitted_via_the_project_literal_wrap(leafKind: "constant-false")	Passed		
NativeOwnedCollectionFilteredCountTests.Unary_not_element_predicate_filtered_projection_goes_native_EF413	Failed	NativeOwnedCollectionFilteredCountTests.cs:line 560	System.InvalidOperationException : The LINQ expression 'o' could not be translated. Either rewrite the query in a form that can be translated, or switch to client evaluation explicitly by inserting a call to 'AsEnumerable', 'AsAsyncEnumerable', 'ToList', or 'ToListAsync'. See https://go.microsoft.com/fwlink/?linkid=2101038 for more information.
NativeSetOpsTests.Concat_with_collection_include_goes_native_and_keeps_duplicates	Passed		
NativeJoinScopeConditionalProjectionTests.Wrapped_entity_null_check_over_a_two_level_chain_goes_native	Passed		
NativeDateTimeKindReadbackTests.Date_part_over_a_local_kind_property_throws_in_every_mode(shape: "Select_AddDays")	Failed	NativeDateTimeKindReadbackTests.cs:line 716	Assert.Throws() Failure: No exception was thrown Expected: typeof(System.InvalidOperationException)
NativeDateTimeKindReadbackTests.Terminal_max_over_an_owned_reference_reads_back_with_the_property_kind	Passed		
NativeOwnedCollectionFilteredCountTests.Count_result_equals_the_in_memory_oracle_for_every_array_and_element_state(name: 3, predicate: b => (b.Posts.Count(p => (p.Rank > Convert(0, Nullable`1))) >= 3))	Passed		
NativeReferenceCollectionCountPredicateTests.Count_predicate_on_join_inner_side_declines_cleanly_in_every_mode(mode: DriverLinq)	Passed		
NativeJoinTests.Inner_side_Where_that_declines_natively_does_not_confirm_the_join(mode: Native, shape: "ToString")	Passed		
NativeGateRoutingTests.C_tph_base_predicate_parity	Passed		
NativeReferenceIncludeTests.Composed_Where_stays_ahead_of_the_lookup	Passed		
NativeOwnedCollectionFilteredCountTests.Filtered_count_null_check_diverges_from_in_memory_linq_by_owner_ruling	Failed	NativeOwnedCollectionFilteredCountTests.cs:line 1224	System.InvalidOperationException : The LINQ expression 'o' could not be translated. Either rewrite the query in a form that can be translated, or switch to client evaluation explicitly by inserting a call to 'AsEnumerable', 'AsAsyncEnumerable', 'ToList', or 'ToListAsync'. See https://go.microsoft.com/fwlink/?linkid=2101038 for more information.
DateTimeOffsetMemberProjectionTests.Concatenating_DateTimeOffset_throws_instead_of_bson_json(shape: "concat_three", mode: DriverLinq)	Failed	DateTimeOffsetMemberProjectionTests.cs:line 379	Assert.Throws() Failure: No exception was thrown Expected: typeof(System.InvalidOperationException)
NativeCardinalityTests.All_with_a_conjunctive_predicate_goes_native_via_de_morgan	Passed		
NativeCardinalityTests.Min_max_average_over_nullable_with_values_go_native	Passed		
NativeSetOpsTests.GroupBy_after_Concat_of_projected_Distinct_operand_counts_the_duplicate(mode: NativeOnly)	Failed	NativeSetOpsTests.cs:line 2386	System.InvalidOperationException : The LINQ expression 'DbSet<Item>() .Where(i => i.Value <= 3) .Select(i => new { Name = i.Name, Value = i.Value }) .Distinct() .Concat(DbSet<Item>() .Where(i => i.Value >= 3) .Select(i => new { Name = i.Name, Value = i.Value })) .GroupBy(x => x.Value) .Select(g => new { Key = g.Key, Total = g .Count() })' could not be translated. Either rewrite the query in a form
NativeJoinScopeConditionalProjectionTests.Nav_null_check_ternary_over_a_two_level_LeftJoin_chain_matches_oracle(mode: DriverLinq, shape: "LeftJoinThenLeftJoinBareTernary")	Failed	NativeJoinScopeConditionalProjectionTests.cs:line 467	Assert.Equal() Failure: Collections differ ↓ (pos 1) Expected: ["Western Europe", "<none>", "<none>", "<none>"] Actual: ["Western Europe", "<null>", "<null>", "<null>"] ↑ (pos 1)
NativeGroupByTests.Push_list_over_a_value_converted_property_declines_cleanly	Failed	NativeGroupByTests.cs:line 3806	System.InvalidOperationException : The LINQ expression 'DbSet<Order>() .GroupBy(o => o.Country) .Select(g => new { Key = g.Key, Statuses = g .Select(e => e.Status) .ToList() })' could not be translated. Either rewrite the query in a form that can be translated, or switch to client evaluation explicitly by inserting a call to 'AsEnumerable', 'AsAsyncEnumerable', 'ToList', or 'ToListAsync'. See http
NativeOwnedCollectionFilteredCountTests.Count_result_equals_the_in_memory_oracle_for_every_array_and_element_state(name: "ne0", predicate: b => (b.Posts.Count(p => (p.Rank > Convert(0, Nullable`1))) != 0))	Passed		
NativeGroupByKeyCaseMappingTests.Element_selector_overload(mode: "NativeOnly")	Failed	NativeGroupByKeyCaseMappingTests.cs:line 307	System.InvalidOperationException : The LINQ expression 'DbSet<Row>() .AsNoTracking() .GroupBy( keySelector: x => x.S, elementSelector: x => x.N) .Select(g => new { K = g.Key.ToUpper(), T = g .Sum() })' could not be translated. Either rewrite the query in a form that can be translated, or switch to client evaluation explicitly by inserting a call to 'AsEnumerable', 'AsAsyncEnumerable', 'ToList', or
NativeDocumentConstructionProjectionTests.Document_construction_leaf_with_computed_member_falls_back_but_still_reads_correct_values	Passed		
NativeVectorSearchTests.Num_candidates_returns_score_order(mode: Native)	Passed		
NativeDateTimeKindReadbackTests.Date_part_over_a_local_kind_property_is_correct_or_loud_in_every_mode(shape: "Owned_Hour")	Failed	NativeDateTimeKindReadbackTests.cs:line 699	Assert.Equal() Failure: Collections differ ↓ (pos 0) Expected: ["11", "17", "8"] Actual: ["10", "16", "8"] ↑ (pos 0)
NativeDocumentConstructionProjectionTests.Wrapped_ternary_whose_branch_member_collides_with_a_sibling_alias_declines	Passed		
NativeGroupByTests.GroupBy_with_element_selector_Key_inside_accumulator_matches_oracle(mode: Native)	Failed	NativeGroupByTests.cs:line 1757	System.InvalidOperationException : The LINQ expression 'DbSet<Order>() .GroupBy( keySelector: o => o.Country, elementSelector: o => o.Amount) .Select(g => new { Country = g.Key, UsSum = g .Sum(a => g.Key == "US" ? a : 0) })' could not be translated. Either rewrite the query in a form that can be translated, or switch to client evaluation explicitly by inserting a call to 'AsEnumerable', 'AsAsyncEn
NativeJoinTests.Parameter_free_projection_over_a_join_keeps_the_join_rows(shape: "Int", expectedCount: 3)	Passed		
NativeOwnedCollectionCountTests.Count_result_equals_the_in_memory_oracle_for_every_array_length_and_state(name: "param-eq2", predicate: b => (b.Posts.Count == value(NativeOwnedCollectionCountTests+<>c__DisplayClass61_0).t))	Failed	NativeOwnedCollectionCountTests.cs:line 960	MongoDB.Driver.MongoCommandException : Command aggregate failed: Executor error during aggregate command on namespace: EFTest-2026-10-01T13-10-40-15.diff_param-eq2_789b62aa :: caused by :: The argument to $size must be an array, but was of type: missing.
NativeSetOpsTests.Bare_scalar_operand_intersect_goes_native(mode: NativeOnly)	Failed	NativeSetOpsTests.cs:line 233	System.InvalidOperationException : The LINQ expression 'DbSet<Item>() .Where(i => i.Value <= 3) .Select(i => i.Value) .Intersect(DbSet<Item>() .Where(i => i.Value >= 3) .Select(i => i.Value))' could not be translated. Either rewrite the query in a form that can be translated, or switch to client evaluation explicitly by inserting a call to 'AsEnumerable', 'AsAsyncEnumerable', 'ToList', or 'ToListA
NativeGroupByTests.GroupBy_projection_ternary_on_Guid_key_comparison_matches_driver_linq	Failed	NativeGroupByTests.cs:line 2334	System.InvalidOperationException : The LINQ expression 'DbSet<Order>() .GroupBy(o => o.ExternalId) .Select(g => new { Label = g.Key == @idA ? "match" : "other", Count = g .Count() })' could not be translated. Either rewrite the query in a form that can be translated, or switch to client evaluation explicitly by inserting a call to 'AsEnumerable', 'AsAsyncEnumerable', 'ToList', or 'ToListAsync'. Se
NativeCastTests.Bare_cast_projection_leaf_goes_native_and_returns_correct_values	Passed		
NativeGroupByTests.Push_list_over_a_date_time_kind_configured_property_matches_entity_materialization(kind: Local)	Failed	NativeGroupByTests.cs:line 3775	System.InvalidOperationException : The LINQ expression 'DbSet<Order>() .GroupBy(o => o.Country) .Select(g => new { Key = g.Key, Dates = g .Select(e => e.OrderDate) .ToList() })' could not be translated. Either rewrite the query in a form that can be translated, or switch to client evaluation explicitly by inserting a call to 'AsEnumerable', 'AsAsyncEnumerable', 'ToList', or 'ToListAsync'. See http
NativeOwnedCollectionCountTests.Arithmetic_projection_leaf_containing_a_count_goes_native	Failed	NativeOwnedCollectionCountTests.cs:line 447	System.ArgumentException : Expression of type 'System.Collections.Generic.List`1[MongoDB.EntityFrameworkCore.FunctionalTests.Query.NativeOwnedCollectionCountTests+Post]' cannot be used for parameter of type 'System.Linq.IQueryable`1[MongoDB.EntityFrameworkCore.FunctionalTests.Query.NativeOwnedCollectionCountTests+Post]' of method 'Int32 Count[Post](System.Linq.IQueryable`1[MongoDB.EntityFrameworkC
NativeBareProjectionTests.Bare_projection_then_cardinality_operator_behind_a_parameterized_predicate_is_correct	Passed		
NativeBareProjectionTests.Bare_projection_then_Distinct_goes_native_and_returns_correct_values(mode: DriverLinq)	Passed		
NativeJoinScopeNestedProjectionTests.Nested_projection_with_value_converted_member_falls_back(mode: NativeOnly)	Passed		
NativeMaterializerNullabilityTests.Selector_aggregate_over_distinct_nullable_string_length_declines(op: "Average")	Passed		
NativeBareProjectionTests.Bare_primitive_collection_projection_matches_driver_linq	Passed		
NativeJoinTests.Genuine_two_sided_join_returns_correct_results_via_fallback	Passed		
NativeGroupByOverJoinTests.Paging_before_a_required_navigation_group_declines_cleanly	Passed		
NativeReferenceIncludeTests.Reference_Include_on_a_unidirectional_model_uses_the_streaming_materializer	Passed		
NativeGroupByTests.Post_group_where_over_a_case_mapped_alias_throws(mode: Native)	Failed	NativeGroupByTests.cs:line 3325	Assert.Contains() Failure: Sub-string not found String: "The LINQ expression 'DbSet<Order>()\n ."··· Not found: "$toUpper/$toLower"
NativeDateTimeKindReadbackTests.Whole_composite_key_with_a_nullable_part_reads_back_with_the_property_kind	Failed	NativeDateTimeKindReadbackTests.cs:line 278	System.InvalidOperationException : The LINQ expression 'DbSet<Order>() .GroupBy(o => new { Country = o.Country, N = o.NLocalDate }) .Select(g => new { Key = g.Key, C = g .Count() })' could not be translated. Either rewrite the query in a form that can be translated, or switch to client evaluation explicitly by inserting a call to 'AsEnumerable', 'AsAsyncEnumerable', 'ToList', or 'ToListAsync'. See
NativeJoinTests.Collection_Include_on_the_inner_side_of_a_join_reads_the_inner_entitys_own_collection(shape: "Join")	Passed		
NativeOfTypeTests.OfType_composed_with_Distinct_on_base_declared_member_goes_native	Passed		
NativeSelectorlessAggregateTests.Sum_over_bare_member_select_goes_native	Passed		
NativeOwnedCollectionAllTests.Quantifier_result_equals_the_in_memory_oracle_for_every_element_and_array_state(name: "negated-any", predicate: b => Not(b.Posts.Any(p => (p.Rank > Convert(5, Nullable`1)))))	Failed	NativeOwnedCollectionAllTests.cs:line 568	MongoDB.Driver.MongoCommandException : Command aggregate failed: Executor error during aggregate command on namespace: EFTest-2026-10-01T13-10-40-17.diff_negated-any_bdd80fcc :: caused by :: $anyElementTrue's argument must be an array, but is null.
NativeNullableMemberTests.HasValue_as_a_projection_leaf_still_declines_and_is_unchanged_by_this_slice	Passed		
NativeGroupByOverJoinTests.Union_of_a_join_scope_operand_filtered_on_a_matching_inner_value_goes_native	Passed		
NativeConditionalAndDateTimeTests.DateTimeOffset_date_part_matches_in_memory_LINQ_under_NativeOnly(part: "Day")	Failed	NativeConditionalAndDateTimeTests.cs:line 126	MongoDB.Driver.Linq.ExpressionNotSupportedException : Expression not supported: r.OccurredOffset.Value.Day because serializer for System.DateTimeOffset does not represent members as fields..
NativeGroupByTests.Push_list_of_whole_entity_elements_declines(shape: "g.ToList()")	Failed	NativeGroupByTests.cs:line 3708	Assert.ThrowsAny() Failure: Exception type was not compatible Expected: typeof(System.FormatException) Actual: typeof(System.InvalidOperationException) ---- System.InvalidOperationException : The LINQ expression 'DbSet<Order>() .GroupBy(o => o.Country) .Select(g => new { Key = g.Key, Items = g .ToList() })' could not be translated. Either rewrite the query in a form that can be translated, or swit
NativeJoinScopeNestedProjectionTests.Entity_and_reference_navigation_into_object_array_goes_native_with_parity	Passed		
NativeDistinctTests.Wrapped_projection_Distinct_then_Min_goes_native	Passed		
NativeJoinTests.Chained_join_then_LeftJoin_unmatched_row_reads_a_scalar_leaf_at_the_second_level_under_NativeOnly	Passed		
NativeAnonymousKeyJoinTests.Non_simple_anonymous_keys_decline_loudly(shape: "RepresentationMismatch")	Passed		
NativeArrayProjectionTests.Paging_after_an_array_projection_goes_native	Passed		
NativeJoinTests.Distinct_after_a_bare_Inner_entity_leaf_matches_oracle(mode: Native, shape: "DistinctFirst")	Failed	NativeJoinTests.cs:line 991	Assert.Equal() Failure: Collections differ ↓ (pos 0) Expected: ["6abe4de9d82981d4d711da67:30"] Actual: ["<null>"] ↑ (pos 0)
NativeDistinctTests.Distinct_then_Join_falls_back_gracefully_and_matches_driver_linq	Passed		
NativeReverseLastTests.Last_after_Take_over_an_ordered_source_goes_native_and_respects_the_Take	Passed		
NativeGroupByOverJoinTests.Null_propagating_value_over_an_unmatched_left_join_side_stays_native(shape: "Math.Abs", expected: "10:1|20:1|30:1|5:1|<null>:1")	Failed	NativeGroupByOverJoinTests.cs:line 1099	System.InvalidOperationException : The LINQ expression 'DbSet<Owner>() .GroupJoin( inner: DbSet<Order>(), outerKeySelector: w => w.Id, innerKeySelector: o => o.OwnerId, resultSelector: (w, gj) => new { w = w, gj = gj }) .SelectMany( collectionSelector: <>h__TransparentIdentifier0 => <>h__TransparentIdentifier0.gj .DefaultIfEmpty(), resultSelector: (<>h__TransparentIdentifier0, o) => new { w = <>h_
NativeGroupByTests.GroupBy_Select_with_distinct_aggregate_goes_native_and_dedups	Failed	NativeGroupByTests.cs:line 1365	System.InvalidOperationException : The LINQ expression 'DbSet<Order>() .GroupBy(o => o.Country) .Select(g => new { Key = g.Key, Count = g .Select(o => o.Year) .Distinct() .Count(), LongCount = g .Select(o => o.Year) .Distinct() .LongCount(), Average = g .Select(o => o.Year) .Distinct() .Average(), Max = g .Select(o => o.Year) .Distinct() .Max() })' could not be translated. Either rewrite the query
DateTimeOffsetMemberProjectionTests.Select_entity_and_concatenated_DateTimeOffset_matches_client_evaluation(mode: NativeOnly)	Passed		
NativeGroupByTests.GroupBy_then_bare_Any_over_empty_source_goes_native	Failed	NativeGroupByTests.cs:line 1184	System.InvalidOperationException : The LINQ expression 'DbSet<Order>() .GroupBy(o => o.Country) .Any()' could not be translated. Either rewrite the query in a form that can be translated, or switch to client evaluation explicitly by inserting a call to 'AsEnumerable', 'AsAsyncEnumerable', 'ToList', or 'ToListAsync'. See https://go.microsoft.com/fwlink/?linkid=2101038 for more information.
NativeGateRoutingTests.B_owned_subproperty_projection_parity	Passed		
NativeGroupByKeyCaseMappingTests.Other_case_mappings_over_a_key(mode: "DriverLinq")	Failed	NativeGroupByKeyCaseMappingTests.cs:line 303	Assert.Contains() Failure: Sub-string not found String: "The LINQ expression 'DbSet<Row>()\n .As"··· Not found: "$toUpper/$toLower"
NativeOwnedCollectionPredicateTests.Owned_collection_Any_with_captured_parameter_element_predicate_goes_native	Failed	NativeOwnedCollectionPredicateTests.cs:line 201	MongoDB.Driver.MongoCommandException : Command aggregate failed: Executor error during aggregate command on namespace: EFTest-2026-10-01T13-10-40-13.Owned_collection_Any_with_captured_parameter_element_predicate_goes_native_c0e1e7a7 :: caused by :: $anyElementTrue's argument must be an array, but is null.
NativeGateRoutingTests.D_string_computed_projection_throws_under_NativeOnly	Passed		
Ef373InterleavedPagingTests.Count_over_paging_between_two_transparent_identifier_joins_matches_oracle(mode: Native)	Failed	Ef373InterleavedPagingTests.cs:line 209	System.NotSupportedException : A 'Skip', 'Take', or 'Distinct' operator composed between two cross-collection joins (e.g. from 'Include'/'ThenInclude' or an explicit 'Join') is not supported. Move the operator so that it is not interleaved between the joins.
NativeConditionalAndDateTimeTests.TimeOfDay_over_a_nullable_date_goes_native_for_non_null_rows	Passed		
NativeNullableMemberTests.Value_converted_nullable_Value_projection_leaf_goes_native_and_reads_through_the_converter	Failed	NativeNullableMemberTests.cs:line 374	System.NullReferenceException : Object reference not set to an instance of an object.
NativeJoinTests.Wrapped_nav_null_check_ternary_over_a_reference_navigation_left_join_matches_oracle(mode: NativeOnly)	Passed		
NativeGroupByTests.Per_element_accumulator_condition_over_a_nullable_property_does_not_count_null	Failed	NativeGroupByTests.cs:line 3138	System.InvalidOperationException : The LINQ expression 'DbSet<RankedOwner>() .GroupBy(o => o.Region) .Select(g => new { Key = g.Key, C = g .Count(x => x.Rank < (int?)60), Mirrored = g .Count(x => (int?)61 > x.Rank + (int?)1) })' could not be translated. Either rewrite the query in a form that can be translated, or switch to client evaluation explicitly by inserting a call to 'AsEnumerable', 'AsAsy
NativeDistinctTests.Computed_sole_key_Distinct_then_Where_on_bare_parameter_goes_native	Passed		
NativeOwnedCollectionCountTests.Count_result_equals_the_in_memory_oracle_for_every_array_length_and_state(name: "param-lt1", predicate: b => (b.Posts.Count < value(NativeOwnedCollectionCountTests+<>c__DisplayClass61_0).t))	Failed	NativeOwnedCollectionCountTests.cs:line 960	MongoDB.Driver.MongoCommandException : Command aggregate failed: Executor error during aggregate command on namespace: EFTest-2026-10-01T13-10-40-15.diff_param-lt1_28adc9c0 :: caused by :: The argument to $size must be an array, but was of type: missing.
QueryModeGateTests.Native_parameterized_starts_with_goes_native	Passed		
NativeGroupByTests.GroupBy_after_source_side_OrderBy_reasserted_after_Skip_goes_native	Failed	NativeGroupByTests.cs:line 848	System.InvalidOperationException : The LINQ expression 'DbSet<Order>() .OrderBy(o => o.Country) .ThenBy(o => o.Amount) .Skip(@p) .OrderBy(o => o.Country) .ThenBy(o => o.Amount) .GroupBy(o => o.Country) .Select(g => g .Sum(o => o.Amount))' could not be translated. Either rewrite the query in a form that can be translated, or switch to client evaluation explicitly by inserting a call to 'AsEnumerabl
NativeContainsTerminalTests.Take_before_Contains_only_tests_the_paged_rows	Passed		
NativeGroupByTests.GroupBy_coalesce_projection_over_key_matches_driver_linq	Failed	NativeGroupByTests.cs:line 2289	System.InvalidOperationException : The LINQ expression 'DbSet<Order>() .GroupBy(o => o.Country) .Select(g => new { Locality = g.Key ?? "Unknown", Count = g .Count() })' could not be translated. Either rewrite the query in a form that can be translated, or switch to client evaluation explicitly by inserting a call to 'AsEnumerable', 'AsAsyncEnumerable', 'ToList', or 'ToListAsync'. See https://go.mi
NativeGateRoutingTests.A_enum_as_string_where_equals_parity	Passed		
NativeDocumentConstructionProjectionTests.Bare_ternary_with_a_branch_reading_a_row_value_goes_native_with_parity	Passed		
Ef425InterposedCollectionOperatorTests.Interposed_Reverse_declines_cleanly_in_every_mode	Failed	Ef425InterposedCollectionOperatorTests.cs:line 115	Assert.Throws() Failure: Exception type was not an exact match Expected: typeof(System.InvalidOperationException) Actual: typeof(System.ArgumentException) ---- System.ArgumentException : Expression of type 'System.Collections.Generic.List`1[MongoDB.EntityFrameworkCore.FunctionalTests.Query.Ef425InterposedCollectionOperatorTests+Post]' cannot be used for parameter of type 'System.Linq.IQueryable`1[
DateTimeOffsetMemberProjectionTests.Formatting_DateTimeOffset_throws(mode: Native)	Passed		
NativeBoolBitwiseTests.Where_or_of_two_comparisons	Passed		
NativeOwnedCollectionCountTests.Constant_projection_leaf_is_safely_admitted_via_the_project_literal_wrap(leafKind: "constant-0")	Passed		
NativeReferenceIncludeTests.Reference_Include_whose_target_has_an_eager_loaded_navigation_still_returns_correct_rows_via_the_DOM_shaper	Passed		
NativeComputedBareProjectionTests.Bare_count_leaf_spelled_as_the_Enumerable_extension_method_goes_native	Failed	NativeComputedBareProjectionTests.cs:line 816	System.ArgumentException : Expression of type 'System.Collections.Generic.List`1[MongoDB.EntityFrameworkCore.FunctionalTests.Query.NativeComputedBareProjectionTests+Post]' cannot be used for parameter of type 'System.Linq.IQueryable`1[MongoDB.EntityFrameworkCore.FunctionalTests.Query.NativeComputedBareProjectionTests+Post]' of method 'Int32 Count[Post](System.Linq.IQueryable`1[MongoDB.EntityFramew
NativeSetOperationProjectionTests.Union_of_distinct_constant_and_constant_declines	Passed		
NativeSetOpsTests.Count_after_union_goes_native	Passed		
NativeVectorSearchTests.Pre_filter_restricts_and_preserves_score_order(mode: NativeOnly)	Passed		
NativeJoinTests.Distinct_after_a_bare_Inner_entity_leaf_matches_oracle(mode: DriverLinq, shape: "Distinct")	Passed		
NativeMaterializerNullabilityTests.Nullable_string_scalar_behind_non_nullable_type_reads_exact_values_natively(shape: "BareLength", expected: [1, 2])	Passed		
NativeComputedSortTests.Constant_sort_key_goes_native	Passed		
NativeGroupByKeyCaseMappingTests.Case_mapping_elsewhere_in_a_grouped_query_throws(mode: "DriverLinq")	Failed	NativeGroupByKeyCaseMappingTests.cs:line 303	Assert.Contains() Failure: Sub-string not found String: "The LINQ expression 'DbSet<Row>()\n .As"··· Not found: "$toUpper/$toLower"
NativeArrayProjectionTests.Whole_entity_positional_ctor_argument_is_not_read_as_a_scalar(mode: Native)	Passed		
NativeReverseLastTests.LastOrDefault_over_ordered_source_goes_native_and_returns_the_max	Passed		
NativeCastTests.Widening_cast_comparison_emits_the_constant_in_the_comparison_type	Passed		
NativeOwnedCollectionCountTests.Count_result_equals_the_in_memory_oracle_for_every_array_length_and_state(name: "param-lte0", predicate: b => (b.Posts.Count <= value(NativeOwnedCollectionCountTests+<>c__DisplayClass61_0).t))	Failed	NativeOwnedCollectionCountTests.cs:line 960	MongoDB.Driver.MongoCommandException : Command aggregate failed: Executor error during aggregate command on namespace: EFTest-2026-10-01T13-10-40-15.diff_param-lte0_466a86af :: caused by :: The argument to $size must be an array, but was of type: missing.
NativeReferenceCollectionCountPredicateTests.Include_ordered_Take_on_same_self_referencing_nav_as_count_predicate_returns_correct_data(mode: Native)	Failed	NativeReferenceCollectionCountPredicateTests.cs:line 423	MongoDB.Driver.Linq.ExpressionNotSupportedException : Expression not supported: EFTest-2026-10-01T13-10-40-10.Include_ordered_Take_on_same_self_referencing_nav_as_count_predicate_returns_correct_dataNative_e3ce7b9d.Aggregate([]).As(value(MongoDB.EntityFrameworkCore.Serializers.EntitySerializer`1[MongoDB.EntityFrameworkCore.FunctionalTests.Query.NativeReferenceCollectionCountPredicateTests+Node])).
NativeJoinTests.Duplicated_inner_leaf_projection_goes_native_and_reads_correctly(mode: Native)	Passed		
NativeDistinctTests.Bare_scalar_value_converted_Distinct_then_Where_on_captured_parameter_goes_native	Passed		
NativeGroupByOverJoinTests.GroupBy_over_a_join_projecting_only_the_inner_side_resolves_through_the_inner_scope	Failed	NativeGroupByOverJoinTests.cs:line 664	System.InvalidOperationException : The LINQ expression 'DbSet<Order>() .Join( inner: DbSet<Owner>(), outerKeySelector: o => o.OwnerId, innerKeySelector: w => w.Id, resultSelector: (o, w) => w) .GroupBy(w => w.Region) .Select(g => new { Key = g.Key, Count = g .Count() })' could not be translated. Either rewrite the query in a form that can be translated, or switch to client evaluation explicitly by
NativeSetOperationProjectionTests.Union_of_key_column_and_distinct_column_goes_native	Passed		
NativeReferenceIncludeTests.Optional_reference_Include_with_a_reducer_and_a_navigation_null_predicate_falls_back_correctly	Passed		
NativeGateRoutingTests.B_owned_subproperty_where_equals_routing	Passed		
NativeSetOpsTests.GroupBy_select_operand_union_goes_native	Failed	NativeSetOpsTests.cs:line 1161	System.InvalidOperationException : The LINQ expression 'DbSet<Item>() .Where(i => i.Value <= 3) .GroupBy(i => i.Value) .Select(g => new { Key = g.Key, Count = g .Count() }) .Union(DbSet<Item>() .Where(i => i.Value >= 3) .GroupBy(i => i.Value) .Select(g => new { Key = g.Key, Count = g .Count() }))' could not be translated. Either rewrite the query in a form that can be translated, or switch to clie
NativeArrayProjectionTests.Array_leaf_in_a_projected_union_operand_declines_so_dedup_stays_over_the_projected_values	Passed		
NativeDateTimeKindReadbackTests.Computed_date_projection_over_a_local_kind_property_declines	Failed	NativeDateTimeKindReadbackTests.cs:line 191	Assert.Throws() Failure: No exception was thrown Expected: typeof(System.InvalidOperationException)
NativeJoinInnerDeclineTests.GroupBy_over_Join_with_uncorrelated_ordered_paged_inner_never_returns_wrong_data	Failed	NativeJoinInnerDeclineTests.cs:line 147	Assert.Throws() Failure: Exception type was not an exact match Expected: typeof(MongoDB.Driver.Linq.ExpressionNotSupportedException) Actual: typeof(System.InvalidOperationException) ---- System.InvalidOperationException : The LINQ expression 'DbSet<Order>() .Join( inner: DbSet<Region>() .OrderBy(r => r.Country) .Skip(@p) .Take(@p1), outerKeySelector: o => o.Country, innerKeySelector: r => r.Countr
NativeOwnedReferenceWholeEntityTests.Owned_reference_entity_leaf_in_anonymous_type_with_Union(mode: DriverLinq)	Failed	NativeOwnedReferenceWholeEntityTests.cs:line 903	System.InvalidOperationException : The LINQ expression 'ProjectionBindingExpression: Title' could not be translated. Either rewrite the query in a form that can be translated, or switch to client evaluation explicitly by inserting a call to 'AsEnumerable', 'AsAsyncEnumerable', 'ToList', or 'ToListAsync'. See https://go.microsoft.com/fwlink/?linkid=2101038 for more information.
NativeDateTimeKindReadbackTests.Date_part_over_a_local_kind_property_is_correct_or_loud_in_every_mode(shape: "Where_Hour")	Failed	NativeDateTimeKindReadbackTests.cs:line 699	Assert.Equal() Failure: Collections differ ↓ (pos 0) Expected: ["UK"] Actual: []
Ef373InterleavedPagingTests.Count_over_paging_between_two_transparent_identifier_joins_matches_oracle(mode: DriverLinq)	Failed	Ef373InterleavedPagingTests.cs:line 209	System.NotSupportedException : A 'Skip', 'Take', or 'Distinct' operator composed between two cross-collection joins (e.g. from 'Include'/'ThenInclude' or an explicit 'Join') is not supported. Move the operator so that it is not interleaved between the joins.
NativeJoinTests.Distinct_after_a_bare_Inner_entity_leaf_matches_oracle(mode: NativeOnly, shape: "GroupJoinDefaultIfEmptyDuplicateInnerDistinct")	Failed	NativeJoinTests.cs:line 991	Assert.Equal() Failure: Collections differ ↓ (pos 1) Expected: ["<null>", "Alice", "Bob"] Actual: ["<null>", "<null>", "Alice", "Alice", "Bob"] ↑ (pos 1)
NativeOwnedCollectionCountTests.Count_inside_a_quantifier_goes_native	Passed		
NativeBareProjectionTests.Bare_entity_projection_is_unchanged_and_still_native	Passed		
NativeBareProjectionTests.Bare_projection_after_a_union_or_concat_goes_native(mode: NativeOnly)	Passed		
NativeSetOpsTests.Distinct_after_projected_operand_intersect_hard_fails_in_every_mode(mode: DriverLinq)	Passed		
NativeGroupByTests.GroupBy_then_Any_with_count_predicate_goes_native	Failed	NativeGroupByTests.cs:line 1194	System.InvalidOperationException : The LINQ expression 'DbSet<Order>() .GroupBy(o => o.Country) .Any(g => g .Count() > 1)' could not be translated. Either rewrite the query in a form that can be translated, or switch to client evaluation explicitly by inserting a call to 'AsEnumerable', 'AsAsyncEnumerable', 'ToList', or 'ToListAsync'. See https://go.microsoft.com/fwlink/?linkid=2101038 for more in
NativeOwnedCollectionFilteredCountTests.Bare_filtered_count_projection_emits_a_native_size_over_filter_under_the_reserved_alias	Failed	NativeOwnedCollectionFilteredCountTests.cs:line 1005	System.InvalidOperationException : The LINQ expression 'o' could not be translated. Either rewrite the query in a form that can be translated, or switch to client evaluation explicitly by inserting a call to 'AsEnumerable', 'AsAsyncEnumerable', 'ToList', or 'ToListAsync'. See https://go.microsoft.com/fwlink/?linkid=2101038 for more information.
NativeSetOpsTests.Where_between_projected_Distinct_and_Concat_filters_source1(mode: Native)	Passed		
NativeGroupByOverJoinTests.Null_guarded_string_projection_over_an_unmatched_left_join_side(shape: "Concat", expected: "Alice:Northx|Alice:Northx|Bob:Southx|Cara:Northx|D"···)	Failed	NativeGroupByOverJoinTests.cs:line 1057	Assert.Equal() Failure: Strings differ ↓ (pos 54) Expected: ···"lice:Northx|Bob:Southx|Cara:Northx|Dora:x" Actual: ···"Northx|Bob:Southx|Cara:Northx|Dora:<null>" ↑ (pos 54)
NativeAnonymousKeyJoinTests.Anonymous_key_onto_composite_primary_key_components_matches_oracle(mode: Native)	Failed	NativeAnonymousKeyJoinTests.cs:line 353	MongoDB.Driver.Linq.ExpressionNotSupportedException : Expression not supported: r => new <>f__AnonymousType31`2(Zone = Field(r, "Zone", value(MongoDB.Bson.Serialization.Serializers.Int32Serializer)), Bay = Field(r, "Bay", value(MongoDB.Bson.Serialization.Serializers.NullableSerializer`1[System.Int32]))) because expression cannot be translated to a dotted field name.
NativeDistinctTests.Bare_scalar_value_converted_Distinct_then_Where_not_equal_goes_native	Passed		
Ef382ArrayContainsTests.Quantifier_over_array_contains_equals_the_in_memory_oracle(name: "all-negated", predicate: o => Not(o.Posts.All(p => p.Tags.Contains("keep"))))	Passed		
NativeDistinctTests.Distinct_then_OrderBy_on_renamed_member_sorts_by_the_projected_source_not_the_colliding_entity_property	Passed		
NativeSetOperationProjectionTests.Concat_of_constant_and_column_keeps_every_copy_of_a_matching_value	Passed		
NativeReverseLastTests.Reverse_without_an_explicit_order_still_hard_fails_in_every_mode	Passed		
NativeArrayProjectionTests.Array_leaf_in_a_projected_intersect_or_except_operand_hard_fails_in_every_mode	Passed		
DateTimeOffsetMemberProjectionTests.Select_DateTimeOffset_ToString_matches_client_evaluation(mode: DriverLinq)	Failed	DateTimeOffsetMemberProjectionTests.cs:line 208	Assert.Equal() Failure: Strings differ ↓ (pos 0) Expected: "15/03/2024 13:45:30 -05:00" Actual: "{"DateTime":"2024-03-15T18:45:30.250Z","T"··· ↑ (pos 0)
NativeCardinalityTests.Average_over_nullable_decimal_goes_native	Passed		
NativeContainsTerminalTests.Contains_over_computed_projection_declines_cleanly	Passed		
NativeComputedBareProjectionTests.Negate_leaf_answers_correctly_beside_a_whole_entity_and_on_the_LATE_decline_route	Passed		
NativeDateTimeKindReadbackTests.Date_part_over_a_local_kind_property_is_correct_or_loud_in_every_mode(shape: "Select_Date")	Failed	NativeDateTimeKindReadbackTests.cs:line 699	Assert.Equal() Failure: Collections differ ↓ (pos 0) Expected: ["Local@637277760000000000", "Local@637458336000000000", "Local@637924896000000000"] Actual: ["Local@637277796000000000", "Local@637458336000000000", "Local@637924932000000000"] ↑ (pos 0)
NativeArrayProjectionTests.Container_with_a_client_call_on_the_whole_entity_goes_native_with_parity	Passed		
NativeJoinTests.Paging_after_a_confirmed_join_applies_to_the_joined_row_count_not_the_outer_one_under_NativeOnly	Passed		
NativeNullableMemberTests.Parity_with_driver_linq_over_the_ragged_fixture	Passed		
NativeDateTimeKindReadbackTests.Group_element_selector_max_reads_back_with_the_property_kind	Failed	NativeDateTimeKindReadbackTests.cs:line 314	System.InvalidOperationException : The LINQ expression 'DbSet<Order>() .GroupBy( keySelector: o => o.Country, elementSelector: o => o.LocalDate) .Select(g => new { Key = g.Key, M = g .Max() })' could not be translated. Either rewrite the query in a form that can be translated, or switch to client evaluation explicitly by inserting a call to 'AsEnumerable', 'AsAsyncEnumerable', 'ToList', or 'ToList
NativeGroupByTests.GroupBy_then_bare_Count_after_Skip_declines_instead_of_silently_dropping_paging	Failed	NativeGroupByTests.cs:line 1266	System.InvalidOperationException : The LINQ expression 'DbSet<Order>() .GroupBy(o => o.Country) .Skip(@p) .Count()' could not be translated. Either rewrite the query in a form that can be translated, or switch to client evaluation explicitly by inserting a call to 'AsEnumerable', 'AsAsyncEnumerable', 'ToList', or 'ToListAsync'. See https://go.microsoft.com/fwlink/?linkid=2101038 for more informati
NativeDateTimeKindReadbackTests.Hour_add_in_a_filter_over_a_local_kind_property_stays_native	Passed		
NativeDistinctTests.Distinct_then_Count_with_predicate_on_renamed_member_counts_the_projected_source_not_the_colliding_entity_property	Passed		
NativeOfTypeTests.OfType_matches_driver_linq_for_intermediate_type(mode: ShadowPropertyWithValues)	Passed		
NativeJoinTests.Distinct_after_a_bare_Inner_entity_leaf_matches_oracle(mode: DriverLinq, shape: "DistinctOrderBySkip")	Failed	NativeJoinTests.cs:line 991	Assert.Equal() Failure: Collections differ ↓ (pos 0) Expected: ["6abe4de9d82981d4d711d9f8:20", "6abe4de9d82981d4d711d9f9:30"] Actual: ["<null>", "<null>"] ↑ (pos 0)
NativeGroupByTests.Post_group_named_accumulator_alias_all_is_false_for_an_all_null_group	Failed	NativeGroupByTests.cs:line 3086	System.InvalidOperationException : The LINQ expression 'DbSet<RankedOwner>() .Where(o => o.Name != "Cara") .GroupBy(o => o.Name) .Select(g => new { Key = g.Key, M = g .Max(x => x.Rank) }) .All(x => x.M < (int?)100)' could not be translated. Either rewrite the query in a form that can be translated, or switch to client evaluation explicitly by inserting a call to 'AsEnumerable', 'AsAsyncEnumerable'
NativeGroupByTests.Post_group_where_with_a_compound_predicate_over_two_aliases_goes_native	Failed	NativeGroupByTests.cs:line 3295	System.InvalidOperationException : The LINQ expression 'DbSet<Order>() .GroupBy(o => o.Country) .Select(g => new { Land = g.Key, N = g .Count() }) .Where(x => x.N > 1 && x.Land != "US")' could not be translated. Either rewrite the query in a form that can be translated, or switch to client evaluation explicitly by inserting a call to 'AsEnumerable', 'AsAsyncEnumerable', 'ToList', or 'ToListAsync'.
NativeSetOpsTests.Where_after_GroupBy_operand_before_Union_filters_that_operand	Failed	NativeSetOpsTests.cs:line 2518	System.InvalidOperationException : The LINQ expression 'DbSet<Item>() .GroupBy(i => i.Value) .Select(g => new { Key = g.Key, Count = g .Count() }) .Where(x => x.Key >= 4) .Union(DbSet<Item>() .GroupBy(i => i.Value) .Select(g => new { Key = g.Key, Count = g .Count() }) .Where(x => x.Key == 1))' could not be translated. Either rewrite the query in a form that can be translated, or switch to client e
NativeDateTimeKindReadbackTests.Ternary_mixing_local_and_default_kind_properties_declines	Passed		
NativeJoinTests.Bare_Inner_entity_leaf_over_a_join_matches_oracle(mode: Native, shape: "InnerWhere")	Passed		
NativeOfTypeTests.OfType_leaf_type_goes_native(mode: ShadowPropertyWithValues)	Passed		
NativeStringPredicateProjectionTests.Mixed_whole_entity_projection_with_a_predicate_member_is_correct_in_every_mode(mode: "DriverLinq")	Passed		
NativeComputedSortTests.Synthetic_sort_field_does_not_clobber_a_TPH_derived_types_own_element	Failed	NativeComputedSortTests.cs:line 888	Assert.Contains() Failure: Sub-string not found String: "Executed MQL query\nEFTest-2026-10-01T13-1"··· Not found: "__sort1"
NativeCtorOnlyProjectionTests.Select_with_whole_entity_ctor_only_dto_goes_native	Passed		
NativeJoinScopeConditionalProjectionTests.Nav_null_check_ternary_over_a_two_level_LeftJoin_chain_matches_oracle(mode: Native, shape: "LeftJoinThenLeftJoinResultSelectorTernary")	Failed	NativeJoinScopeConditionalProjectionTests.cs:line 467	Assert.Equal() Failure: Collections differ ↓ (pos 1) Expected: ["1:Western Europe", "2:<none>", "3:<none>", "4:<none>"] Actual: ["1:Western Europe", "2:<null>", "3:<null>", "4:<null>"] ↑ (pos 1)
NativeReferenceCollectionCountPredicateTests.Genuinely_filtered_Where_Count_still_declines_cleanly_under_NativeOnly	Failed	NativeReferenceCollectionCountPredicateTests.cs:line 98	Assert.Throws() Failure: Exception type was not an exact match Expected: typeof(MongoDB.EntityFrameworkCore.Query.NativeTranslation.NativeTranslationNotSupportedException) Actual: typeof(System.InvalidOperationException) ---- System.InvalidOperationException : Unsupported cross-DbSet query between 'MongoDB.EntityFrameworkCore.FunctionalTests.Query.NativeReferenceCollectionCountPredicateTests+Owner
NativeComputedSortTests.Parameterized_where_leg_for_computed_sort_then_projection	Passed		
NativeSetOperationProjectionTests.Union_of_column_and_computed_scalar_re_aliases_the_second_operand	Failed	NativeSetOperationProjectionTests.cs:line 170	Assert.Contains() Failure: Sub-string not found String: "info: 01/10/2026 13:10:51.550 MongoEventI"··· Not found: "{ "$project" : { "_id" : { "$add" : ["$N""···
DateTimeOffsetMemberProjectionTests.Select_DateTimeOffset_ToString_consumed_by_server_computation_throws(mode: DriverLinq)	Failed	DateTimeOffsetMemberProjectionTests.cs:line 256	Assert.Throws() Failure: No exception was thrown Expected: typeof(System.InvalidOperationException)
NativeComputedBareProjectionTests.Negate_over_widening_cast_reads_the_server_value_once	Passed		
NativeOwnedReferenceWholeEntityTests.Shared_type_owned_reference_matches_driver_linq	Passed		
NativeDocumentConstructionProjectionTests.Document_construction_leaf_behind_a_parameterized_where_reads_correct_values	Passed		
NativeMaterializerNullabilityTests.Nullable_string_scalar_behind_non_nullable_type_reads_exact_values_natively(shape: "LongLength", expected: [1, 2])	Passed		
NativeDocumentConstructionProjectionTests.Grouped_ternary_over_constructions_the_class_map_misreads_declines	Failed	NativeDocumentConstructionProjectionTests.cs:line 726	System.InvalidOperationException : The LINQ expression 'DbSet<Place>() .AsNoTracking() .GroupBy(p => p.Country) .Select(g => new { Key = g.Key, X = g.Key == "USA" ? new IdName{ Id = "PAY", Name = "Pay" } : new IdName{ Id = "REC", Name = "Receive" } })' could not be translated. Either rewrite the query in a form that can be translated, or switch to client evaluation explicitly by inserting a call t
NativeClientEvaluatedLeafTests.Captured_anonymous_type_closure_beside_a_field_is_evaluated_client_side	Passed		
NativeGroupByTests.GroupBy_bson_represented_key_falls_back	Failed	NativeGroupByTests.cs:line 256	System.InvalidOperationException : The LINQ expression 'DbSet<Order>() .GroupBy(o => o.Status) .Select(g => new { Key = g.Key, Count = g .Count() })' could not be translated. Either rewrite the query in a form that can be translated, or switch to client evaluation explicitly by inserting a call to 'AsEnumerable', 'AsAsyncEnumerable', 'ToList', or 'ToListAsync'. See https://go.microsoft.com/fwlink/
NativeGroupByKeyCaseMappingTests.After_a_Where(mode: "DriverLinq")	Failed	NativeGroupByKeyCaseMappingTests.cs:line 303	Assert.Contains() Failure: Sub-string not found String: "The LINQ expression 'DbSet<Row>()\n .As"··· Not found: "$toUpper/$toLower"
NativeGroupByOverJoinTests.Push_list_over_a_nullable_unmatched_left_join_side_holds_null	Failed	NativeGroupByOverJoinTests.cs:line 868	System.InvalidOperationException : The LINQ expression 'DbSet<Owner>() .GroupJoin( inner: DbSet<Order>(), outerKeySelector: w => w.Id, innerKeySelector: o => o.OwnerId, resultSelector: (w, gj) => new { w = w, gj = gj }) .SelectMany( collectionSelector: <>h__TransparentIdentifier0 => <>h__TransparentIdentifier0.gj .DefaultIfEmpty(), resultSelector: (<>h__TransparentIdentifier0, o) => new { <>h__Tra
NativeMaterializerNullabilityTests.Nullable_string_scalar_behind_non_nullable_type_throws_on_null_row(shape: "Length")	Failed	NativeMaterializerNullabilityTests.cs:line 358	Assert.Throws() Failure: Exception type was not an exact match Expected: typeof(System.InvalidOperationException) Actual: typeof(MongoDB.Driver.MongoCommandException) ---- MongoDB.Driver.MongoCommandException : Command aggregate failed: Executor error during aggregate command on namespace: EFTest-2026-10-01T13-10-40-20.Nullable_string_scalar_behind_non_nullable_type_throws_on_null_row_Length :: ca
NativeGroupByTests.GroupBy_then_Sum_matches_driver_linq	Failed	NativeGroupByTests.cs:line 967	System.InvalidOperationException : The LINQ expression 'DbSet<Order>() .GroupBy(o => o.Country) .Select(g => new { Country = g.Key, Total = g .Sum(o => o.Amount) }) .Sum(x => x.Total)' could not be translated. Either rewrite the query in a form that can be translated, or switch to client evaluation explicitly by inserting a call to 'AsEnumerable', 'AsAsyncEnumerable', 'ToList', or 'ToListAsync'. S
Ef373InterleavedPagingTests.Paging_between_two_transparent_identifier_joins_declines_under_NativeOnly(shape: "LeftFirstJoinSkipTake")	Passed		
NativeOwnedCollectionCorrelatedTests.Correlated_All_over_a_bare_value_converted_outer_bool_declines_instead_of_answering_wrong	Passed		
QueryModeGateTests.NativeOnly_mode_allows_arithmetic_computed_projection	Passed		
NativeBoolBitwiseTests.Value_converted_bool_or_matches_the_logical_or_form	Passed		
NativeGroupByOverJoinTests.Accumulator_condition_over_an_unmatched_left_join_side_declines(shape: "Count(pred)")	Passed		
NativeGateRoutingTests.C_tph_oftype_derived_routing	Passed		
NativeJoinTests.Wrapped_nav_null_check_ternary_over_a_reference_navigation_left_join_matches_oracle(mode: DriverLinq)	Passed		
NativeJoinTests.Bare_Inner_entity_leaf_over_a_join_matches_oracle(mode: Native, shape: "DistinctAfter")	Passed		
NativeJoinInnerDeclineTests.GroupBy_over_Join_with_bare_inner_still_returns_correct_data	Failed	NativeJoinInnerDeclineTests.cs:line 172	System.InvalidOperationException : The LINQ expression 'DbSet<Order>() .Join( inner: DbSet<Region>(), outerKeySelector: o => o.Country, innerKeySelector: r => r.Country, resultSelector: (o, r) => new { Country = o.Country, Continent = r.Continent, Amount = o.Amount }) .GroupBy(x => x.Continent) .Select(g => new { Key = g.Key, Count = g .Count() })' could not be translated. Either rewrite the query
Ef373InterleavedPagingTests.Paging_between_two_transparent_identifier_joins_matches_oracle(mode: Native, shape: "WrappedSkipTake")	Failed	Ef373InterleavedPagingTests.cs:line 243	System.NotSupportedException : A 'Skip', 'Take', or 'Distinct' operator composed between two cross-collection joins (e.g. from 'Include'/'ThenInclude' or an explicit 'Join') is not supported. Move the operator so that it is not interleaved between the joins.
NativeBareProjectionTests.Bare_primitive_collection_projection_behind_a_parameterized_predicate_returns_correct_values	Passed		
NativeSetOperationProjectionTests.Filtered_constant_operand_against_a_matching_column_dedups_only_under_Union	Passed		
NativeSetOpsTests.Distinct_after_projected_operand_intersect_hard_fails_in_every_mode(mode: NativeOnly)	Passed		
NativeStringIsNullOrTests.IsNullOrEmpty_negated_matches_in_memory_oracle	Passed		
NativeJoinTests.Distinct_after_a_bare_Inner_entity_leaf_matches_oracle(mode: NativeOnly, shape: "LeftJoinDistinct")	Failed	NativeJoinTests.cs:line 991	Assert.Equal() Failure: Collections differ ↓ (pos 1) Expected: ["<null>", "Alice", "Bob"] Actual: ["<null>", "<null>", "Alice", "Alice", "Bob"] ↑ (pos 1)
NativeOwnedCollectionCountTests.Count_result_equals_the_in_memory_oracle_for_every_array_length_and_state(name: "param-eq0", predicate: b => (b.Posts.Count == value(NativeOwnedCollectionCountTests+<>c__DisplayClass61_0).t))	Failed	NativeOwnedCollectionCountTests.cs:line 960	MongoDB.Driver.MongoCommandException : Command aggregate failed: Executor error during aggregate command on namespace: EFTest-2026-10-01T13-10-40-15.diff_param-eq0_fc3c25d1 :: caused by :: The argument to $size must be an array, but was of type: missing.
NativeGroupByOverJoinTests.Null_guarded_string_projection_over_an_unmatched_left_join_side(shape: "Replace", expected: "Alice:N0rth|Alice:N0rth|Bob:S0uth|Cara:N0rth|Dora:"···)	Passed		
NativeStringIsNullOrTests.IsNullOrWhiteSpace_matches_in_memory_oracle	Failed	NativeStringIsNullOrTests.cs:line 97	Assert.Equal() Failure: Collections differ ↓ (pos 3) Expected: ["empty", "missing", "null", "whitespace"] Actual: ["empty", "missing", "null"]
NativeGroupByOverJoinTests.Null_guarded_string_key_over_an_unmatched_left_join_side_stays_native(shape: "Select().Max()", expected: "Alice:N|Bob:S|Cara:N|Dora:<null>")	Failed	NativeGroupByOverJoinTests.cs:line 984	System.InvalidOperationException : The LINQ expression 'DbSet<Owner>() .GroupJoin( inner: DbSet<Order>(), outerKeySelector: w => w.Id, innerKeySelector: o => o.OwnerId, resultSelector: (w, gj) => new { w = w, gj = gj }) .SelectMany( collectionSelector: <>h__TransparentIdentifier0 => <>h__TransparentIdentifier0.gj .DefaultIfEmpty(), resultSelector: (<>h__TransparentIdentifier0, o) => new { w = <>h_
NativeSetOperationProjectionTests.Union_with_a_grouped_accumulator_over_a_value_converted_column_declines	Passed		
NativeOwnedCollectionPredicateTests.Owned_collection_bare_Any_goes_native	Failed	NativeOwnedCollectionPredicateTests.cs:line 201	MongoDB.Driver.MongoCommandException : Command aggregate failed: Executor error during aggregate command on namespace: EFTest-2026-10-01T13-10-40-13.Owned_collection_bare_Any_goes_native_d32cf91a :: caused by :: The argument to $size must be an array, but was of type: missing.
NativeSetOperationProjectionTests.Concat_of_key_column_and_computed_scalar_keeps_duplicates	Passed		
NativeConditionalAndDateTimeTests.DateTimeOffset_Year_over_a_null_offset_throws_like_CSharp	Failed	NativeConditionalAndDateTimeTests.cs:line 484	Assert.Throws() Failure: Exception type was not an exact match Expected: typeof(System.InvalidOperationException) Actual: typeof(MongoDB.Driver.Linq.ExpressionNotSupportedException) ---- MongoDB.Driver.Linq.ExpressionNotSupportedException : Expression not supported: new <>f__AnonymousType93`2(Label = r.Label, Y = r.OccurredOffset.Value.Year) because unable to determine which serializer to use for 
NativeReferenceCollectionCountPredicateTests.Count_predicate_before_correlated_SelectMany_declines_cleanly_in_every_mode(mode: DriverLinq)	Passed		
NativeDistinctTests.Distinct_then_Any_All_match_driver_linq	Passed		
NativeSelectorlessAggregateTests.Average_over_widening_cast_select_goes_native	Passed		
NativeSetOpsTests.OrderBy_after_projected_operand_union_falls_back_gracefully	Passed		
NativeConditionalAndDateTimeTests.DateTimeOffset_date_part_matches_in_memory_LINQ_under_NativeOnly(part: "DayOfYear")	Failed	NativeConditionalAndDateTimeTests.cs:line 136	MongoDB.Driver.Linq.ExpressionNotSupportedException : Expression not supported: r.OccurredOffset.Value.DayOfYear because serializer for System.DateTimeOffset does not represent members as fields..
NativeDistinctTests.Distinct_then_All_with_predicate_goes_native	Passed		
NativeSetOpsTests.Include_composes_with_paging_after_the_union	Passed		
NativeChainedJoinPagingTests.Skip_between_joins_after_a_first_level_filter_skips_before_the_second_join	Failed	NativeChainedJoinPagingTests.cs:line 112	System.NotSupportedException : A 'Skip', 'Take', or 'Distinct' operator composed between two cross-collection joins (e.g. from 'Include'/'ThenInclude' or an explicit 'Join') is not supported. Move the operator so that it is not interleaved between the joins.
NativeSetOpsTests.Chain_with_a_whole_entity_Distinct_operand_goes_native	Passed		
QueryModeGateTests.NativeOnly_negated_collection_contains_uses_nin	Passed		
NativeGateRoutingTests.B_owned_subproperty_order_by_routing	Passed		
NativeOwnedReferenceWholeEntityTests.Owned_single_reference_whole_entity_First_returns_correct_entity	Passed		
NativeOwnedCollectionAllTests.Quantifier_result_equals_the_in_memory_oracle_for_every_element_and_array_state(name: "startswith", predicate: b => b.Posts.All(p => ((p.Heading != null) AndAlso p.Heading.StartsWith("a"))))	Failed	NativeOwnedCollectionAllTests.cs:line 568	MongoDB.Driver.MongoCommandException : Command aggregate failed: Executor error during aggregate command on namespace: EFTest-2026-10-01T13-10-40-17.diff_startswith_60716121 :: caused by :: $allElementsTrue's argument must be an array, but is null.
NativeBareProjectionTests.Bare_projection_after_a_union_or_concat_goes_native(mode: DriverLinq)	Passed		
NativeDateTimeKindReadbackTests.Whole_DTO_key_reads_back_with_the_property_kind	Failed	NativeDateTimeKindReadbackTests.cs:line 284	System.InvalidOperationException : The LINQ expression 'DbSet<Order>() .GroupBy(o => new KeyDto{ Country = o.Country, D = o.LocalDate } ) .Select(g => new { Key = g.Key, C = g .Count() })' could not be translated. Either rewrite the query in a form that can be translated, or switch to client evaluation explicitly by inserting a call to 'AsEnumerable', 'AsAsyncEnumerable', 'ToList', or 'ToListAsync
NativeGroupByTests.GroupBy_accumulator_with_dollar_prefixed_string_constant_operand_goes_native	Failed	NativeGroupByTests.cs:line 194	System.InvalidOperationException : The LINQ expression 'DbSet<Order>() .GroupBy(o => o.Country) .Select(g => new { Key = g.Key, Marker = g .Max(o => "$CustomerID") })' could not be translated. Either rewrite the query in a form that can be translated, or switch to client evaluation explicitly by inserting a call to 'AsEnumerable', 'AsAsyncEnumerable', 'ToList', or 'ToListAsync'. See https://go.mic
NativeBareProjectionTests.Bare_owned_collection_projection_goes_native	Failed	NativeBareProjectionTests.cs:line 251	Assert.Equal() Failure: Collections differ ↓ (pos 2) Expected: string[] ["h1|h2", "<empty>", "<empty>", "<empty>", "h9"] Actual: ListSelectIterator<List<Post>, string> ["h1|h2", "<empty>", "<null>", "<null>", "h9"] ↑ (pos 2)
NativeOwnedReferenceWholeEntityTests.Owned_reference_entity_leaf_with_string_owner_key_in_anonymous_type_with_Union(mode: DriverLinq)	Failed	NativeOwnedReferenceWholeEntityTests.cs:line 1078	System.InvalidOperationException : The LINQ expression 'ProjectionBindingExpression: Title' could not be translated. Either rewrite the query in a form that can be translated, or switch to client evaluation explicitly by inserting a call to 'AsEnumerable', 'AsAsyncEnumerable', 'ToList', or 'ToListAsync'. See https://go.microsoft.com/fwlink/?linkid=2101038 for more information.
NativeSetOperationProjectionTests.Union_of_distinct_anonymous_operand_with_a_constant_member_declines	Passed		
NativeJoinTests.Distinct_after_a_bare_Inner_entity_leaf_matches_oracle(mode: DriverLinq, shape: "DistinctCount")	Passed		
NativeSetOpsTests.Intersect_full_overlap_yields_deduped_first	Failed	NativeSetOpsTests.cs:line 200	System.InvalidOperationException : The LINQ expression 'DbSet<Item>() .Where(i => i.Value >= 1) .Intersect(DbSet<Item>() .Where(i => i.Value >= 1))' could not be translated. Either rewrite the query in a form that can be translated, or switch to client evaluation explicitly by inserting a call to 'AsEnumerable', 'AsAsyncEnumerable', 'ToList', or 'ToListAsync'. See https://go.microsoft.com/fwlink/?
NativeArrayProjectionTests.Non_nullable_Length_container_element_throws_on_null_instead_of_reading_zero	Failed	NativeArrayProjectionTests.cs:line 1836	Assert.Throws() Failure: Exception type was not an exact match Expected: typeof(System.InvalidOperationException) Actual: typeof(MongoDB.Driver.MongoCommandException) ---- MongoDB.Driver.MongoCommandException : Command aggregate failed: Executor error during aggregate command on namespace: EFTest-2026-10-01T13-10-40-46.Non_nullable_Length_container_element_throws_on_null_instead_of_reading_zero_eb
QueryModeGateTests.NativeOnly_starts_with_uses_anchored_regex	Passed		
NativeGroupByTests.GroupBy_after_source_side_OrderBy_Skip_Take_matches_driver_linq	Failed	NativeGroupByTests.cs:line 874	System.InvalidOperationException : The LINQ expression 'DbSet<Order>() .OrderBy(o => o.Amount) .Skip(@p) .Take(@p1) .GroupBy(o => o.Country) .Select(g => new { Key = g.Key, Sum = g .Sum(o => o.Amount) })' could not be translated. Either rewrite the query in a form that can be translated, or switch to client evaluation explicitly by inserting a call to 'AsEnumerable', 'AsAsyncEnumerable', 'ToList',
NativeGroupByOverJoinTests.Null_propagating_value_over_an_unmatched_left_join_side_stays_native(shape: "Outer-side Substring", expected: "A:2|B:1|C:1|D:1")	Failed	NativeGroupByOverJoinTests.cs:line 1099	System.InvalidOperationException : The LINQ expression 'DbSet<Owner>() .GroupJoin( inner: DbSet<Order>(), outerKeySelector: w => w.Id, innerKeySelector: o => o.OwnerId, resultSelector: (w, gj) => new { w = w, gj = gj }) .SelectMany( collectionSelector: <>h__TransparentIdentifier0 => <>h__TransparentIdentifier0.gj .DefaultIfEmpty(), resultSelector: (<>h__TransparentIdentifier0, o) => new { w = <>h_
NativeSetOpsTests.Chained_union_goes_native	Passed		
NativeJoinTests.Outer_paging_before_a_navigation_less_one_to_many_join_pages_the_outer_rows(mode: Native, leftOuter: False)	Passed		
NativeReverseLastTests.Last_over_a_descending_order_flips_to_ascending_and_returns_the_minimum	Passed		
NativeGroupByKeyCaseMappingTests.Shapes_with_no_native_case_mapping_throw(mode: "DriverLinq")	Failed	NativeGroupByKeyCaseMappingTests.cs:line 303	Assert.Contains() Failure: Sub-string not found String: "The LINQ expression 'DbSet<Row>()\n .As"··· Not found: "$toUpper/$toLower"
NativeJoinTests.Bare_Inner_entity_leaf_over_a_join_matches_oracle(mode: DriverLinq, shape: "FirstAfter")	Passed		
QueryModeGateTests.NativeOnly_is_null_predicate_does_not_throw	Passed		
NativeComputedProjectionTests.Mixed_whole_entity_and_owned_collection_count_leaf_works_in_both_native_modes(mode: NativeOnly)	Failed	NativeComputedProjectionTests.cs:line 353	System.ArgumentException : Expression of type 'System.Collections.Generic.List`1[MongoDB.EntityFrameworkCore.FunctionalTests.Query.NativeComputedProjectionTests+Post]' cannot be used for parameter of type 'System.Linq.IQueryable`1[MongoDB.EntityFrameworkCore.FunctionalTests.Query.NativeComputedProjectionTests+Post]' of method 'Int32 Count[Post](System.Linq.IQueryable`1[MongoDB.EntityFrameworkCore.
NativeDistinctTests.Bare_scalar_nullable_converted_Distinct_then_Count_counts_null_group_with_hand_oracle	Failed	NativeDistinctTests.cs:line 822	System.ArgumentException : Serializer value type System.Linq.IQueryable`1[System.Int32] is incompatible with expression value type System.Linq.IQueryable`1[System.Nullable`1[System.Int32]] (Parameter 'serializer')
NativeVectorSearchTests.Exact_with_num_candidates_throws_InvalidOperationException_in_every_mode(mode: Native)	Passed		
NativeMaterializerNullabilityTests.Nullable_selector_aggregate_over_distinct_nullable_string_length_reads_null	Failed	NativeMaterializerNullabilityTests.cs:line 584	MongoDB.Driver.MongoCommandException : Command aggregate failed: Executor error during aggregate command on namespace: EFTest-2026-10-01T13-10-40-20.Nullable_selector_aggregate_over_distinct_nullable_string_length_reads_null_n :: caused by :: $strLenCP requires a string argument.
NativeDistinctTests.Distinct_then_Count_goes_native	Passed		
QueryModeGateTests.NativeOnly_ends_with_uses_anchored_regex	Passed		
Ef373InterleavedPagingTests.Paging_between_two_transparent_identifier_joins_matches_oracle(mode: Native, shape: "WrappedSkip")	Failed	Ef373InterleavedPagingTests.cs:line 246	System.NotSupportedException : A 'Skip', 'Take', or 'Distinct' operator composed between two cross-collection joins (e.g. from 'Include'/'ThenInclude' or an explicit 'Join') is not supported. Move the operator so that it is not interleaved between the joins.
DateTimeOffsetMemberProjectionTests.Concatenating_DateTimeOffset_throws_instead_of_bson_json(shape: "concat_two", mode: Native)	Failed	DateTimeOffsetMemberProjectionTests.cs:line 379	Assert.Throws() Failure: No exception was thrown Expected: typeof(System.InvalidOperationException)
Ef373InterleavedPagingTests.Paging_between_two_transparent_identifier_joins_matches_oracle(mode: DriverLinq, shape: "WrappedSkipTake")	Failed	Ef373InterleavedPagingTests.cs:line 243	System.NotSupportedException : A 'Skip', 'Take', or 'Distinct' operator composed between two cross-collection joins (e.g. from 'Include'/'ThenInclude' or an explicit 'Join') is not supported. Move the operator so that it is not interleaved between the joins.
NativeBareProjectionTests.Bare_projection_then_Distinct_goes_native_and_returns_correct_values(mode: NativeOnly)	Passed		
NativeOwnedCollectionAllTests.All_over_a_collection_reached_through_an_owned_reference_goes_native	Passed		
NativeJoinScopeConditionalProjectionTests.Wrapped_entity_null_check_over_a_reference_join_goes_native(isNotNull: False)	Passed		
NativeGroupByKeyCaseMappingTests.Result_selector_overload(mode: "DriverLinq")	Failed	NativeGroupByKeyCaseMappingTests.cs:line 302	Assert.Throws() Failure: Exception type was not an exact match Expected: typeof(System.InvalidOperationException) Actual: typeof(System.ArgumentException) ---- System.ArgumentException : Expression of type 'MongoDB.EntityFrameworkCore.Query.QueryingEnumerable`2[MongoDB.Bson.BsonDocument,MongoDB.EntityFrameworkCore.FunctionalTests.Query.NativeGroupByKeyCaseMappingTests+Row]' cannot be used for retu
NativeJoinTests.Distinct_after_a_bare_Inner_entity_leaf_matches_oracle(mode: DriverLinq, shape: "DuplicateInnerDistinct")	Failed	NativeJoinTests.cs:line 991	Assert.Equal() Failure: Collections differ ↓ (pos 1) Expected: ["Alice", "Bob"] Actual: ["Alice", "Alice", "Bob"] ↑ (pos 1)
NativeJoinTests.Distinct_after_a_bare_Inner_entity_leaf_matches_oracle(mode: Native, shape: "PagedOuterDistinct")	Failed	NativeJoinTests.cs:line 991	Assert.Equal() Failure: Collections differ Expected: ["Alice"] Actual: ["Alice", "Alice"] ↑ (pos 1)
NativeSetOpsTests.Outer_GroupBy_over_grouped_source1_set_op_matches_in_memory(name: "GroupBy operand, outer GroupBy by Count", query: Func`3 { Method = System.Collections.Generic.IEnumerable`1[System.ValueTuple`2[System.Int32,System.Int32]] <OuterGroupByOverGroupedSource1Shapes>b__136_0(System.Linq.IQueryable`1[NativeSetOpsTests+Item], System.Linq.IQueryable`1[NativeSetOpsTests+Item]), Target = <>c { } })	Failed	NativeSetOpsTests.cs:line 2461	System.InvalidOperationException : The LINQ expression 'DbSet<Item>() .Where(i => i.Value <= 3) .GroupBy(i => i.Value) .Select(g => new { Key = g.Key, Count = g .Count() }) .Union(DbSet<Item>() .Where(i => i.Value >= 2) .GroupBy(i => i.Value) .Select(g => new { Key = g.Key, Count = g .Count() })) .GroupBy(x => x.Count) .Select(g => new { Key = g.Key, Total = g .Count() })' could not be translated.
NativeJoinTests.Collection_Include_on_the_inner_side_of_a_join_reads_the_inner_entitys_own_collection(shape: "LeftJoin")	Failed	NativeJoinTests.cs:line 1915	System.InvalidOperationException : Document element is missing for required non-nullable property 'Id'.
NativeGroupByTests.GroupBy_then_Average_matches_driver_linq	Failed	NativeGroupByTests.cs:line 1025	System.InvalidOperationException : The LINQ expression 'DbSet<Order>() .GroupBy(o => o.Country) .Select(g => new { Country = g.Key, Total = g .Sum(o => o.Amount) }) .Average(x => x.Total)' could not be translated. Either rewrite the query in a form that can be translated, or switch to client evaluation explicitly by inserting a call to 'AsEnumerable', 'AsAsyncEnumerable', 'ToList', or 'ToListAsync
NativeOwnedCollectionCountTests.Count_comparison_emits_the_array_index_form(op: "<", expectedMatch: "{ \"Posts.1\" : { \"$exists\" : false } }")	Passed		
NativeReferenceCollectionCountPredicateTests.Count_predicate_before_a_later_Join_declines_cleanly_under_NativeOnly	Passed		
NativeJoinTests.Take_after_Where_over_a_two_level_collection_nav_chain_goes_native_under_NativeOnly	Passed		
NativeDateTimeKindReadbackTests.GroupBy_nullable_key_reads_back_with_the_property_kind	Failed	NativeDateTimeKindReadbackTests.cs:line 219	System.InvalidOperationException : The LINQ expression 'DbSet<Order>() .GroupBy(o => o.NLocalDate) .Select(g => new { Key = g.Key, C = g .Count() })' could not be translated. Either rewrite the query in a form that can be translated, or switch to client evaluation explicitly by inserting a call to 'AsEnumerable', 'AsAsyncEnumerable', 'ToList', or 'ToListAsync'. See https://go.microsoft.com/fwlink/
NativeJoinScopeConditionalProjectionTests.Nav_null_check_ternary_over_a_two_level_LeftJoin_chain_matches_oracle(mode: Native, shape: "JoinThenLeftJoinBareTernary")	Failed	NativeJoinScopeConditionalProjectionTests.cs:line 467	Assert.Equal() Failure: Collections differ ↓ (pos 1) Expected: ["Western Europe", "<none>", "<none>"] Actual: ["Western Europe", "<null>", "<null>"] ↑ (pos 1)
NativeJoinTests.Whole_entity_leaf_beside_a_renamed_or_dotted_scalar_leaf_reads_correctly(mode: Native)	Failed	NativeJoinTests.cs:line 1648	System.InvalidOperationException : Document element 'Value' is missing but required.
NativeSetOpsTests.Distinct_after_projected_operand_union_falls_back_gracefully	Passed		
NativeCastTests.Field_to_field_comparison_over_a_both_side_transforming_converter_declines	Failed	NativeCastTests.cs:line 2153	Assert.Equal() Failure: Strings differ ↓ (pos 6) Expected: "threw NativeTranslationNotSupportedExcept"··· Actual: "threw ExpressionNotSupportedException" ↑ (pos 6)
DateTimeOffsetMemberProjectionTests.Select_DateTimeOffset_ToString_in_anonymous_projection_matches_client_evaluation(mode: DriverLinq)	Failed	DateTimeOffsetMemberProjectionTests.cs:line 239	Assert.Equal() Failure: Strings differ ↓ (pos 0) Expected: "15/03/2024 13:45:30 -05:00" Actual: "{"DateTime":"2024-03-15T18:45:30.250Z","T"··· ↑ (pos 0)
NativeOwnedCollectionPredicateTests.Owned_collection_Any_composes_with_other_conjuncts_natively	Passed		
Ef373InterleavedPagingTests.Paging_between_two_joins_pages_the_rows_the_first_join_produced(mode: DriverLinq)	Failed	Ef373InterleavedPagingTests.cs:line 50	System.NotSupportedException : A 'Skip', 'Take', or 'Distinct' operator composed between two cross-collection joins (e.g. from 'Include'/'ThenInclude' or an explicit 'Join') is not supported. Move the operator so that it is not interleaved between the joins.
NativeGroupByCtorProjectionTests.GroupBy_select_with_one_argument_ctor_only_dto_and_no_aggregate_goes_native	Failed	NativeGroupByCtorProjectionTests.cs:line 228	System.InvalidOperationException : The LINQ expression 'DbSet<Order>() .GroupBy(o => o.CustomerId) .Select(g => new CustomerIdOnly(g.Key))' could not be translated. Either rewrite the query in a form that can be translated, or switch to client evaluation explicitly by inserting a call to 'AsEnumerable', 'AsAsyncEnumerable', 'ToList', or 'ToListAsync'. See https://go.microsoft.com/fwlink/?linkid=21
NativeGroupByTests.Post_group_terminal_aggregates_over_an_alias_shadowing_a_key_part_name_read_the_alias	Failed	NativeGroupByTests.cs:line 3256	System.InvalidOperationException : The LINQ expression 'DbSet<Order>() .GroupBy(o => new { Country = o.Country }) .Select(g => new { Country = g .Count(), C = g.Key.Country }) .All(x => x.Country > 1)' could not be translated. Either rewrite the query in a form that can be translated, or switch to client evaluation explicitly by inserting a call to 'AsEnumerable', 'AsAsyncEnumerable', 'ToList', or
NativeGroupByOverJoinTests.Post_group_where_after_a_confirmed_join_group_goes_native	Failed	NativeGroupByOverJoinTests.cs:line 685	System.InvalidOperationException : The LINQ expression 'DbSet<Order>() .GroupBy(o => o.Owner.Region) .Select(g => new { Key = g.Key, Count = g .Count() }) .Where(x => x.Count > 1)' could not be translated. Either rewrite the query in a form that can be translated, or switch to client evaluation explicitly by inserting a call to 'AsEnumerable', 'AsAsyncEnumerable', 'ToList', or 'ToListAsync'. See h
NativeOwnedCollectionPredicateTests.Owned_SelectMany_with_an_inner_Any_filter_now_works	Failed	NativeOwnedCollectionPredicateTests.cs:line 484	System.InvalidOperationException : The LINQ expression 'DbSet<Blog>() .AsNoTracking() .SelectMany( collectionSelector: b => b.Posts .Where(p => p.Comments .Any(c => c.Text == "t")), resultSelector: (b, p) => new { Heading = p.Heading })' could not be translated. Either rewrite the query in a form that can be translated, or switch to client evaluation explicitly by inserting a call to 'AsEnumerable
NativeOwnedCollectionCountTests.Count_equal_nonzero_goes_native	Failed	NativeOwnedCollectionCountTests.cs:line 287	MongoDB.Driver.MongoCommandException : Command aggregate failed: Executor error during aggregate command on namespace: EFTest-2026-10-01T13-10-40-15.Count_equal_nonzero_goes_native_8a96e1d4 :: caused by :: The argument to $size must be an array, but was of type: missing.
NativeSetOpsTests.Concat_whole_entity_goes_native	Passed		
NativeConditionalAndDateTimeTests.TimeOfDay_member_Intersect_with_a_TimeSpan_property_declines(mode: Native)	Passed		
NativeCastTests.Widening_cast_comparison_over_a_value_converted_property_keeps_the_property_serializer	Failed		System.NotSupportedException : Serializer class ValueConverterSerializer`2 does not implement IHasRepresentationSerializer.
NativeJoinTests.Bare_whole_inner_entity_select_after_join_goes_native	Passed		
Ef382ArrayContainsTests.Values_contains_field_is_unaffected_and_still_goes_native_as_in	Passed		
NativeBoolBitwiseTests.Where_or_with_a_nullable_bool_operand_declines_cleanly	Passed		
NativeOwnedCollectionAllTests.Quantifier_result_equals_the_in_memory_oracle_for_every_element_and_array_state(name: "ne-null", predicate: b => b.Posts.All(p => (p.Rank != null)))	Failed	NativeOwnedCollectionAllTests.cs:line 568	MongoDB.Driver.MongoCommandException : Command aggregate failed: Executor error during aggregate command on namespace: EFTest-2026-10-01T13-10-40-17.diff_ne-null_0ef14150 :: caused by :: $allElementsTrue's argument must be an array, but is null.
NativeSetOperationProjectionTests.Union_of_key_column_and_computed_scalar_goes_native	Passed		
NativeDateTimeKindReadbackTests.Date_part_over_a_local_kind_property_throws_in_every_mode(shape: "GroupKey_Composite_Hour")	Passed		
NativeJoinScopeConditionalProjectionTests.Nav_null_check_ternary_over_a_two_level_LeftJoin_chain_matches_oracle(mode: Native, shape: "LeftJoinThenLeftJoinWrappedTernary")	Failed	NativeJoinScopeConditionalProjectionTests.cs:line 467	Assert.Equal() Failure: Collections differ ↓ (pos 1) Expected: ["1:Western Europe", "2:<none>", "3:<none>", "4:<none>"] Actual: ["1:Western Europe", "2:<null>", "3:<null>", "4:<null>"] ↑ (pos 1)
NativeGroupByKeyCaseMappingTests.Unmapped_key_control(mode: "DriverLinq")	Failed	NativeGroupByKeyCaseMappingTests.cs:line 307	System.InvalidOperationException : The LINQ expression 'DbSet<Row>() .AsNoTracking() .GroupBy(x => x.S) .Select(g => new { K = g.Key, C = g .Count() })' could not be translated. Either rewrite the query in a form that can be translated, or switch to client evaluation explicitly by inserting a call to 'AsEnumerable', 'AsAsyncEnumerable', 'ToList', or 'ToListAsync'. See https://go.microsoft.com/fwli
NativeConditionalAndDateTimeTests.TimeOfDay_member_Intersect_with_a_TimeSpan_property_declines(mode: DriverLinq)	Passed		
QueryModeGateTests.Native_order_after_take_returns_correct_rows	Passed		
NativeOwnedCollectionFilteredCountTests.Count_result_equals_the_in_memory_oracle_for_every_array_and_element_state(name: "eq0", predicate: b => (b.Posts.Count(p => (p.Rank > Convert(0, Nullable`1))) == 0))	Passed		
NativeGroupByTests.Get_type_comparison_over_a_projected_distinct_row_declines_cleanly	Passed		
NativeGroupByOverJoinTests.Null_guarded_string_key_over_an_unmatched_left_join_side_stays_native(shape: "Length", expected: "5:4|<null>:1")	Failed	NativeGroupByOverJoinTests.cs:line 984	System.InvalidOperationException : The LINQ expression 'DbSet<Owner>() .GroupJoin( inner: DbSet<Order>(), outerKeySelector: w => w.Id, innerKeySelector: o => o.OwnerId, resultSelector: (w, gj) => new { w = w, gj = gj }) .SelectMany( collectionSelector: <>h__TransparentIdentifier0 => <>h__TransparentIdentifier0.gj .DefaultIfEmpty(), resultSelector: (<>h__TransparentIdentifier0, o) => new { w = <>h_
DateTimeOffsetMemberProjectionTests.Concatenating_DateTimeOffset_throws_instead_of_bson_json(shape: "suffix", mode: Native)	Failed	DateTimeOffsetMemberProjectionTests.cs:line 379	Assert.Throws() Failure: No exception was thrown Expected: typeof(System.InvalidOperationException)
NativeOwnedCollectionFilteredCountTests.Filtered_count_relational_element_predicate_equals_the_in_memory_oracle(name: "lte", selector: b => new TitleCount() {Title = b.Title, N = b.Posts.Count(p => (p.Rank <= Convert(-5, Nullable`1)))}, expectedMultiMixedN: 1)	Failed	NativeOwnedCollectionFilteredCountTests.cs:line 1339	System.InvalidOperationException : The LINQ expression 'o' could not be translated. Either rewrite the query in a form that can be translated, or switch to client evaluation explicitly by inserting a call to 'AsEnumerable', 'AsAsyncEnumerable', 'ToList', or 'ToListAsync'. See https://go.microsoft.com/fwlink/?linkid=2101038 for more information.
NativeGroupByOverJoinTests.Intersect_of_a_join_scope_operand_filtered_on_a_matching_inner_value_goes_native	Failed	NativeGroupByOverJoinTests.cs:line 1203	System.InvalidOperationException : The LINQ expression 'DbSet<Order>() .Where(o => o.Owner.Name == "Alice") .Select(o => new { Total = o.Total }) .Intersect(DbSet<Order>() .GroupBy(o => o.Region) .Select(g => new { Total = g .Max(o => o.Total) }))' could not be translated. Either rewrite the query in a form that can be translated, or switch to client evaluation explicitly by inserting a call to 'A
NativeJoinTests.Reference_included_Inner_leaf_of_a_join_scope_materializes_correctly	Passed		
NativeJoinScopeNestedProjectionTests.Nested_projection_with_computed_member_falls_back(mode: NativeOnly)	Passed		
NativeJoinTests.Chain_scalar_leaf_beside_a_whole_entity_leaf_at_a_non_adjacent_chain_level_reads_correctly	Passed		
NativeJoinTests.Bare_whole_outer_entity_select_after_join_goes_native	Passed		
NativeCardinalityTests.Any_true_and_false	Passed		
NativeComputedProjectionTests.Wrapped_and_bare_whole_entity_leaves_both_go_native_and_work_in_every_mode(mode: NativeOnly)	Passed		
NativeChainedReferenceNavigationFilterTests.Comparison_spanning_two_hops_declines_cleanly	Passed		
NativeOfTypeTests.OfType_composed_with_Distinct_on_derived_members_falls_back_under_native_only	Passed		
NativeOfTypeTests.OfType_intermediate_type_goes_native_and_returns_subtree(mode: ShadowPropertyWithValues)	Passed		
NativeArrayProjectionTests.Whole_entity_container_element_is_not_read_as_a_scalar	Failed	NativeArrayProjectionTests.cs:line 1952	System.InvalidOperationException : No coercion operator is defined between types 'System.String' and 'System.Int32'.
NativeChainedJoinPagingTests.Paging_between_joins_after_a_first_level_filter_with_a_wrapped_projection	Failed	NativeChainedJoinPagingTests.cs:line 99	System.NotSupportedException : A 'Skip', 'Take', or 'Distinct' operator composed between two cross-collection joins (e.g. from 'Include'/'ThenInclude' or an explicit 'Join') is not supported. Move the operator so that it is not interleaved between the joins.
NativeComputedProjectionTests.Mixed_whole_entity_and_computed_leaf_ordered_by_the_computed_sibling_goes_native	Passed		
NativeSetOperationProjectionTests.Concat_of_column_and_grouped_count_goes_native	Passed		
NativeGateRoutingTests.D_anonymous_member_projection_runs_native_under_NativeOnly	Passed		
DateTimeOffsetMemberProjectionTests.Select_DateTimeOffset_ToString_format_matches_client_evaluation(mode: Native)	Failed	DateTimeOffsetMemberProjectionTests.cs:line 216	MongoDB.Driver.Linq.ExpressionNotSupportedException : Expression not supported: d.DateTimeOffset.ToString("o").
NativeJoinScopeConditionalProjectionTests.Bare_nav_null_check_ternary_over_a_reference_join_matches_oracle(mode: DriverLinq)	Passed		
NativeOwnedCollectionAllTests.Owned_collection_All_with_captured_parameter_element_predicate_goes_native	Passed		
NativeDateTimeKindReadbackTests.Date_part_over_an_unconfigured_property_still_works	Passed		
NativeDateTimeKindReadbackTests.Terminal_max_after_a_group_or_distinct_reads_back_with_the_property_kind	Failed	NativeDateTimeKindReadbackTests.cs:line 361	System.InvalidOperationException : The LINQ expression 'DbSet<Order>() .GroupBy(o => o.Country) .Select(g => g .Max(x => x.LocalDate)) .Max()' could not be translated. Either rewrite the query in a form that can be translated, or switch to client evaluation explicitly by inserting a call to 'AsEnumerable', 'AsAsyncEnumerable', 'ToList', or 'ToListAsync'. See https://go.microsoft.com/fwlink/?linkid
NativeGroupByOverJoinTests.Nullable_key_over_an_unmatched_left_join_side_groups_under_null	Failed	NativeGroupByOverJoinTests.cs:line 274	System.InvalidOperationException : The LINQ expression 'DbSet<Owner>() .GroupJoin( inner: DbSet<Order>(), outerKeySelector: w => w.Id, innerKeySelector: o => o.OwnerId, resultSelector: (w, gj) => new { w = w, gj = gj }) .SelectMany( collectionSelector: <>h__TransparentIdentifier0 => <>h__TransparentIdentifier0.gj .DefaultIfEmpty(), resultSelector: (<>h__TransparentIdentifier0, o) => new { <>h__Tra
NativeGroupByOverJoinTests.Non_null_propagating_computed_key_over_an_unmatched_left_join_side_declines(shape: "Math.Max")	Passed		
NativeGroupByTests.GroupBy_then_bare_Count_matches_driver_linq	Failed	NativeGroupByTests.cs:line 1251	System.InvalidOperationException : The LINQ expression 'DbSet<Order>() .GroupBy(o => o.Country) .Count()' could not be translated. Either rewrite the query in a form that can be translated, or switch to client evaluation explicitly by inserting a call to 'AsEnumerable', 'AsAsyncEnumerable', 'ToList', or 'ToListAsync'. See https://go.microsoft.com/fwlink/?linkid=2101038 for more information.
NativeGroupByOverJoinTests.Null_guarded_string_projection_over_an_unmatched_left_join_side(shape: "IndexOf", expected: "Alice:1|Alice:1|Bob:1|Cara:1|Dora:<null>")	Passed		
NativeGroupByOverJoinTests.Self_join_groups_by_the_outer_and_aggregates_the_inner	Failed	NativeGroupByOverJoinTests.cs:line 429	System.InvalidOperationException : The LINQ expression 'DbSet<Order>() .Join( inner: DbSet<Order>(), outerKeySelector: o => o.Id, innerKeySelector: o2 => o2.Id, resultSelector: (o, o2) => new { o = o, o2 = o2 }) .GroupBy( keySelector: <>h__TransparentIdentifier0 => <>h__TransparentIdentifier0.o.Region, elementSelector: <>h__TransparentIdentifier0 => <>h__TransparentIdentifier0.o2) .Select(g => new
NativeReferenceIncludeTests.Two_joins_onto_the_same_target_stay_declined	Passed		
NativeDocumentConstructionProjectionTests.Bare_ternary_whose_branches_read_different_fields_into_one_member_declines	Passed		
NativeArrayProjectionTests.Computed_sibling_still_declines_alongside_an_array_leaf	Failed	NativeArrayProjectionTests.cs:line 1211	System.ArgumentException : Expression of type 'System.Collections.Generic.List`1[MongoDB.EntityFrameworkCore.FunctionalTests.Query.NativeArrayProjectionTests+Post]' cannot be used for parameter of type 'System.Linq.IQueryable`1[MongoDB.EntityFrameworkCore.FunctionalTests.Query.NativeArrayProjectionTests+Post]' of method 'Int32 Count[Post](System.Linq.IQueryable`1[MongoDB.EntityFrameworkCore.Functi
NativeClientEvaluatedLeafTests.Distinct_over_a_client_leaf_beside_a_field_dedups_by_the_field	Passed		
NativeNullableMemberTests.Negated_HasValue_emits_not_over_ne_null	Failed	NativeNullableMemberTests.cs:line 230	Assert.Contains() Failure: Sub-string not found String: "Executed MQL query\nEFTest-2026-10-01T13-1"··· Not found: ""$not""
NativeOfTypeTests.OfType_intermediate_type_goes_native_and_returns_subtree(mode: RealProperty)	Passed		
NativeOwnedCollectionAllTests.Quantifier_result_equals_the_in_memory_oracle_for_every_element_and_array_state(name: "or", predicate: b => b.Posts.All(p => ((p.Rank > Convert(5, Nullable`1)) OrElse (p.Heading == "a"))))	Failed	NativeOwnedCollectionAllTests.cs:line 568	MongoDB.Driver.MongoCommandException : Command aggregate failed: Executor error during aggregate command on namespace: EFTest-2026-10-01T13-10-40-17.diff_or_637f949b :: caused by :: $allElementsTrue's argument must be an array, but is null.
NativeOwnedCollectionCountTests.A_negated_parameterized_count_declines_and_falls_back_to_correct_rows	Passed		
NativeGroupByTests.GroupBy_single_member_anonymous_key_Key_member_inside_accumulator_matches_oracle(mode: Native)	Failed	NativeGroupByTests.cs:line 1654	System.InvalidOperationException : The LINQ expression 'DbSet<Order>() .GroupBy(o => new { Country = o.Country }) .Select(g => new { Country = g.Key.Country, UsCount = g .Count(o => g.Key.Country == "US") })' could not be translated. Either rewrite the query in a form that can be translated, or switch to client evaluation explicitly by inserting a call to 'AsEnumerable', 'AsAsyncEnumerable', 'ToLi
NativeOwnedCollectionCountTests.Count_result_equals_the_in_memory_oracle_for_every_array_length_and_state(name: "const-eq4", predicate: b => (b.Posts.Count == 4))	Failed	NativeOwnedCollectionCountTests.cs:line 960	MongoDB.Driver.MongoCommandException : Command aggregate failed: Executor error during aggregate command on namespace: EFTest-2026-10-01T13-10-40-15.diff_const-eq4_ab597006 :: caused by :: The argument to $size must be an array, but was of type: missing.
NativeGateRoutingTests.A_enum_as_string_order_by_is_refused(mode: NativeOnly)	Failed	NativeGateRoutingTests.cs:line 192	Assert.IsType() Failure: Value is null Expected: typeof(MongoDB.EntityFrameworkCore.Query.NativeTranslation.NativeTranslationNotSupportedException) Actual: null
NativeDistinctTests.Distinct_then_Where_on_renamed_member_filters_by_the_projected_source_not_the_colliding_entity_property	Passed		
NativeMaterializerNullabilityTests.Nullable_string_scalar_behind_non_nullable_type_throws_on_null_row(shape: "LongLength")	Failed	NativeMaterializerNullabilityTests.cs:line 358	Assert.Throws() Failure: Exception type was not an exact match Expected: typeof(System.InvalidOperationException) Actual: typeof(MongoDB.Driver.MongoCommandException) ---- MongoDB.Driver.MongoCommandException : Command aggregate failed: Executor error during aggregate command on namespace: EFTest-2026-10-01T13-10-40-20.Nullable_string_scalar_behind_non_nullable_type_throws_on_null_row_LongLength :
NativeConditionalAndDateTimeTests.Boxed_TimeOfDay_projection_declines	Passed		
NativeComputedSortTests.Computed_primary_then_field_secondary	Passed		
NativeGroupByTests.Nested_group_by_bare_terminal_aggregate_counts_the_nested_groups(aggregate: "Count", postGroupWhere: True, expected: 2)	Failed	NativeGroupByTests.cs:line 3860	System.InvalidOperationException : The LINQ expression 'DbSet<Order>() .GroupBy(o => o.Country) .Select(g => new { Land = g.Key, N = g .Count() }) .Where(x => x.Land != "A") .GroupBy(x => x.N) .Count()' could not be translated. Either rewrite the query in a form that can be translated, or switch to client evaluation explicitly by inserting a call to 'AsEnumerable', 'AsAsyncEnumerable', 'ToList', o
NativeArrayProjectionTests.Array_leaf_alongside_an_arithmetic_leaf_declines_and_returns_correct_data_in_every_mode	Passed		
NativeBoolBitwiseTests.Where_or_of_a_bool_converted_to_nullable_bool_declines_cleanly	Passed		
NativeGroupByKeyCaseMappingTests.KeyValuePair_over_a_case_mapped_key(mode: "Native")	Failed	NativeGroupByKeyCaseMappingTests.cs:line 307	System.InvalidOperationException : The LINQ expression 'DbSet<Row>() .AsNoTracking() .GroupBy(x => x.S) .Select(g => new KeyValuePair<string, int>( g.Key.ToUpper(), g .Count() ))' could not be translated. Either rewrite the query in a form that can be translated, or switch to client evaluation explicitly by inserting a call to 'AsEnumerable', 'AsAsyncEnumerable', 'ToList', or 'ToListAsync'. See ht
NativeMaterializerNullabilityTests.Selector_aggregate_over_distinct_nullable_string_length_declines(op: "Max")	Passed		
NativeGroupByTests.GroupBy_Select_with_distinct_min_goes_native	Failed	NativeGroupByTests.cs:line 1421	System.InvalidOperationException : The LINQ expression 'DbSet<Order>() .GroupBy(o => o.Country) .Select(g => new { Key = g.Key, Min = g .Select(o => o.Year) .Distinct() .Min() })' could not be translated. Either rewrite the query in a form that can be translated, or switch to client evaluation explicitly by inserting a call to 'AsEnumerable', 'AsAsyncEnumerable', 'ToList', or 'ToListAsync'. See ht
NativeMaterializerNullabilityTests.Where_over_distinct_nullable_string_length_excludes_the_null_row	Failed	NativeMaterializerNullabilityTests.cs:line 636	MongoDB.Driver.MongoCommandException : Command aggregate failed: Executor error during aggregate command on namespace: EFTest-2026-10-01T13-10-40-20.Where_over_distinct_nullable_string_length_excludes_the_null_row :: caused by :: $strLenCP requires a string argument.
NativeGroupByKeyCaseMappingTests.Result_selector_overload(mode: "Native")	Failed	NativeGroupByKeyCaseMappingTests.cs:line 302	Assert.Throws() Failure: Exception type was not an exact match Expected: typeof(System.InvalidOperationException) Actual: typeof(System.ArgumentException) ---- System.ArgumentException : Expression of type 'MongoDB.EntityFrameworkCore.Query.QueryingEnumerable`2[MongoDB.Bson.BsonDocument,MongoDB.EntityFrameworkCore.FunctionalTests.Query.NativeGroupByKeyCaseMappingTests+Row]' cannot be used for retu
NativeOwnedCollectionFilteredCountTests.Filtered_count_predicate_goes_native	Passed		
NativeDistinctTests.OrderBy_before_Distinct_goes_native_and_dedups	Passed		
NativeOfTypeTests.OfType_value_converted_or_represented_discriminator_goes_native(useBsonRepresentation: False)	Passed		
NativeSetOperationProjectionTests.Union_of_constant_and_key_column_goes_native	Passed		
NativeCastTests.Missing_element_on_a_NON_nullable_property_is_type_bracketed_and_matches_driver_linq	Failed	NativeCastTests.cs:line 1819	Assert.Equal() Failure: Collections differ ↓ (pos 3) Expected: ["y", "y", "n", "n"] Actual: ["y", "y", "n", "y"] ↑ (pos 3)
NativeVectorSearchTests.Limit_zero_throws_identically_in_every_mode(mode: NativeOnly)	Passed		
NativeConditionalAndDateTimeTests.TimeOfDay_over_a_null_date_throws_like_CSharp	Failed	NativeConditionalAndDateTimeTests.cs:line 260	Assert.Throws() Failure: Exception type was not an exact match Expected: typeof(System.InvalidOperationException) Actual: typeof(System.FormatException) ---- System.FormatException : Cannot deserialize a 'TimeSpan' from BsonType 'Null'.
NativeDateTimeKindReadbackTests.GroupBy_coalesced_key_reads_back_with_the_property_kind	Failed	NativeDateTimeKindReadbackTests.cs:line 225	System.InvalidOperationException : The LINQ expression 'DbSet<Order>() .GroupBy(o => o.NLocalDate ?? o.LocalDate) .Select(g => new { Key = g.Key, C = g .Count() })' could not be translated. Either rewrite the query in a form that can be translated, or switch to client evaluation explicitly by inserting a call to 'AsEnumerable', 'AsAsyncEnumerable', 'ToList', or 'ToListAsync'. See https://go.micros
NativeSetOpsTests.GroupBy_after_Intersect_goes_native	Failed	NativeSetOpsTests.cs:line 2535	System.InvalidOperationException : The LINQ expression 'DbSet<Item>() .Where(i => i.Value <= 3) .Intersect(DbSet<Item>() .Where(i => i.Value >= 2 && i.Value <= 4)) .GroupBy(i => i.Name) .Select(g => new { Key = g.Key, Total = g .Count() })' could not be translated. Either rewrite the query in a form that can be translated, or switch to client evaluation explicitly by inserting a call to 'AsEnumera
NativeOwnedCollectionCountTests.Count_result_equals_the_in_memory_oracle_for_every_array_length_and_state(name: "any-pred", predicate: b => b.Posts.Any(p => (p.Rank > Convert(0, Nullable`1))))	Failed	NativeOwnedCollectionCountTests.cs:line 960	MongoDB.Driver.MongoCommandException : Command aggregate failed: Executor error during aggregate command on namespace: EFTest-2026-10-01T13-10-40-15.diff_any-pred_89d09de4 :: caused by :: $anyElementTrue's argument must be an array, but is null.
NativeOwnedCollectionCountTests.Reversed_operand_order_goes_native	Failed	NativeOwnedCollectionCountTests.cs:line 287	MongoDB.Driver.MongoCommandException : Command aggregate failed: Executor error during aggregate command on namespace: EFTest-2026-10-01T13-10-40-15.Reversed_operand_order_goes_native_257444bf :: caused by :: The argument to $size must be an array, but was of type: missing.
DateTimeOffsetMemberProjectionTests.Select_DateTimeOffset_ToString_in_anonymous_projection_matches_client_evaluation(mode: Native)	Failed	DateTimeOffsetMemberProjectionTests.cs:line 239	Assert.Equal() Failure: Strings differ ↓ (pos 0) Expected: "15/03/2024 13:45:30 -05:00" Actual: "{"DateTime":"2024-03-15T18:45:30.250Z","T"··· ↑ (pos 0)
NativeOwnedCollectionAllTests.All_with_a_nullable_leaf_Contains_predicate_goes_native_since_EF400	Passed		
NativeSelectorlessAggregateTests.Min_over_empty_non_nullable_select_throws_under_NativeOnly	Passed		
NativeOwnedCollectionFilteredCountTests.Filtered_count_predicate_emits_expr_over_size_over_filter_never_an_array_index_test	Failed	NativeOwnedCollectionFilteredCountTests.cs:line 316	Assert.Contains() Failure: Sub-string not found String: "Executed MQL query\nEFTest-2026-10-01T13-1"··· Not found: "$filter"
NativeReferenceCollectionCountPredicateTests.Include_ordered_Skip_on_same_nav_as_count_predicate_returns_correct_data(mode: Native)	Failed	NativeReferenceCollectionCountPredicateTests.cs:line 359	System.InvalidOperationException : Unsupported cross-DbSet query between 'MongoDB.EntityFrameworkCore.FunctionalTests.Query.NativeReferenceCollectionCountPredicateTests+Owner' and 'MongoDB.EntityFrameworkCore.FunctionalTests.Query.NativeReferenceCollectionCountPredicateTests+Order'. The MongoDB EF Core Provider does not support this cross-collection query. Consider using Join, Include, or restruct
Ef362OwnedHopArrayProjectionTests.Owned_hop_SCALAR_leaf_alongside_the_array_leaf_declines_and_the_fallback_returns_the_scalar_correctly	Failed	Ef362OwnedHopArrayProjectionTests.cs:line 200	System.ArgumentNullException : Value cannot be null. (Parameter 'source')
NativeCardinalityTests.All_returning_false_is_still_correct_when_one_row_fails_the_predicate	Passed		
NativeSetOperationProjectionTests.Union_of_two_constants_goes_native	Passed		
NativeBareProjectionTests.A_second_projection_after_a_bare_one_returns_correct_values(mode: Native)	Passed		
NativeOwnedCollectionFilteredCountTests.Filtered_count_relational_element_predicate_equals_the_in_memory_oracle(name: "negated_lt", selector: b => new TitleCount() {Title = b.Title, N = b.Posts.Count(p => Not((p.Rank < Convert(0, Nullable`1))))}, expectedMultiMixedN: 3)	Failed	NativeOwnedCollectionFilteredCountTests.cs:line 1339	System.InvalidOperationException : The LINQ expression 'o' could not be translated. Either rewrite the query in a form that can be translated, or switch to client evaluation explicitly by inserting a call to 'AsEnumerable', 'AsAsyncEnumerable', 'ToList', or 'ToListAsync'. See https://go.microsoft.com/fwlink/?linkid=2101038 for more information.
NativeOwnedReferenceWholeEntityTests.Owned_reference_entity_leaf_in_anonymous_type_with_Concat(mode: DriverLinq)	Failed	NativeOwnedReferenceWholeEntityTests.cs:line 919	System.InvalidOperationException : The LINQ expression 'ProjectionBindingExpression: Title' could not be translated. Either rewrite the query in a form that can be translated, or switch to client evaluation explicitly by inserting a call to 'AsEnumerable', 'AsAsyncEnumerable', 'ToList', or 'ToListAsync'. See https://go.microsoft.com/fwlink/?linkid=2101038 for more information.
NativeAnonymousKeyJoinTests.Left_join_on_anonymous_key_matches_oracle(mode: Native)	Failed	NativeAnonymousKeyJoinTests.cs:line 289	MongoDB.Driver.Linq.ExpressionNotSupportedException : Expression not supported: s => new <>f__AnonymousType28`2(Region = Field(s, "Region", value(MongoDB.Bson.Serialization.Serializers.StringSerializer)), Bay = Field(s, "Bay", value(MongoDB.Bson.Serialization.Serializers.NullableSerializer`1[System.Int32]))) because expression cannot be translated to a dotted field name.
NativeStringPredicateProjectionTests.Wrapped_predicate_members_are_read_whole	Failed	NativeStringPredicateProjectionTests.cs:line 145	Assert.Equal() Failure: Collections differ ↓ (pos 3) Expected: ArraySelectIterator<Row, ValueTuple<bool, bool, bool>> [Tuple (True, False, False), Tuple (False, True, False), Tuple (False, True, True), Tuple (False, True, True)] Actual: ListSelectIterator<<>f__AnonymousType312<bool, bool, bool>, ValueTuple<bool, bool, bool>> [Tuple (True, False, False), Tuple (False, True, False), Tuple (False, Tr
NativeCardinalityTests.First_after_Take_now_goes_native	Passed		
NativeChainedReferenceNavigationFilterTests.Self_referencing_second_hop_comparison	Passed		
NativeOwnedCollectionAllTests.Primitive_collection_All_is_rewritten_upstream_and_now_goes_native_via_EF382	Passed		
NativeGroupByTests.GroupBy_then_LongCount_with_count_predicate_goes_native	Failed	NativeGroupByTests.cs:line 1241	System.InvalidOperationException : The LINQ expression 'DbSet<Order>() .GroupBy(o => o.Country) .LongCount(g => g .Count() > 1)' could not be translated. Either rewrite the query in a form that can be translated, or switch to client evaluation explicitly by inserting a call to 'AsEnumerable', 'AsAsyncEnumerable', 'ToList', or 'ToListAsync'. See https://go.microsoft.com/fwlink/?linkid=2101038 for m
NativeSetOpsTests.Where_after_trailing_projection_on_intersect_goes_native_via_ef_predicate_pushdown(mode: NativeOnly)	Failed	NativeSetOpsTests.cs:line 1438	System.InvalidOperationException : The LINQ expression 'DbSet<Item>() .Where(i => i.Value <= 3) .Intersect(DbSet<Item>() .Where(i => i.Value >= 3)) .Select(i => new { N = i.Value }) .Where(x => x.N >= 2)' could not be translated. Either rewrite the query in a form that can be translated, or switch to client evaluation explicitly by inserting a call to 'AsEnumerable', 'AsAsyncEnumerable', 'ToList',
NativeJoinTests.Reference_Include_with_a_ThenInclude_on_a_join_scope_leaf_falls_back_with_correct_data(shape: "ReferenceThenReference")	Passed		
QueryModeGateTests.NativeOnly_negated_starts_with_uses_not_wrapped_regex	Passed		
NativeDistinctTests.Distinct_then_OrderBy_matches_driver_linq	Passed		
NativeGroupByTests.GroupBy_empty_key_Where_on_bare_Key_against_non_null_value_declines_to_driver_linq	Failed	NativeGroupByTests.cs:line 1538	System.InvalidOperationException : The LINQ expression 'DbSet<Order>() .GroupBy(o => new { }) .Where(g => g.Key == @sentinel) .Select(g => new { Key = g.Key, Sum = g .Sum(o => o.Amount) })' could not be translated. Either rewrite the query in a form that can be translated, or switch to client evaluation explicitly by inserting a call to 'AsEnumerable', 'AsAsyncEnumerable', 'ToList', or 'ToListAsyn
NativeDateTimeKindReadbackTests.Ternary_with_a_null_branch_reads_back_with_the_property_kind	Passed		
NativeSetOpsTests.Where_after_trailing_projection_on_union_goes_native_via_ef_predicate_pushdown	Passed		
NativeCardinalityTests.All_with_a_regex_predicate_is_unchanged_by_the_negator_swap	Passed		
NativeVectorSearchTests.Bare_vector_search_returns_score_order(mode: Native)	Passed		
Ef382ArrayContainsTests.Array_contains_as_a_filtered_count_element_predicate_declines_at_render_time	Failed	Ef382ArrayContainsTests.cs:line 398	System.InvalidOperationException : The LINQ expression 'o' could not be translated. Either rewrite the query in a form that can be translated, or switch to client evaluation explicitly by inserting a call to 'AsEnumerable', 'AsAsyncEnumerable', 'ToList', or 'ToListAsync'. See https://go.microsoft.com/fwlink/?linkid=2101038 for more information.
NativeSetOpsTests.Except_then_Where_goes_native	Failed	NativeSetOpsTests.cs:line 256	System.InvalidOperationException : The LINQ expression 'DbSet<Item>() .Where(i => i.Value <= 3) .Except(DbSet<Item>() .Where(i => i.Value >= 3)) .Where(i => i.Value >= 2)' could not be translated. Either rewrite the query in a form that can be translated, or switch to client evaluation explicitly by inserting a call to 'AsEnumerable', 'AsAsyncEnumerable', 'ToList', or 'ToListAsync'. See https://go
NativeCardinalityTests.Filtered_sum_and_count_go_native	Passed		
NativeJoinTests.Confirmed_join_projection_uses_the_flat_lookup_shape_under_DriverLinq_too	Failed	NativeJoinTests.cs:line 96	Assert.Contains() Failure: Sub-string not found String: "Executed MQL query\nEFTest-2026-10-01T13-1"··· Not found: "_lookup_Orders"
NativeSetOpsTests.Projected_operand_union_bare_goes_native	Passed		
NativeStringIsNullOrTests.IsNullOrWhiteSpace_negated_declines_natively_rather_than_render_wrongly_for_a_missing_field	Passed		
NativeDistinctTests.One_member_anonymous_Distinct_then_bare_parameter_consumers_match_driver_linq	Passed		
NativeGroupByTests.GroupBy_select_with_nested_construction_bool_constant_matches_in_memory_linq	Failed	NativeGroupByTests.cs:line 2852	System.InvalidOperationException : The LINQ expression 'DbSet<Order>() .GroupBy(o => new { }) .Select(g => new NestedConstantWrapper{ Container = new NestedConstantContainer{ BoolConstant = True, Sum = g .Sum(o => o.Amount) } } )' could not be translated. Either rewrite the query in a form that can be translated, or switch to client evaluation explicitly by inserting a call to 'AsEnumerable', 'AsA
NativeCastTests.Field_to_field_comparison_over_a_one_side_reencoding_converter_declines	Failed	NativeCastTests.cs:line 2201	Assert.Equal() Failure: Strings differ ↓ (pos 6) Expected: "threw NativeTranslationNotSupportedExcept"··· Actual: "threw ExpressionNotSupportedException" ↑ (pos 6)
NativeJoinTests.Distinct_after_a_bare_Inner_entity_leaf_returns_tracked_entities(mode: DriverLinq)	Failed	NativeJoinTests.cs:line 1005	Assert.Equal() Failure: Collections differ ↓ (pos 1) Expected: <generated> ["Alice", "Bob"] Actual: OrderedIterator<string, string> ["Alice", "Alice", "Bob"] ↑ (pos 1)
NativeDateTimeKindReadbackTests.Set_operation_over_whole_composite_keys_mixing_kinds_declines	Failed	NativeDateTimeKindReadbackTests.cs:line 502	System.InvalidOperationException : The LINQ expression 'DbSet<Order>() .GroupBy(o => new { Country = o.Country, D = o.LocalDate }) .Select(g => new { Key = g.Key }) .Concat(DbSet<Order>() .GroupBy(o => new { Country = o.Country, D = o.PlainDate }) .Select(g => new { Key = g.Key }))' could not be translated. Either rewrite the query in a form that can be translated, or switch to client evaluation e
NativeClientEvaluatedLeafTests.Closed_new_DateTime_leaf_beside_a_field_goes_native	Passed		
NativeOwnedReferenceWholeEntityTests.Owned_reference_entity_leaf_parity_between_native_and_driver_linq	Passed		
NativeGroupByKeyCaseMappingTests.Element_selector_overload(mode: "Native")	Failed	NativeGroupByKeyCaseMappingTests.cs:line 307	System.InvalidOperationException : The LINQ expression 'DbSet<Row>() .AsNoTracking() .GroupBy( keySelector: x => x.S, elementSelector: x => x.N) .Select(g => new { K = g.Key.ToUpper(), T = g .Sum() })' could not be translated. Either rewrite the query in a form that can be translated, or switch to client evaluation explicitly by inserting a call to 'AsEnumerable', 'AsAsyncEnumerable', 'ToList', or
NativeDistinctTests.Distinct_then_Where_then_Count_matches_driver_linq	Passed		
NativeSelectorlessAggregateTests.Average_over_bare_member_select_goes_native	Passed		
NativeReferenceCollectionCountPredicateTests.Include_ordered_Take_on_same_self_referencing_nav_as_count_predicate_returns_correct_data(mode: DriverLinq)	Failed	NativeReferenceCollectionCountPredicateTests.cs:line 423	MongoDB.Driver.Linq.ExpressionNotSupportedException : Expression not supported: EFTest-2026-10-01T13-10-40-10.Include_ordered_Take_on_same_self_referencing_nav_as_count_predicate_returns_correct_dataDriverLinq_8f6a4ac7.Aggregate([]).As(value(MongoDB.EntityFrameworkCore.Serializers.EntitySerializer`1[MongoDB.EntityFrameworkCore.FunctionalTests.Query.NativeReferenceCollectionCountPredicateTests+Node
NativeOwnedCollectionAllTests.Quantifier_result_equals_the_in_memory_oracle_for_every_element_and_array_state(name: "and", predicate: b => b.Posts.All(p => ((p.Rank > Convert(5, Nullable`1)) AndAlso (p.Heading == "a"))))	Failed	NativeOwnedCollectionAllTests.cs:line 568	MongoDB.Driver.MongoCommandException : Command aggregate failed: Executor error during aggregate command on namespace: EFTest-2026-10-01T13-10-40-17.diff_and_b47922a3 :: caused by :: $allElementsTrue's argument must be an array, but is null.
NativeDateTimeKindReadbackTests.Computed_group_max_over_a_local_kind_property_declines	Passed		
NativeGroupByTests.GroupBy_Where_then_Sum_matches_driver_linq	Failed	NativeGroupByTests.cs:line 2221	System.InvalidOperationException : The LINQ expression 'DbSet<Order>() .GroupBy(o => o.Country) .Select(g => new { Key = g.Key, Total = g .Where(o => o.Amount > 60) .Sum(o => o.Amount) })' could not be translated. Either rewrite the query in a form that can be translated, or switch to client evaluation explicitly by inserting a call to 'AsEnumerable', 'AsAsyncEnumerable', 'ToList', or 'ToListAsync
NativeGroupByTests.Bare_accumulator_then_outer_Sum_still_declines_under_NativeOnly	Failed	NativeGroupByTests.cs:line 2447	Assert.Throws() Failure: Exception type was not an exact match Expected: typeof(MongoDB.EntityFrameworkCore.Query.NativeTranslation.NativeTranslationNotSupportedException) Actual: typeof(System.InvalidOperationException) ---- System.InvalidOperationException : The LINQ expression 'DbSet<Order>() .GroupBy(o => o.Country) .Select(g => g .Sum(o => o.Amount)) .Sum()' could not be translated. Either re
QueryModeGateTests.NativeOnly_where_after_skip_succeeds	Passed		
NativeJoinTests.Wrapped_nav_null_check_ternary_over_a_collection_navigation_left_join_matches_oracle(mode: NativeOnly)	Passed		
NativeGateRoutingTests.D_renamed_alias_projection_runs_native_under_NativeOnly_and_carries_correct_values	Passed		
NativeCastTests.Narrowing_cast_comparison_over_a_value_converted_property_still_declines	Failed	NativeCastTests.cs:line 1595	Assert.Equal() Failure: Strings differ ↓ (pos 6) Expected: "threw NativeTranslationNotSupportedExcept"··· Actual: "threw TargetInvocationException" ↑ (pos 6)
NativeLocalCollectionContainsTests.Filtered_parameter_collection_is_re_evaluated_per_execution	Passed		
DateTimeOffsetMemberProjectionTests.Concatenating_DateTimeOffset_throws_instead_of_bson_json(shape: "concat_array", mode: NativeOnly)	Passed		
NativeGroupByTests.GroupBy_then_First_matches_driver_linq	Failed	NativeGroupByTests.cs:line 1046	System.InvalidOperationException : The LINQ expression 'DbSet<Order>() .GroupBy(o => o.Country) .Select(g => new { Country = g.Key, Total = g .Sum(o => o.Amount) }) .OrderBy(x => x.Country) .First()' could not be translated. Either rewrite the query in a form that can be translated, or switch to client evaluation explicitly by inserting a call to 'AsEnumerable', 'AsAsyncEnumerable', 'ToList', or '
NativeGroupByKeyCaseMappingTests.Other_case_mappings_over_a_key(mode: "NativeOnly")	Failed	NativeGroupByKeyCaseMappingTests.cs:line 307	System.InvalidOperationException : The LINQ expression 'DbSet<Row>() .AsNoTracking() .GroupBy(x => x.S) .Select(g => new { K = g.Key.ToLower(), C = g .Count() })' could not be translated. Either rewrite the query in a form that can be translated, or switch to client evaluation explicitly by inserting a call to 'AsEnumerable', 'AsAsyncEnumerable', 'ToList', or 'ToListAsync'. See https://go.microsof
NativeCardinalityTests.LongCount_goes_native_and_counts	Passed		
DateTimeOffsetMemberProjectionTests.Concatenating_DateTimeOffset_throws_instead_of_bson_json(shape: "concat_three", mode: Native)	Failed	DateTimeOffsetMemberProjectionTests.cs:line 379	Assert.Throws() Failure: No exception was thrown Expected: typeof(System.InvalidOperationException)
Ef373InterleavedPagingTests.Paging_between_two_joins_pages_the_rows_the_first_join_produced(mode: Native)	Failed	Ef373InterleavedPagingTests.cs:line 50	System.NotSupportedException : A 'Skip', 'Take', or 'Distinct' operator composed between two cross-collection joins (e.g. from 'Include'/'ThenInclude' or an explicit 'Join') is not supported. Move the operator so that it is not interleaved between the joins.
NativeOwnedCollectionCountTests.Count_result_equals_the_in_memory_oracle_for_every_array_length_and_state(name: "all-pred", predicate: b => b.Posts.All(p => (p.Rank >= Convert(0, Nullable`1))))	Failed	NativeOwnedCollectionCountTests.cs:line 960	MongoDB.Driver.MongoCommandException : Command aggregate failed: Executor error during aggregate command on namespace: EFTest-2026-10-01T13-10-40-15.diff_all-pred_920b8b4f :: caused by :: $allElementsTrue's argument must be an array, but is null.
NativeArrayProjectionTests.Bare_array_projection_of_an_element_with_its_own_navigation_still_works	Passed		
NativeOwnedCollectionFilteredCountTests.Filtered_count_relational_element_predicate_equals_the_in_memory_oracle(name: "gt", selector: b => new TitleCount() {Title = b.Title, N = b.Posts.Count(p => (p.Rank > Convert(4, Nullable`1)))}, expectedMultiMixedN: 1)	Failed	NativeOwnedCollectionFilteredCountTests.cs:line 1339	System.InvalidOperationException : The LINQ expression 'o' could not be translated. Either rewrite the query in a form that can be translated, or switch to client evaluation explicitly by inserting a call to 'AsEnumerable', 'AsAsyncEnumerable', 'ToList', or 'ToListAsync'. See https://go.microsoft.com/fwlink/?linkid=2101038 for more information.
NativeReverseLastTests.LastOrDefault_without_an_explicit_order_goes_native_and_returns_null_when_empty	Passed		
NativeDateTimeKindReadbackTests.Group_key_date_part_over_a_utc_kind_property_still_works	Failed	NativeDateTimeKindReadbackTests.cs:line 663	System.InvalidOperationException : The LINQ expression 'DbSet<Order>() .GroupBy(o => o.UtcDate) .Select(g => new { H = g.Key.Hour, C = g .Count() })' could not be translated. Either rewrite the query in a form that can be translated, or switch to client evaluation explicitly by inserting a call to 'AsEnumerable', 'AsAsyncEnumerable', 'ToList', or 'ToListAsync'. See https://go.microsoft.com/fwlink/
NativeClientEvaluatedLeafTests.Paging_and_First_over_a_client_leaf_stay_native	Passed		
NativeComputedBareProjectionTests.Widening_cast_over_arithmetic_goes_native	Passed		
DateTimeOffsetMemberProjectionTests.Where_DateTimeOffset_ToString_throws_instead_of_matching_bson_json(mode: DriverLinq)	Failed	DateTimeOffsetMemberProjectionTests.cs:line 248	Assert.Throws() Failure: No exception was thrown Expected: typeof(System.InvalidOperationException)
NativeBareProjectionTests.Bare_projection_then_cardinality_operator_goes_native	Passed		
NativeSetOpsTests.GroupBy_after_Union_goes_native(mode: Native)	Failed	NativeSetOpsTests.cs:line 2284	System.InvalidOperationException : The LINQ expression 'DbSet<Item>() .Where(i => i.Value <= 3) .Union(DbSet<Item>() .Where(i => i.Value >= 3)) .GroupBy(i => i.Name) .Select(g => new { Key = g.Key, Total = g .Count() })' could not be translated. Either rewrite the query in a form that can be translated, or switch to client evaluation explicitly by inserting a call to 'AsEnumerable', 'AsAsyncEnumer
NativeBareProjectionTests.Bare_scalar_projection_goes_native	Passed		
NativeSetOperationProjectionTests.Union_of_grouped_count_and_column_goes_native	Failed	NativeSetOperationProjectionTests.cs:line 98	System.InvalidOperationException : The LINQ expression 'DbSet<Entity>() .GroupBy(x => x.N) .Select(g => g .Count()) .Union(DbSet<Entity>() .Select(x => x.Id))' could not be translated. Either rewrite the query in a form that can be translated, or switch to client evaluation explicitly by inserting a call to 'AsEnumerable', 'AsAsyncEnumerable', 'ToList', or 'ToListAsync'. See https://go.microsoft.c
NativeReferenceIncludeTests.Reference_ThenInclude_chain_goes_native_with_correct_data	Passed		
NativeReferenceCollectionCountPredicateTests.Count_predicate_before_projected_Distinct_Where_falls_back_to_correct_data_under_Native	Failed	NativeReferenceCollectionCountPredicateTests.cs:line 218	System.InvalidOperationException : Unsupported cross-DbSet query between 'MongoDB.EntityFrameworkCore.FunctionalTests.Query.NativeReferenceCollectionCountPredicateTests+Owner' and 'MongoDB.EntityFrameworkCore.FunctionalTests.Query.NativeReferenceCollectionCountPredicateTests+Order'. The MongoDB EF Core Provider does not support this cross-collection query. Consider using Join, Include, or restruct
NativeComputedProjectionTests.Mixed_whole_entity_and_computed_leaf_behind_a_parameterized_where_reads_correct_values	Failed	NativeComputedProjectionTests.cs:line 576	Assert.Contains() Failure: Sub-string not found String: "info: 01/10/2026 13:11:12.761 MongoEventI"··· Not found: ""c" : "$$ROOT""
NativeOwnedCollectionFilteredCountTests.Count_result_equals_the_in_memory_oracle_for_every_array_and_element_state(name: 0, predicate: b => (b.Posts.Count(p => (p.Rank > Convert(0, Nullable`1))) >= 0))	Passed		
NativeSetOpsTests.Intersect_whole_entity_goes_native	Failed	NativeSetOpsTests.cs:line 148	System.InvalidOperationException : The LINQ expression 'DbSet<Item>() .Where(i => i.Value <= 3) .Intersect(DbSet<Item>() .Where(i => i.Value >= 3))' could not be translated. Either rewrite the query in a form that can be translated, or switch to client evaluation explicitly by inserting a call to 'AsEnumerable', 'AsAsyncEnumerable', 'ToList', or 'ToListAsync'. See https://go.microsoft.com/fwlink/?
NativeDateTimeKindReadbackTests.Date_part_over_a_local_kind_property_throws_in_every_mode(shape: "OrderBy_Hour")	Failed	NativeDateTimeKindReadbackTests.cs:line 716	Assert.Throws() Failure: No exception was thrown Expected: typeof(System.InvalidOperationException)
NativeComputedProjectionTests.Mixed_whole_entity_and_computed_leaf_works_in_every_mode(mode: DriverLinq)	Passed		
NativeSelectorlessAggregateTests.Min_over_bare_member_select_goes_native	Passed		
NativeDistinctTests.Wrapped_set_op_mixing_different_converters_of_one_converter_type_declines_cleanly	Passed		
NativeJoinInnerDeclineTests.Join_with_reshaped_unpaged_inner_still_runs_and_is_correct	Passed		
NativeOwnedCollectionAllTests.Primitive_collection_All_with_equality_reaches_the_matcher_and_declines_at_path_resolution	Passed		
NativeDistinctTests.Distinct_then_OrderBy_with_computed_key_over_bare_scalar_matches_driver_linq	Passed		
NativeOwnedCollectionCountTests.Count_greater_than_with_a_parameterized_threshold_goes_native(threshold: 0, expected: ["len1", "len2", "len3"])	Failed	NativeOwnedCollectionCountTests.cs:line 287	MongoDB.Driver.MongoCommandException : Command aggregate failed: Executor error during aggregate command on namespace: EFTest-2026-10-01T13-10-40-15.gt0_f35d72b5 :: caused by :: The argument to $size must be an array, but was of type: missing.
NativeOwnedCollectionAllTests.Negated_owned_collection_All_goes_native	Failed	NativeOwnedCollectionAllTests.cs:line 244	MongoDB.Driver.MongoCommandException : Command aggregate failed: Executor error during aggregate command on namespace: EFTest-2026-10-01T13-10-40-17.Negated_owned_collection_All_goes_native_00d0f88f :: caused by :: $allElementsTrue's argument must be an array, but is null.
DateTimeOffsetMemberProjectionTests.Where_boxed_DateTimeOffset_ToString_throws_instead_of_matching_bson_json(mode: NativeOnly)	Passed		
NativeBareProjectionTests.Bare_projected_intersect_and_except_operands_go_native_and_return_correct_values(mode: NativeOnly)	Failed	NativeBareProjectionTests.cs:line 717	System.InvalidOperationException : The LINQ expression 'DbSet<Blog>() .AsNoTracking() .Where(b => b.Rank <= 3) .Select(b => b.Title) .Intersect(DbSet<Blog>() .AsNoTracking() .Where(b => b.Rank >= 3) .Select(b => b.Title))' could not be translated. Either rewrite the query in a form that can be translated, or switch to client evaluation explicitly by inserting a call to 'AsEnumerable', 'AsAsyncEnum
NativeMaterializerNullabilityTests.Explicit_null_on_non_nullable_scalar_goes_native	Passed		
DateTimeOffsetMemberProjectionTests.Concatenating_DateTimeOffset_throws_instead_of_bson_json(shape: "order_by", mode: DriverLinq)	Failed	DateTimeOffsetMemberProjectionTests.cs:line 379	Assert.Throws() Failure: No exception was thrown Expected: typeof(System.InvalidOperationException)
NativeGroupByTests.GroupBy_Skip_before_select_goes_native_under_native_only	Failed	NativeGroupByTests.cs:line 733	System.InvalidOperationException : The LINQ expression 'DbSet<Order>() .GroupBy(o => o.Country) .OrderBy(g => g.Key) .Skip(@p) .Select(g => new { Key = g.Key, Count = g .Count() })' could not be translated. Either rewrite the query in a form that can be translated, or switch to client evaluation explicitly by inserting a call to 'AsEnumerable', 'AsAsyncEnumerable', 'ToList', or 'ToListAsync'. See 
NativeLocalCollectionContainsTests.Filtered_inline_list_contains_goes_native	Passed		
NativeGroupByOverJoinTests.Accumulator_condition_over_the_outer_side_of_a_left_join_stays_native	Failed	NativeGroupByOverJoinTests.cs:line 372	System.InvalidOperationException : The LINQ expression 'DbSet<Owner>() .GroupJoin( inner: DbSet<Order>(), outerKeySelector: w => w.Id, innerKeySelector: o => o.OwnerId, resultSelector: (w, gj) => new { w = w, gj = gj }) .SelectMany( collectionSelector: <>h__TransparentIdentifier0 => <>h__TransparentIdentifier0.gj .DefaultIfEmpty(), resultSelector: (<>h__TransparentIdentifier0, o) => new { <>h__Tra
NativeStringPredicateProjectionTests.Bare_and_wrapped_computed_leaves_are_correct_in_every_mode(mode: "DriverLinq")	Passed		
DateTimeOffsetMemberProjectionTests.Concatenating_DateTimeOffset_throws_instead_of_bson_json(shape: "prefix", mode: DriverLinq)	Failed	DateTimeOffsetMemberProjectionTests.cs:line 379	Assert.Throws() Failure: No exception was thrown Expected: typeof(System.InvalidOperationException)
NativeReferenceIncludeTests.Distinct_then_Include_goes_native_with_correct_data	Passed		
NativeGroupByOverJoinTests.Null_guarded_string_key_over_an_unmatched_left_join_side_stays_native(shape: "Concat", expected: "Northx:3|Southx:1|x:1")	Failed	NativeGroupByOverJoinTests.cs:line 984	System.InvalidOperationException : The LINQ expression 'DbSet<Owner>() .GroupJoin( inner: DbSet<Order>(), outerKeySelector: w => w.Id, innerKeySelector: o => o.OwnerId, resultSelector: (w, gj) => new { w = w, gj = gj }) .SelectMany( collectionSelector: <>h__TransparentIdentifier0 => <>h__TransparentIdentifier0.gj .DefaultIfEmpty(), resultSelector: (<>h__TransparentIdentifier0, o) => new { w = <>h_
NativeSetOpsTests.GroupBy_select_operand_union_matches_driver_linq	Failed	NativeSetOpsTests.cs:line 1182	System.InvalidOperationException : The LINQ expression 'DbSet<Item>() .Where(i => i.Value <= 3) .GroupBy(i => i.Value) .Select(g => new { Key = g.Key, Count = g .Count() }) .Union(DbSet<Item>() .Where(i => i.Value >= 3) .GroupBy(i => i.Value) .Select(g => new { Key = g.Key, Count = g .Count() }))' could not be translated. Either rewrite the query in a form that can be translated, or switch to clie
NativeJoinScopeConditionalProjectionTests.Bare_entity_null_check_over_an_inner_join_declines(isNotNull: True)	Passed		
NativeGroupByTests.GroupBy_then_scalar_aggregate_goes_native	Failed	NativeGroupByTests.cs:line 1110	System.InvalidOperationException : The LINQ expression 'DbSet<Order>() .GroupBy(o => o.Country) .Select(g => new { Country = g.Key, Total = g .Sum(o => o.Amount) }) .Count()' could not be translated. Either rewrite the query in a form that can be translated, or switch to client evaluation explicitly by inserting a call to 'AsEnumerable', 'AsAsyncEnumerable', 'ToList', or 'ToListAsync'. See https:/
NativeMaterializerNullabilityTests.Nullable_string_scalar_behind_non_nullable_type_throws_on_null_row(shape: "IndexOfChar")	Failed	NativeMaterializerNullabilityTests.cs:line 358	Assert.Throws() Failure: Exception type was not an exact match Expected: typeof(System.InvalidOperationException) Actual: typeof(System.FormatException) ---- System.FormatException : An error occurred while deserializing the I property of class <>f__AnonymousType283`1[[System.Int32, System.Private.CoreLib, Version=10.0.0.0, Culture=neutral, PublicKeyToken=7cec85d7bea7798e]]: Cannot deserialize a '
NativeGroupByTests.Bare_accumulator_then_outer_Max_goes_native(mode: Native)	Failed	NativeGroupByTests.cs:line 2421	System.InvalidOperationException : The LINQ expression 'DbSet<Order>() .GroupBy(o => o.Country) .Select(g => g .Sum(o => o.Amount)) .Max()' could not be translated. Either rewrite the query in a form that can be translated, or switch to client evaluation explicitly by inserting a call to 'AsEnumerable', 'AsAsyncEnumerable', 'ToList', or 'ToListAsync'. See https://go.microsoft.com/fwlink/?linkid=21
NativeSetOpsTests.Distinct_after_projected_operand_concat_falls_back_gracefully	Passed		
NativeOwnedCollectionCountTests.Count_result_equals_the_in_memory_oracle_for_every_array_length_and_state(name: "negated-any-bare", predicate: b => Not(b.Posts.Any()))	Failed	NativeOwnedCollectionCountTests.cs:line 960	MongoDB.Driver.MongoCommandException : Command aggregate failed: Executor error during aggregate command on namespace: EFTest-2026-10-01T13-10-40-15.diff_negated-any-bare_8fcc9b48 :: caused by :: The argument to $size must be an array, but was of type: missing.
DateTimeOffsetMemberProjectionTests.Select_static_DateTimeOffset_UtcNow_Year_does_not_throw_NullReferenceException	Passed		
NativeCardinalityTests.Average_over_decimal_goes_native	Passed		
NativeMaterializerNullabilityTests.Nullable_string_scalar_behind_non_nullable_type_throws_on_null_row(shape: "BareLength")	Failed	NativeMaterializerNullabilityTests.cs:line 358	Assert.Throws() Failure: Exception type was not an exact match Expected: typeof(System.InvalidOperationException) Actual: typeof(MongoDB.Driver.MongoCommandException) ---- MongoDB.Driver.MongoCommandException : Command aggregate failed: Executor error during aggregate command on namespace: EFTest-2026-10-01T13-10-40-20.Nullable_string_scalar_behind_non_nullable_type_throws_on_null_row_BareLength :
NativeGroupByTests.Third_level_group_by_declines_cleanly(shape: "Select")	Failed	NativeGroupByTests.cs:line 3925	System.InvalidOperationException : The LINQ expression 'DbSet<Order>() .GroupBy(o => o.Country) .Select(g => new { Land = g.Key, N = g .Count() }) .GroupBy(x => x.N) .Select(g => new { K = g.Key, M = g .Count() }) .GroupBy(x => x.M) .Select(g => new { Key = g.Key, C = g .Count() })' could not be translated. Either rewrite the query in a form that can be translated, or switch to client evaluation e
NativeOwnedCollectionFilteredCountTests.Filtered_count_relational_element_predicate_equals_the_in_memory_oracle(name: "gte", selector: b => new TitleCount() {Title = b.Title, N = b.Posts.Count(p => (p.Rank >= Convert(5, Nullable`1)))}, expectedMultiMixedN: 1)	Failed	NativeOwnedCollectionFilteredCountTests.cs:line 1339	System.InvalidOperationException : The LINQ expression 'o' could not be translated. Either rewrite the query in a form that can be translated, or switch to client evaluation explicitly by inserting a call to 'AsEnumerable', 'AsAsyncEnumerable', 'ToList', or 'ToListAsync'. See https://go.microsoft.com/fwlink/?linkid=2101038 for more information.
NativeJoinTests.Distinct_after_a_bare_Inner_entity_leaf_matches_oracle(mode: DriverLinq, shape: "LeftJoinDistinct")	Failed	NativeJoinTests.cs:line 991	Assert.Equal() Failure: Collections differ ↓ (pos 1) Expected: ["<null>", "Alice", "Bob"] Actual: ["<null>", "<null>", "Alice", "Alice", "Bob"] ↑ (pos 1)
Ef373InterleavedPagingTests.Paging_between_two_transparent_identifier_joins_matches_oracle(mode: Native, shape: "LeftFirstJoinSkipTake")	Failed	Ef373InterleavedPagingTests.cs:line 267	System.NotSupportedException : A 'Skip', 'Take', or 'Distinct' operator composed between two cross-collection joins (e.g. from 'Include'/'ThenInclude' or an explicit 'Join') is not supported. Move the operator so that it is not interleaved between the joins.
DateTimeOffsetMemberProjectionTests.Select_DateTimeOffset_ToString_matches_client_evaluation(mode: Native)	Failed	DateTimeOffsetMemberProjectionTests.cs:line 208	Assert.Equal() Failure: Strings differ ↓ (pos 0) Expected: "15/03/2024 13:45:30 -05:00" Actual: "{"DateTime":"2024-03-15T18:45:30.250Z","T"··· ↑ (pos 0)
NativeOwnedCollectionCountTests.Owned_collection_count_projection_leaf_goes_native	Failed	NativeOwnedCollectionCountTests.cs:line 464	System.ArgumentException : Expression of type 'System.Collections.Generic.List`1[MongoDB.EntityFrameworkCore.FunctionalTests.Query.NativeOwnedCollectionCountTests+Post]' cannot be used for parameter of type 'System.Linq.IQueryable`1[MongoDB.EntityFrameworkCore.FunctionalTests.Query.NativeOwnedCollectionCountTests+Post]' of method 'Int32 Count[Post](System.Linq.IQueryable`1[MongoDB.EntityFrameworkC
NativeDistinctTests.Bare_scalar_Distinct_then_Sum_goes_native(mode: Native)	Passed		
NativeDateTimeKindReadbackTests.Date_part_over_a_local_kind_property_throws_in_every_mode(shape: "GroupKey_Hour")	Passed		
NativeJoinTests.LeftJoin_unmatched_inner_row_reads_as_null_reference_navigation	Passed		
NativeDistinctTests.Distinct_then_Where_then_Sum_with_selector_goes_native	Passed		
NativeDocumentConstructionProjectionTests.Wrapped_ternary_beside_the_whole_entity_goes_native_with_parity	Passed		
NativeGroupByTests.Post_group_where_over_a_renamed_key_alias_goes_native	Failed	NativeGroupByTests.cs:line 3222	System.InvalidOperationException : The LINQ expression 'DbSet<Order>() .GroupBy(o => o.Country) .Select(g => new { Land = g.Key, N = g .Count() }) .Where(x => x.Land == "UK")' could not be translated. Either rewrite the query in a form that can be translated, or switch to client evaluation explicitly by inserting a call to 'AsEnumerable', 'AsAsyncEnumerable', 'ToList', or 'ToListAsync'. See https:
NativeBareProjectionTests.Bare_owned_collection_projection_behind_a_parameterized_predicate_returns_correct_values	Failed	NativeBareProjectionTests.cs:line 299	Assert.Equal() Failure: Collections differ ↓ (pos 2) Expected: string[] ["h1|h2", "<empty>", "<empty>", "<empty>", "h9"] Actual: ListSelectIterator<List<Post>, string> ["h1|h2", "<empty>", "<null>", "<null>", "h9"] ↑ (pos 2)
NativeGroupByKeyCaseMappingTests.Case_mapped_composite_key_member(mode: "Native")	Failed	NativeGroupByKeyCaseMappingTests.cs:line 307	System.InvalidOperationException : The LINQ expression 'DbSet<Row>() .AsNoTracking() .GroupBy(x => new { A = x.S, N = x.N }) .Select(g => new { K = g.Key.A.ToUpper(), N = g.Key.N, C = g .Count() })' could not be translated. Either rewrite the query in a form that can be translated, or switch to client evaluation explicitly by inserting a call to 'AsEnumerable', 'AsAsyncEnumerable', 'ToList', or 'T
NativeArrayProjectionTests.String_sequence_container_element_matches_the_hand_oracle(mode: NativeOnly)	Failed	NativeArrayProjectionTests.cs:line 1795	System.InvalidOperationException : No coercion operator is defined between types 'System.Int32' and 'System.String'.
NativeAnonymousKeyJoinTests.String_key_stored_as_ObjectId_on_both_sides_stays_native_and_matches_oracle(mode: NativeOnly, explicitInstances: True)	Failed	NativeAnonymousKeyJoinTests.cs:line 585	MongoDB.Driver.Linq.ExpressionNotSupportedException : Expression not supported: o => new <>f__AnonymousType46`2(Zone = Field(o, "Zone", value(MongoDB.Bson.Serialization.Serializers.Int32Serializer)), Ref2 = Field(o, "Ref2", value(MongoDB.EntityFrameworkCore.Serializers.ValueConverterSerializer`2[System.String,MongoDB.Bson.ObjectId]))) because expression cannot be translated to a dotted field name.
NativeDateTimeKindReadbackTests.Date_part_over_a_local_kind_property_throws_in_every_mode(shape: "Anonymous_Select_Hour")	Failed	NativeDateTimeKindReadbackTests.cs:line 716	Assert.Throws() Failure: No exception was thrown Expected: typeof(System.InvalidOperationException)
NativeGroupByTests.GroupBy_OrderBy_computed_expression_before_select_falls_back_under_native_only	Passed		
NativeGroupByTests.Bare_accumulator_then_outer_Min_over_empty_source_throws	Passed		
NativeCardinalityTests.First_returns_first_and_goes_native	Passed		
NativeClientEvaluatedLeafTests.Max_over_an_all_client_projection_declines	Passed		
NativeGroupByTests.Nested_group_by_bare_terminal_aggregate_counts_the_nested_groups(aggregate: "Count", postGroupWhere: False, expected: 2)	Failed	NativeGroupByTests.cs:line 3860	System.InvalidOperationException : The LINQ expression 'DbSet<Order>() .GroupBy(o => o.Country) .Select(g => new { Land = g.Key, N = g .Count() }) .GroupBy(x => x.N) .Count()' could not be translated. Either rewrite the query in a form that can be translated, or switch to client evaluation explicitly by inserting a call to 'AsEnumerable', 'AsAsyncEnumerable', 'ToList', or 'ToListAsync'. See https:
NativeComputedProjectionTests.Wrapped_and_bare_whole_entity_leaves_both_go_native_and_work_in_every_mode(mode: DriverLinq)	Passed		
NativeStringPredicateProjectionTests.Replace_projection_goes_native	Passed		
NativeCardinalityTests.All_with_failing_element_is_false	Passed		
NativeMaterializerNullabilityTests.Null_absorbing_math_over_nullable_string_length_declines(function: "Sign")	Passed		
NativeGroupByTests.Bare_push_list_projection_goes_native	Failed	NativeGroupByTests.cs:line 3647	System.InvalidOperationException : The LINQ expression 'DbSet<Order>() .GroupBy(o => o.Country) .Select(g => g .Select(e => e.Year) .ToList())' could not be translated. Either rewrite the query in a form that can be translated, or switch to client evaluation explicitly by inserting a call to 'AsEnumerable', 'AsAsyncEnumerable', 'ToList', or 'ToListAsync'. See https://go.microsoft.com/fwlink/?linki
NativeCtorOnlyProjectionTests.Whole_entity_and_its_owned_reference_into_object_array_declines_under_native_only	Passed		
NativeOfTypeTests.OfType_with_orderby_skip_take_goes_native_and_returns_correct_rows	Passed		
NativeSetOpsTests.Union_whole_entity_goes_native	Passed		
DateTimeOffsetMemberProjectionTests.Concatenating_DateTimeOffset_throws_instead_of_bson_json(shape: "where", mode: Native)	Failed	DateTimeOffsetMemberProjectionTests.cs:line 379	Assert.Throws() Failure: No exception was thrown Expected: typeof(System.InvalidOperationException)
NativeDocumentConstructionProjectionTests.Bare_ternary_over_constant_constructions_projects_only_the_test	Passed		
NativeSetOpsTests.Take_between_two_set_ops_pages_the_partial_combine	Passed		
NativeMaterializerNullabilityTests.Min_max_average_over_nullable_string_length_projection_decline(op: "Max")	Passed		
NativeDistinctTests.Wrapped_set_op_mixing_converted_and_plain_properties_under_one_alias_declines_cleanly	Passed		
NativeDateTimeKindReadbackTests.Date_part_over_a_utc_kind_property_still_works(shape: "Select_Date")	Passed		
NativeOwnedCollectionFilteredCountTests.Quantifier_over_ragged_elements_equals_the_hand_and_in_memory_oracles(name: "all_lt", predicate: b => b.Posts.All(p => (p.Rank < Convert(0, Nullable`1))), expected: ["all_neg", "empty", "missing", "null"])	Failed	NativeOwnedCollectionFilteredCountTests.cs:line 1442	MongoDB.Driver.MongoCommandException : Command aggregate failed: Executor error during aggregate command on namespace: EFTest-2026-10-01T13-10-40-14.quant_all_lt_03574e5f :: caused by :: $allElementsTrue's argument must be an array, but is null.
NativeClientEvaluatedLeafTests.OrderBy_over_a_client_evaluated_leaf_declines	Passed		
NativeMaterializerNullabilityTests.Explicit_null_on_nullable_scalar_materializes_null_matching_driver	Passed		
NativeDistinctTests.Distinct_then_Count_with_predicate_goes_native	Passed		
NativeAnonymousKeyJoinTests.Chained_join_with_anonymous_key_off_the_prior_hop_matches_oracle(mode: DriverLinq)	Failed	NativeAnonymousKeyJoinTests.cs:line 374	MongoDB.Driver.Linq.ExpressionNotSupportedException : Expression not supported: s => new <>f__AnonymousType25`3(Region = Field(s, "Region", value(MongoDB.Bson.Serialization.Serializers.StringSerializer)), Zone = Field(s, "Zone", value(MongoDB.Bson.Serialization.Serializers.Int32Serializer)), Bay = Field(s, "Bay", value(MongoDB.Bson.Serialization.Serializers.NullableSerializer`1[System.Int32]))) be
NativeConditionalAndDateTimeTests.DateTimeOffset_date_part_matches_in_memory_LINQ_under_NativeOnly(part: "DayOfWeek")	Failed	NativeConditionalAndDateTimeTests.cs:line 134	MongoDB.Driver.Linq.ExpressionNotSupportedException : Expression not supported: r.OccurredOffset.Value.DayOfWeek because serializer for System.DateTimeOffset does not represent members as fields..
NativeOwnedCollectionAllTests.Quantifier_element_predicate_through_nested_owned_reference_hop_goes_native	Passed		
NativeOwnedCollectionCorrelatedTests.Correlated_filtered_Count_predicate_goes_native	Passed		
Ef373InterleavedPagingTests.Interleaved_Skip_without_Take_pages_the_rows_the_first_join_produced(mode: Native)	Failed	Ef373InterleavedPagingTests.cs:line 137	System.NotSupportedException : A 'Skip', 'Take', or 'Distinct' operator composed between two cross-collection joins (e.g. from 'Include'/'ThenInclude' or an explicit 'Join') is not supported. Move the operator so that it is not interleaved between the joins.
NativeJoinScopeNestedProjectionTests.Scalars_over_reference_navigation_into_object_array_go_native_with_parity	Passed		
NativeArrayProjectionTests.Two_array_leaves_in_one_projection_go_native	Passed		
NativeJoinTests.Reducer_after_a_bare_Inner_entity_leaf_over_a_join_returns_the_joined_row(mode: DriverLinq, reducer: "SingleOrDefault")	Passed		
NativeJoinScopeConditionalProjectionTests.Nav_null_check_ternary_over_a_two_level_LeftJoin_chain_matches_oracle(mode: Native, shape: "TwoHopNavigationTernary")	Failed	NativeJoinScopeConditionalProjectionTests.cs:line 467	Assert.Equal() Failure: Collections differ ↓ (pos 1) Expected: ["Western Europe", "<none>", "<none>", "<none>"] Actual: ["Western Europe", "<null>", "<null>", "<null>"] ↑ (pos 1)
NativeSetOpsTests.Right_nested_operand_with_a_parameter_substitutes_correctly	Passed		
NativeReferenceIncludeTests.Plain_bool_null_check_sort_key_over_optional_join_inner_matches_oracle	Failed	NativeReferenceIncludeTests.cs:line 780	Assert.Equal() Failure: Collections differ ↓ (pos 0) Expected: [15, 25, 35, 5] Actual: [5, 15, 25, 35] ↑ (pos 0)
NativeOwnedCollectionFilteredCountTests.Negated_filtered_count_comparison_now_goes_native_with_correct_rows	Passed		
NativeDistinctTests.Anonymous_computed_projection_Distinct_then_OrderBy_on_member_goes_native	Passed		
NativeBareProjectionTests.Bare_projection_after_a_union_or_concat_goes_native(mode: Native)	Passed		
NativeGroupByTests.GroupBy_OrderBy_different_aggregate_before_select_goes_native	Failed	NativeGroupByTests.cs:line 656	System.InvalidOperationException : The LINQ expression 'DbSet<Order>() .GroupBy(o => o.Country) .OrderBy(g => g .Count()) .ThenBy(g => g.Key) .Select(g => new { Key = g.Key, Total = g .Sum(o => o.Amount) })' could not be translated. Either rewrite the query in a form that can be translated, or switch to client evaluation explicitly by inserting a call to 'AsEnumerable', 'AsAsyncEnumerable', 'ToLis
NativeJoinTests.Bare_Inner_entity_leaf_over_a_join_matches_oracle(mode: DriverLinq, shape: "WhereAfter")	Passed		
NativeJoinTests.Genuinely_navigation_less_key_equality_join_goes_native_under_NativeOnly	Passed		
NativeCastTests.Char_and_boxing_converts_go_native	Passed		
NativeOwnedCollectionCountTests.Count_result_equals_the_in_memory_oracle_for_every_array_length_and_state(name: "const-gt1", predicate: b => (b.Posts.Count > 1))	Failed	NativeOwnedCollectionCountTests.cs:line 960	MongoDB.Driver.MongoCommandException : Command aggregate failed: Executor error during aggregate command on namespace: EFTest-2026-10-01T13-10-40-15.diff_const-gt1_4cb858c7 :: caused by :: The argument to $size must be an array, but was of type: missing.
NativeSetOpsTests.Union_dedups_entities_then_projects_keeping_duplicate_projected_values	Passed		
QueryModeGateTests.NativeOnly_nullable_inequality_does_not_throw	Passed		
NativeCardinalityTests.Average_over_float_under_explicit_driver_linq_throws_truncation	Passed		
NativeGroupByTests.Post_group_terminal_aggregate_predicate_after_a_nested_group_by_declines_cleanly	Failed	NativeGroupByTests.cs:line 3391	System.InvalidOperationException : The LINQ expression 'DbSet<Order>() .GroupBy(o => o.Country) .Select(g => new { Land = g.Key, N = g .Count() }) .GroupBy(x => x.N) .Select(g => new { Key = g.Key, M = g .Count() }) .All(x => x.M > 0)' could not be translated. Either rewrite the query in a form that can be translated, or switch to client evaluation explicitly by inserting a call to 'AsEnumerable',
NativeAnonymousKeyJoinTests.Inner_join_on_three_member_anonymous_key_matches_oracle_including_null_and_missing_parts(mode: NativeOnly)	Failed	NativeAnonymousKeyJoinTests.cs:line 260	MongoDB.Driver.Linq.ExpressionNotSupportedException : Expression not supported: s => new <>f__AnonymousType25`3(Region = Field(s, "Region", value(MongoDB.Bson.Serialization.Serializers.StringSerializer)), Zone = Field(s, "Zone", value(MongoDB.Bson.Serialization.Serializers.Int32Serializer)), Bay = Field(s, "Bay", value(MongoDB.Bson.Serialization.Serializers.NullableSerializer`1[System.Int32]))) be
NativeConditionalAndDateTimeTests.DateTimeOffset_date_part_matches_in_memory_LINQ_under_NativeOnly(part: "Year")	Failed	NativeConditionalAndDateTimeTests.cs:line 122	MongoDB.Driver.Linq.ExpressionNotSupportedException : Expression not supported: r.OccurredOffset.Value.Year because serializer for System.DateTimeOffset does not represent members as fields..
Ef373InterleavedPagingTests.Sort_between_two_joins_orders_the_rows_a_one_to_many_second_join_expands(mode: DriverLinq)	Failed	Ef373InterleavedPagingTests.cs:line 311	Executed MQL query EFTest-2026-10-01T13-10-40-50.Ef373FanRoots_72758ab0.aggregate([{ "$lookup" : { "from" : "Ef373FanLeaves_72758ab0", "localField" : "_id", "foreignField" : "root_id", "as" : "_lookup_Leaves" } }, { "$unwind" : { "path" : "$_lookup_Leaves", "preserveNullAndEmptyArrays" : false } }, { "$lookup" : { "from" : "Ef373FanMids_72758ab0", "localField" : "mid_id", "foreignField" : "_id", "
NativeBareProjectionTests.Bare_primitive_collection_projection_goes_native	Passed		
NativeGroupByTests.GroupBy_constant_operand_goes_native	Failed	NativeGroupByTests.cs:line 176	System.InvalidOperationException : The LINQ expression 'DbSet<Order>() .GroupBy(o => o.Country) .Select(g => new { Key = g.Key, Count = g .Sum(o => 1) })' could not be translated. Either rewrite the query in a form that can be translated, or switch to client evaluation explicitly by inserting a call to 'AsEnumerable', 'AsAsyncEnumerable', 'ToList', or 'ToListAsync'. See https://go.microsoft.com/fw
NativeGroupByOverJoinTests.Accumulator_condition_over_an_unmatched_left_join_side_declines(shape: "Count(<=)")	Passed		
NativeGateRoutingTests.A_string_as_objectId_where_equals_routing	Passed		
NativeVectorSearchTests.Untranslatable_pre_filter_declines_at_translate_time_under_native_only	Passed		
NativeGroupByTests.GroupBy_Select_then_Skip_0_take_0_unaffected_by_pending_paging_carveout	Passed		
NativeGroupByTests.Post_group_where_over_a_pushed_list_alias_declines_cleanly	Failed	NativeGroupByTests.cs:line 3750	System.InvalidOperationException : The LINQ expression 'DbSet<Order>() .GroupBy(o => o.Country) .Select(g => new { Key = g.Key, Years = g .Select(e => e.Year) .ToList() }) .Where(x => x.Years.Count > 1)' could not be translated. Either rewrite the query in a form that can be translated, or switch to client evaluation explicitly by inserting a call to 'AsEnumerable', 'AsAsyncEnumerable', 'ToList', 
NativeSetOpsTests.Distinct_after_projected_operand_intersect_hard_fails_in_every_mode(mode: Native)	Passed		
NativeArrayProjectionTests.Array_leaf_under_a_nested_owner_now_goes_native_and_still_returns_correct_data	Passed		
NativeJoinScopeConditionalProjectionTests.Bare_entity_null_check_over_a_two_level_chain_goes_native	Passed		
NativeSetOpsTests.Select_after_intersect_goes_native	Failed	NativeSetOpsTests.cs:line 1353	System.InvalidOperationException : The LINQ expression 'DbSet<Item>() .Where(i => i.Value <= 3) .Intersect(DbSet<Item>() .Where(i => i.Value >= 3)) .Select(i => new { N = i.Value })' could not be translated. Either rewrite the query in a form that can be translated, or switch to client evaluation explicitly by inserting a call to 'AsEnumerable', 'AsAsyncEnumerable', 'ToList', or 'ToListAsync'. See
NativeJoinTests.Bare_Inner_entity_leaf_over_a_join_matches_oracle(mode: NativeOnly, shape: "InnerWhere")	Passed		
NativeComputedSortTests.Parameterized_where_leg	Passed		
NativeConditionalAndDateTimeTests.TimeOfDay_member_Union_with_TimeOfDay_matches_the_driver	Passed		
NativeComputedBareProjectionTests.Bare_arithmetic_leaf_over_a_CAPTURED_LOCAL_goes_native	Passed		
NativeJoinTests.Inner_side_Where_that_declines_natively_does_not_confirm_the_join(mode: Native, shape: "Substring")	Passed		
NativeGroupByKeyCaseMappingTests.Case_mapped_composite_key_member(mode: "NativeOnly")	Failed	NativeGroupByKeyCaseMappingTests.cs:line 307	System.InvalidOperationException : The LINQ expression 'DbSet<Row>() .AsNoTracking() .GroupBy(x => new { A = x.S, N = x.N }) .Select(g => new { K = g.Key.A.ToUpper(), N = g.Key.N, C = g .Count() })' could not be translated. Either rewrite the query in a form that can be translated, or switch to client evaluation explicitly by inserting a call to 'AsEnumerable', 'AsAsyncEnumerable', 'ToList', or 'T
NativeSetOperationProjectionTests.Union_of_long_double_and_bool_constants_and_columns_goes_native	Passed		
NativeBareProjectionTests.Bare_projection_composed_with_filter_sort_and_paging_goes_native	Passed		
NativeOwnedCollectionCountTests.Count_result_equals_the_in_memory_oracle_for_every_array_length_and_state(name: "const-lt2", predicate: b => (b.Posts.Count < 2))	Failed	NativeOwnedCollectionCountTests.cs:line 960	MongoDB.Driver.MongoCommandException : Command aggregate failed: Executor error during aggregate command on namespace: EFTest-2026-10-01T13-10-40-15.diff_const-lt2_f80d2954 :: caused by :: The argument to $size must be an array, but was of type: missing.
NativeArrayProjectionTests.Owned_array_leaf_in_an_anonymous_projection_goes_native	Passed		
NativeDistinctTests.Cross_collection_set_ops_with_mismatched_stored_forms_decline(otherConfiguration: "bsonRepresentation")	Passed		
NativeSetOpsTests.First_after_union_ordered_goes_native	Passed		
NativeGroupByTests.GroupBy_empty_key_Where_on_bare_Key_goes_native	Failed	NativeGroupByTests.cs:line 1517	System.InvalidOperationException : The LINQ expression 'DbSet<Order>() .GroupBy(o => new { }) .Where(g => g.Key == null) .Select(g => new { Key = g.Key, Sum = g .Sum(o => o.Amount) })' could not be translated. Either rewrite the query in a form that can be translated, or switch to client evaluation explicitly by inserting a call to 'AsEnumerable', 'AsAsyncEnumerable', 'ToList', or 'ToListAsync'. S
NativeOwnedCollectionPredicateTests.Primitive_collection_Any_now_goes_native_via_the_Contains_path	Passed		
NativeOwnedCollectionCountTests.Count_result_equals_the_in_memory_oracle_for_every_array_length_and_state(name: "const-gte0", predicate: b => (b.Posts.Count >= 0))	Failed	NativeOwnedCollectionCountTests.cs:line 960	MongoDB.Driver.MongoCommandException : Command aggregate failed: Executor error during aggregate command on namespace: EFTest-2026-10-01T13-10-40-15.diff_const-gte0_c09ea015 :: caused by :: The argument to $size must be an array, but was of type: missing.
NativeClientEvaluatedLeafTests.Where_over_a_client_evaluated_leaf_declines	Passed		
Ef373InterleavedPagingTests.Paging_between_two_transparent_identifier_joins_declines_under_NativeOnly(shape: "WrappedThenTrailingSelect")	Passed		
NativeGroupByTests.Select_after_GroupBy_is_unsupported_and_never_returns_silent_null_data	Passed		
NativeConditionalAndDateTimeTests.TimeSpan_property_member_Intersect_with_TimeOfDay_declines(mode: NativeOnly)	Passed		
NativeSetOpsTests.Projected_operand_union_goes_native	Passed		
NativeDateTimeKindReadbackTests.Date_part_over_a_local_kind_property_throws_in_every_mode(shape: "Owned_Hour")	Failed	NativeDateTimeKindReadbackTests.cs:line 716	Assert.Throws() Failure: No exception was thrown Expected: typeof(System.InvalidOperationException)
NativeArrayProjectionTests.EF_Property_spelling_with_a_renamed_alias_declines_and_returns_correct_data_in_every_mode	Passed		
NativeOwnedCollectionCountTests.Count_equality_emits_a_merged_two_key_match	Passed		
NativeArrayProjectionTests.Object_list_container_declines_cleanly	Passed		
NativeArrayProjectionTests.EF_Property_spelling_with_a_matching_alias_goes_native	Passed		
NativeGroupByKeyCaseMappingTests.Shapes_with_no_native_case_mapping_throw(mode: "NativeOnly")	Passed		
NativeSelectorlessAggregateTests.Aggregate_over_value_converted_projection_is_not_computed_on_stored_values	Failed	NativeSelectorlessAggregateTests.cs:line 174	Assert.Equal() Failure: Values differ Expected: 19 Actual: 0
NativeGroupByTests.GroupBy_aggregate_Select_with_no_post_group_op_goes_native	Failed	NativeGroupByTests.cs:line 580	System.InvalidOperationException : The LINQ expression 'DbSet<Order>() .GroupBy(o => o.Country) .Select(g => new { Country = g.Key, Amount = g .Sum(o => o.Amount) })' could not be translated. Either rewrite the query in a form that can be translated, or switch to client evaluation explicitly by inserting a call to 'AsEnumerable', 'AsAsyncEnumerable', 'ToList', or 'ToListAsync'. See https://go.micr
NativeSetOpsTests.Intersect_with_collection_include_goes_native	Failed	NativeSetOpsTests.cs:line 732	System.InvalidOperationException : The LINQ expression 'DbSet<LinkedItem>() .Where(i => i.Value <= 2) .Include(i => i.Details) .Intersect(DbSet<LinkedItem>() .Where(i => i.Value >= 2) .Include(i => i.Details))' could not be translated. Either rewrite the query in a form that can be translated, or switch to client evaluation explicitly by inserting a call to 'AsEnumerable', 'AsAsyncEnumerable', 'To
NativeVectorSearchTests.Exact_search_returns_score_order(mode: NativeOnly)	Passed		
NativeSelectorlessAggregateTests.Sum_over_computed_select_goes_native	Passed		
NativeComputedSortTests.Parameterized_sort_key_goes_native	Passed		
NativeCardinalityTests.Single_with_two_matches_throws_more_than_one	Passed		
NativeDistinctTests.Bare_scalar_value_converted_Distinct_then_OrderByDescending_Take_is_refused	Failed	NativeDistinctTests.cs:line 479	Assert.NotNull() Failure: Value is null
NativeSetOpsTests.Collection_count_in_a_trailing_projection_after_a_union_counts_every_row	Failed	NativeSetOpsTests.cs:line 789	MongoDB.Driver.MongoCommandException : Command aggregate failed: Executor error during aggregate command on namespace: EFTest-2026-10-01T13-10-40-5.Collection_count_in_a_trailing_projection_after_a_union_counts_every_row_I5a0d72c0 :: caused by :: The argument to $size must be an array, but was of type: missing.
NativeCardinalityTests.All_with_a_field_to_field_predicate_still_falls_back	Passed		
NativeSetOperationProjectionTests.Union_of_value_converted_column_and_computed_scalar_declines	Passed		
NativeCtorOnlyProjectionTests.Whole_entity_ctor_argument_with_member_assignment_goes_native_with_parity	Passed		
NativeGroupByCtorProjectionTests.GroupBy_select_with_two_argument_ctor_only_dto_goes_native	Failed	NativeGroupByCtorProjectionTests.cs:line 108	System.InvalidOperationException : The LINQ expression 'DbSet<Order>() .GroupBy(o => o.CustomerId) .Select(g => new CustomerOrderSummary( g.Key, g .Count() ))' could not be translated. Either rewrite the query in a form that can be translated, or switch to client evaluation explicitly by inserting a call to 'AsEnumerable', 'AsAsyncEnumerable', 'ToList', or 'ToListAsync'. See https://go.microsoft.c
NativeDistinctTests.Distinct_then_Where_goes_native	Passed		
NativeSetOpsTests.Operand_carrying_its_own_include_is_unaffected_by_the_relaxation	Passed		
NativeCardinalityTests.All_bare_bool_all_true_is_true_native	Passed		
NativeComputedBareProjectionTests.Set_typed_collection_navigation_bare_count_is_declined_and_answers_correctly	Failed	NativeComputedBareProjectionTests.cs:line 635	Assert.Equal() Failure: Collections differ ↓ (pos 0) Expected: [Tuple ("Native direct", "[2,0,0,0,1]"), Tuple ("Native late-decline", "[2,0,0,0,1]"), Tuple ("DriverLinq direct", "[2,0,0,0,1]"), Tuple ("DriverLinq late-decline", "[2,0,0,0,1]"), Tuple ("NativeOnly", "declined")] Actual: [Tuple ("Native direct", "ArgumentException: Expression of type 'System.Coll"···), Tuple ("Native late-decline", "
NativeJoinScopeConditionalProjectionTests.Nav_null_check_ternary_over_a_two_level_LeftJoin_chain_matches_oracle(mode: DriverLinq, shape: "JoinThenLeftJoinResultSelectorTernary")	Failed	NativeJoinScopeConditionalProjectionTests.cs:line 467	Assert.Equal() Failure: Collections differ ↓ (pos 1) Expected: ["1:Western Europe", "2:<none>", "3:<none>"] Actual: ["1:Western Europe", "2:<null>", "3:<null>"] ↑ (pos 1)
NativeCastTests.Field_to_field_comparison_over_a_both_side_reencoding_converter_declines	Failed	NativeCastTests.cs:line 2252	Assert.Equal() Failure: Strings differ ↓ (pos 6) Expected: "threw NativeTranslationNotSupportedExcept"··· Actual: "threw ExpressionNotSupportedException" ↑ (pos 6)
NativeVectorSearchTests.Limit_zero_throws_identically_in_every_mode(mode: Native)	Passed		
NativeOwnedCollectionAllTests.Any_within_All_goes_native	Passed		
DateTimeOffsetMemberProjectionTests.Where_boxed_DateTimeOffset_ToString_throws_instead_of_matching_bson_json(mode: Native)	Failed	DateTimeOffsetMemberProjectionTests.cs:line 379	Assert.Throws() Failure: No exception was thrown Expected: typeof(System.InvalidOperationException)
NativeGroupByTests.GroupBy_empty_key_bare_aggregate_goes_native	Failed	NativeGroupByTests.cs:line 1452	System.InvalidOperationException : The LINQ expression 'DbSet<Order>() .GroupBy(o => new { }) .Select(g => g .Sum(o => o.Amount))' could not be translated. Either rewrite the query in a form that can be translated, or switch to client evaluation explicitly by inserting a call to 'AsEnumerable', 'AsAsyncEnumerable', 'ToList', or 'ToListAsync'. See https://go.microsoft.com/fwlink/?linkid=2101038 for
NativeVectorSearchTests.Unmatched_index_name_warns_natively	Passed		
NativeJoinTests.Inner_side_Where_that_declines_natively_does_not_confirm_the_join(mode: DriverLinq, shape: "ToString")	Passed		
NativeJoinTests.Reducer_after_a_bare_Inner_entity_leaf_over_a_join_returns_the_joined_row(mode: Native, reducer: "Single")	Passed		
NativeOwnedCollectionFilteredCountTests.Bare_filtered_count_projection_with_a_captured_parameter_goes_native_in_every_mode	Failed	NativeOwnedCollectionFilteredCountTests.cs:line 1073	Assert.Equal() Failure: Collections differ ↓ (pos 0) Expected: [Tuple ("NativeOnly direct", "[0,0,0,0,1,3]"), Tuple ("Native direct", "[0,0,0,0,1,3]"), Tuple ("DriverLinq direct", "[0,0,0,0,1,3]"), Tuple ("Native late-decline", "[0,0,0,0,1,3]"), Tuple ("DriverLinq late-decline", "[0,0,0,0,1,3]")] Actual: [Tuple ("NativeOnly direct", "InvalidOperationException: The LINQ expression 'o'"···), Tuple (
NativeDateTimeKindReadbackTests.Date_part_over_a_local_kind_property_throws_in_every_mode(shape: "Select_Hour")	Failed	NativeDateTimeKindReadbackTests.cs:line 716	Assert.Throws() Failure: No exception was thrown Expected: typeof(System.InvalidOperationException)
NativeOwnedCollectionAllTests.All_with_a_correlated_element_predicate_now_goes_native_since_EF421	Passed		
NativeOwnedCollectionAllTests.All_with_an_arithmetic_element_predicate_declines_and_falls_back_to_correct_rows	Passed		
NativeBareProjectionTests.Bare_projection_then_Distinct_goes_native	Passed		
NativeOwnedCollectionFilteredCountTests.Filtered_count_relational_element_predicate_equals_the_in_memory_oracle(name: "correlated_lt", selector: b => new TitleCount() {Title = b.Title, N = b.Posts.Count(p => ((p.Rank < Convert(0, Nullable`1)) AndAlso (p.Title != b.Title)))}, expectedMultiMixedN: 1)	Failed	NativeOwnedCollectionFilteredCountTests.cs:line 1339	System.InvalidOperationException : The LINQ expression 'o' could not be translated. Either rewrite the query in a form that can be translated, or switch to client evaluation explicitly by inserting a call to 'AsEnumerable', 'AsAsyncEnumerable', 'ToList', or 'ToListAsync'. See https://go.microsoft.com/fwlink/?linkid=2101038 for more information.
NativeDateTimeKindReadbackTests.Date_part_over_a_local_kind_property_is_correct_or_loud_in_every_mode(shape: "OrderBy_Hour")	Passed		
NativeAnonymousKeyJoinTests.Chained_join_with_anonymous_key_off_the_prior_hop_matches_oracle(mode: Native)	Failed	NativeAnonymousKeyJoinTests.cs:line 374	MongoDB.Driver.Linq.ExpressionNotSupportedException : Expression not supported: s => new <>f__AnonymousType25`3(Region = Field(s, "Region", value(MongoDB.Bson.Serialization.Serializers.StringSerializer)), Zone = Field(s, "Zone", value(MongoDB.Bson.Serialization.Serializers.Int32Serializer)), Bay = Field(s, "Bay", value(MongoDB.Bson.Serialization.Serializers.NullableSerializer`1[System.Int32]))) be
NativeDistinctTests.Bare_scalar_Distinct_then_Max_goes_native(mode: NativeOnly)	Passed		
NativeSetOpsTests.Second_select_after_projected_operand_union_hard_fails_in_every_mode(mode: NativeOnly)	Passed		
NativeConditionalAndDateTimeTests.TimeOfDay_in_a_nested_construction_declines	Passed		
QueryModeGateTests.NativeOnly_order_after_skip_succeeds	Passed		
NativeVectorSearchTests.Exact_with_num_candidates_throws_InvalidOperationException_in_every_mode(mode: NativeOnly)	Passed		
NativeComputedSortTests.Computed_sort_key_using_Not_over_a_bool_field_goes_native	Passed		
NativeJoinTests.Whole_entity_leaves_behind_a_parameterized_where_reads_correct_values	Failed	NativeJoinTests.cs:line 1600	Assert.Contains() Failure: Sub-string not found String: "Executed MQL query\nEFTest-2026-10-01T13-1"··· Not found: "_lookup_Orders"
NativeMaterializerNullabilityTests.Missing_required_scalar_throws_under_native_matching_driver	Passed		
NativeMaterializerNullabilityTests.Nullable_string_scalar_behind_non_nullable_type_reads_exact_values_natively(shape: "BareLongLength", expected: [1, 2])	Passed		
Ef373InterleavedPagingTests.Paging_between_two_transparent_identifier_joins_matches_oracle(mode: Native, shape: "ScalarLeaf")	Failed	Ef373InterleavedPagingTests.cs:line 257	System.NotSupportedException : A 'Skip', 'Take', or 'Distinct' operator composed between two cross-collection joins (e.g. from 'Include'/'ThenInclude' or an explicit 'Join') is not supported. Move the operator so that it is not interleaved between the joins.
NativeJoinTests.Join_on_non_key_properties_between_navigation_related_types_joins_on_the_written_keys(mode: DriverLinq, leftOuter: True)	Passed		
NativeDateTimeKindReadbackTests.Date_part_over_a_utc_kind_property_still_works(shape: "Join_Result_Selector_Hour")	Passed		
NativeSetOpsTests.Select_after_union_goes_native_parity	Passed		
QueryModeGateTests.Native_sort_skip_take_uses_native_pipeline	Passed		
NativeProjectionReducerTests.Bare_collection_reducer_projection_leaf_no_longer_throws(reducerName: "First")	Failed	NativeProjectionReducerTests.cs:line 136	System.ArgumentException : An item with the same key has already been added. Key: o
NativeOwnedCollectionCorrelatedTests.Correlated_Any_with_negated_Regex_IsMatch_constant_pattern_goes_native	Passed		
NativeDateTimeKindReadbackTests.Set_operation_over_same_kind_properties_reads_back_with_that_kind	Passed		
DateTimeOffsetMemberProjectionTests.Select_DateTimeOffset_Year_component	Failed	DateTimeOffsetMemberProjectionTests.cs:line 90	MongoDB.Driver.Linq.ExpressionNotSupportedException : Expression not supported: d.DateTimeOffset.Year because serializer for System.DateTimeOffset does not represent members as fields..
NativeBareProjectionTests.Bare_scalar_projection_behind_a_parameterized_predicate_returns_correct_values	Passed		
NativeGroupByTests.GroupBy_scalar_key_with_count_and_sum_goes_native	Failed	NativeGroupByTests.cs:line 89	System.InvalidOperationException : The LINQ expression 'DbSet<Order>() .GroupBy(o => o.Country) .Select(g => new { Country = g.Key, Count = g .Count(), Total = g .Sum(o => o.Amount) })' could not be translated. Either rewrite the query in a form that can be translated, or switch to client evaluation explicitly by inserting a call to 'AsEnumerable', 'AsAsyncEnumerable', 'ToList', or 'ToListAsync'. 
NativeGroupByTests.GroupBy_then_LongCount_matches_driver_linq	Failed	NativeGroupByTests.cs:line 947	System.InvalidOperationException : The LINQ expression 'DbSet<Order>() .GroupBy(o => o.Country) .Select(g => new { Country = g.Key, Total = g .Sum(o => o.Amount) }) .LongCount()' could not be translated. Either rewrite the query in a form that can be translated, or switch to client evaluation explicitly by inserting a call to 'AsEnumerable', 'AsAsyncEnumerable', 'ToList', or 'ToListAsync'. See htt
NativeGroupByTests.Post_group_where_over_a_constant_key_goes_native	Failed	NativeGroupByTests.cs:line 3195	System.InvalidOperationException : The LINQ expression 'DbSet<Order>() .Select(e => new { Id = e.Id, Name = "Order" }) .GroupBy(o => o.Name) .Select(g => new { Name = g.Key, Count = g .Count() }) .Where(o => o.Count > 0)' could not be translated. Either rewrite the query in a form that can be translated, or switch to client evaluation explicitly by inserting a call to 'AsEnumerable', 'AsAsyncEnume
NativeLocalCollectionContainsTests.Negated_contains_over_prepopulated_user_collection_does_not_treat_it_as_empty	Passed		
NativeReferenceCollectionCountPredicateTests.Include_ordered_Take_on_same_nav_as_count_predicate_returns_correct_data(mode: NativeOnly)	Failed	NativeReferenceCollectionCountPredicateTests.cs:line 336	System.InvalidOperationException : Unsupported cross-DbSet query between 'MongoDB.EntityFrameworkCore.FunctionalTests.Query.NativeReferenceCollectionCountPredicateTests+Owner' and 'MongoDB.EntityFrameworkCore.FunctionalTests.Query.NativeReferenceCollectionCountPredicateTests+Order'. The MongoDB EF Core Provider does not support this cross-collection query. Consider using Join, Include, or restruct
NativeOwnedCollectionCountTests.Count_result_equals_the_in_memory_oracle_for_every_array_length_and_state(name: "reversed", predicate: b => (1 < b.Posts.Count))	Failed	NativeOwnedCollectionCountTests.cs:line 960	MongoDB.Driver.MongoCommandException : Command aggregate failed: Executor error during aggregate command on namespace: EFTest-2026-10-01T13-10-40-15.diff_reversed_0b1c3db0 :: caused by :: The argument to $size must be an array, but was of type: missing.
NativeSetOperationProjectionTests.Intersect_and_Except_of_key_column_and_computed_scalar_re_align_the_second_operand	Failed	NativeSetOperationProjectionTests.cs:line 422	System.InvalidOperationException : The LINQ expression 'DbSet<Entity>() .Select(x => x.Id) .Intersect(DbSet<Entity>() .Select(x => x.N + 1))' could not be translated. Either rewrite the query in a form that can be translated, or switch to client evaluation explicitly by inserting a call to 'AsEnumerable', 'AsAsyncEnumerable', 'ToList', or 'ToListAsync'. See https://go.microsoft.com/fwlink/?linkid=
NativeDateTimeKindReadbackTests.Date_part_over_a_local_kind_property_is_correct_or_loud_in_every_mode(shape: "Navigation_Hour")	Failed	NativeDateTimeKindReadbackTests.cs:line 699	Assert.Equal() Failure: Collections differ ↓ (pos 0) Expected: ["11", "11", "8"] Actual: ["10", "10", "8"] ↑ (pos 0)
NativeOwnedCollectionCountTests.A_parameterized_threshold_emits_expr_with_a_null_safe_size	Passed		
NativeCastTests.Wrapped_cast_projection_leaf_goes_native	Passed		
NativeCastTests.Widening_cast_comparison_matches_driver_linq	Passed		
NativeOwnedCollectionCorrelatedTests.Correlated_filtered_Count_predicate_over_a_bare_value_converted_outer_bool_declines_instead_of_answering_wrong	Passed		
NativeConditionalAndDateTimeTests.TimeOfDay_member_Intersect_with_a_TimeSpan_property_declines(mode: NativeOnly)	Passed		
NativeMaterializerNullabilityTests.Null_absorbing_math_over_nullable_string_length_declines(function: "Min")	Passed		
NativeOwnedCollectionAllTests.All_within_Any_goes_native	Passed		
NativeJoinTests.Whole_entity_leaf_beside_a_renamed_or_dotted_scalar_leaf_reads_correctly(mode: DriverLinq)	Failed	NativeJoinTests.cs:line 1648	System.InvalidOperationException : Document element 'Value' is missing but required.
NativeCastTests.Field_to_field_comparison_with_a_cast_goes_native	Passed		
NativeDistinctTests.Bare_scalar_value_converted_enum_Distinct_materializes_converted_values	Passed		
NativeJoinTests.Join_on_non_key_properties_between_navigation_related_types_joins_on_the_written_keys(mode: Native, leftOuter: False)	Passed		
NativeSetOpsTests.Bare_scalar_operand_intersect_goes_native(mode: Native)	Failed	NativeSetOpsTests.cs:line 233	System.InvalidOperationException : The LINQ expression 'DbSet<Item>() .Where(i => i.Value <= 3) .Select(i => i.Value) .Intersect(DbSet<Item>() .Where(i => i.Value >= 3) .Select(i => i.Value))' could not be translated. Either rewrite the query in a form that can be translated, or switch to client evaluation explicitly by inserting a call to 'AsEnumerable', 'AsAsyncEnumerable', 'ToList', or 'ToListA
NativeVectorSearchTests.Exact_search_returns_score_order(mode: Native)	Passed		
NativeAnonymousKeyJoinTests.Anonymous_key_onto_composite_primary_key_components_matches_oracle(mode: NativeOnly)	Failed	NativeAnonymousKeyJoinTests.cs:line 353	MongoDB.Driver.Linq.ExpressionNotSupportedException : Expression not supported: r => new <>f__AnonymousType31`2(Zone = Field(r, "Zone", value(MongoDB.Bson.Serialization.Serializers.Int32Serializer)), Bay = Field(r, "Bay", value(MongoDB.Bson.Serialization.Serializers.NullableSerializer`1[System.Int32]))) because expression cannot be translated to a dotted field name.
NativeClientEvaluatedLeafTests.Captured_list_of_objects_is_evaluated_client_side	Passed		
NativeGateRoutingTests.C_tph_base_predicate_routing	Passed		
NativeComputedBareProjectionTests.Bare_count_projection_goes_native_for_every_array_state	Failed	NativeComputedBareProjectionTests.cs:line 375	System.ArgumentException : Expression of type 'System.Collections.Generic.List`1[MongoDB.EntityFrameworkCore.FunctionalTests.Query.NativeComputedBareProjectionTests+Post]' cannot be used for parameter of type 'System.Linq.IQueryable`1[MongoDB.EntityFrameworkCore.FunctionalTests.Query.NativeComputedBareProjectionTests+Post]' of method 'Int32 Count[Post](System.Linq.IQueryable`1[MongoDB.EntityFramew
NativeMaterializerNullabilityTests.Where_on_bare_parameter_over_distinct_nullable_string_length_excludes_the_null_row	Failed	NativeMaterializerNullabilityTests.cs:line 650	MongoDB.Driver.MongoCommandException : Command aggregate failed: Executor error during aggregate command on namespace: EFTest-2026-10-01T13-10-40-20.Where_on_bare_parameter_over_distinct_nullable_string_length_excludes_the_null_row :: caused by :: $strLenCP requires a string argument.
NativeOwnedCollectionFilteredCountTests.Filtered_count_predicate_is_correct_for_every_threshold(threshold: 1, expected: ["one", "three"])	Passed		
NativeArrayProjectionTests.Scalar_array_container_goes_native_with_exact_values	Passed		
NativeOwnedCollectionFilteredCountTests.Filtered_count_relational_element_predicate_equals_the_in_memory_oracle(name: "parameter_lt", selector: b => new TitleCount() {Title = b.Title, N = b.Posts.Count(p => (p.Rank < Convert(value(NativeOwnedCollectionFilteredCountTests+<>c__DisplayClass72_0).threshold, Nullable`1)))}, expectedMultiMixedN: 1)	Failed	NativeOwnedCollectionFilteredCountTests.cs:line 1339	System.InvalidOperationException : The LINQ expression 'o' could not be translated. Either rewrite the query in a form that can be translated, or switch to client evaluation explicitly by inserting a call to 'AsEnumerable', 'AsAsyncEnumerable', 'ToList', or 'ToListAsync'. See https://go.microsoft.com/fwlink/?linkid=2101038 for more information.
NativeDistinctTests.Anonymous_computed_projection_Distinct_then_OrderBy_on_member_matches_driver_linq	Passed		
NativeGroupByTests.GroupBy_combined_with_Join_still_runs_under_driver_linq	Passed		
Ef373InterleavedPagingTests.Paging_after_both_transparent_identifier_joins_still_goes_native_under_NativeOnly	Passed		
NativeOwnedCollectionPredicateTests.Owned_collection_Any_multi_condition_requires_one_element_to_satisfy_all	Failed	NativeOwnedCollectionPredicateTests.cs:line 201	MongoDB.Driver.MongoCommandException : Command aggregate failed: Executor error during aggregate command on namespace: EFTest-2026-10-01T13-10-40-13.Owned_collection_Any_multi_condition_requires_one_element_to_satisfy_all_e717d36e :: caused by :: $anyElementTrue's argument must be an array, but is null.
NativeSetOperationProjectionTests.Union_of_constant_and_column_holds_a_matching_value_once	Passed		
NativeDistinctTests.Distinct_then_OrderBy_with_computed_key_over_bare_scalar_goes_native	Passed		
NativeGroupByOverJoinTests.Any_and_Count_over_a_navigation_group_after_an_inner_side_where(moreThan: 2, expectedAny: False, expectedCount: 0)	Failed	NativeGroupByOverJoinTests.cs:line 570	System.InvalidOperationException : The LINQ expression 'DbSet<Order>() .Where(o => o.Owner.Name != "Cara") .GroupBy(o => o.Owner.Region) .Select(g => new { Key = g.Key, Count = g .Count() }) .Any(x => x.Count > @moreThan)' could not be translated. Either rewrite the query in a form that can be translated, or switch to client evaluation explicitly by inserting a call to 'AsEnumerable', 'AsAsyncEnum
NativeSetOpsTests.Except_with_collection_include_goes_native	Failed	NativeSetOpsTests.cs:line 747	System.InvalidOperationException : The LINQ expression 'DbSet<LinkedItem>() .Where(i => i.Value <= 2) .Include(i => i.Details) .Except(DbSet<LinkedItem>() .Where(i => i.Value >= 2) .Include(i => i.Details))' could not be translated. Either rewrite the query in a form that can be translated, or switch to client evaluation explicitly by inserting a call to 'AsEnumerable', 'AsAsyncEnumerable', 'ToLis
DateTimeOffsetMemberProjectionTests.Concatenating_DateTimeOffset_throws_instead_of_bson_json(shape: "order_by", mode: NativeOnly)	Passed		
NativeVectorSearchTests.Where_after_vector_search_preserves_score_order(mode: Native)	Passed		
NativeSetOperationProjectionTests.Union_with_a_client_evaluated_first_operand_declines	Passed		
NativeGroupByTests.GroupBy_after_source_side_OrderBy_Skip_goes_native	Failed	NativeGroupByTests.cs:line 810	System.InvalidOperationException : The LINQ expression 'DbSet<Order>() .OrderBy(o => o.Amount) .Skip(@p) .GroupBy(o => o.Country) .Select(g => g .Sum(o => o.Amount))' could not be translated. Either rewrite the query in a form that can be translated, or switch to client evaluation explicitly by inserting a call to 'AsEnumerable', 'AsAsyncEnumerable', 'ToList', or 'ToListAsync'. See https://go.micr
NativeDateTimeKindReadbackTests.Whole_composite_key_nested_and_filtered_after_the_group_reads_back_with_the_property_kind	Failed	NativeDateTimeKindReadbackTests.cs:line 298	System.InvalidOperationException : The LINQ expression 'DbSet<Order>() .GroupBy(o => new { Country = o.Country, LocalDate = o.LocalDate }) .Select(g => new { I = new { Key = g.Key }, C = g .Count() }) .Where(x => x.C > 0)' could not be translated. Either rewrite the query in a form that can be translated, or switch to client evaluation explicitly by inserting a call to 'AsEnumerable', 'AsAsyncEnum
NativeGroupByTests.Post_group_bare_accumulator_alias_where_excludes_the_all_null_group	Failed	NativeGroupByTests.cs:line 3072	System.InvalidOperationException : The LINQ expression 'DbSet<RankedOwner>() .GroupBy(o => o.Name) .Select(g => g .Max(x => x.Rank)) .Count(v => v < (int?)100)' could not be translated. Either rewrite the query in a form that can be translated, or switch to client evaluation explicitly by inserting a call to 'AsEnumerable', 'AsAsyncEnumerable', 'ToList', or 'ToListAsync'. See https://go.microsoft.
NativeConditionalAndDateTimeTests.DateTimeOffset_DateTime_over_a_null_offset_throws_like_CSharp	Failed	NativeConditionalAndDateTimeTests.cs:line 659	Assert.Throws() Failure: Exception type was not an exact match Expected: typeof(System.InvalidOperationException) Actual: typeof(MongoDB.Driver.Linq.ExpressionNotSupportedException) ---- MongoDB.Driver.Linq.ExpressionNotSupportedException : Expression not supported: r.OccurredOffset.Value.DateTime because serializer for System.DateTimeOffset does not represent members as fields..
NativeOwnedCollectionCountTests.Count_projection_equals_the_in_memory_oracle_for_every_array_length_and_state(name: "property", selector: b => new TitleCount() {Title = b.Title, N = b.Posts.Count})	Failed	NativeOwnedCollectionCountTests.cs:line 1005	System.ArgumentException : Expression of type 'System.Collections.Generic.List`1[MongoDB.EntityFrameworkCore.FunctionalTests.Query.NativeOwnedCollectionCountTests+Post]' cannot be used for parameter of type 'System.Linq.IQueryable`1[MongoDB.EntityFrameworkCore.FunctionalTests.Query.NativeOwnedCollectionCountTests+Post]' of method 'Int32 Count[Post](System.Linq.IQueryable`1[MongoDB.EntityFrameworkC
NativeArrayProjectionTests.Array_leaf_in_a_trailing_projection_after_an_intersect_goes_native	Failed	NativeArrayProjectionTests.cs:line 1086	System.InvalidOperationException : The LINQ expression 'DbSet<Blog>() .AsNoTracking() .Where(b => b.Rank <= 2) .Intersect(DbSet<Blog>() .AsNoTracking() .Where(b => b.Rank == 2)) .Select(b => new { Title = b.Title, Posts = b.Posts })' could not be translated. Either rewrite the query in a form that can be translated, or switch to client evaluation explicitly by inserting a call to 'AsEnumerable', '
NativeSetOpsTests.Second_select_after_projected_operand_union_hard_fails_in_every_mode(mode: Native)	Passed		
NativeJoinScopeNestedProjectionTests.Nested_projection_with_outer_sourced_member_falls_back(mode: Native)	Passed		
NativeConditionalAndDateTimeTests.TimeOfDay_bare_projection_goes_native_and_matches_the_driver	Passed		
NativeArrayProjectionTests.String_sequence_container_element_matches_the_hand_oracle(mode: Native)	Failed	NativeArrayProjectionTests.cs:line 1795	System.InvalidOperationException : No coercion operator is defined between types 'System.Int32' and 'System.String'.
NativeCtorOnlyProjectionTests.Whole_entity_into_object_list_goes_native_with_parity	Passed		
NativeAnonymousKeyJoinTests.String_key_stored_as_ObjectId_on_both_sides_stays_native_and_matches_oracle(mode: Native, explicitInstances: True)	Failed	NativeAnonymousKeyJoinTests.cs:line 585	MongoDB.Driver.Linq.ExpressionNotSupportedException : Expression not supported: o => new <>f__AnonymousType46`2(Zone = Field(o, "Zone", value(MongoDB.Bson.Serialization.Serializers.Int32Serializer)), Ref2 = Field(o, "Ref2", value(MongoDB.EntityFrameworkCore.Serializers.ValueConverterSerializer`2[System.String,MongoDB.Bson.ObjectId]))) because expression cannot be translated to a dotted field name.
DateTimeOffsetMemberProjectionTests.Where_boxed_DateTimeOffset_ToString_throws_instead_of_matching_bson_json(mode: DriverLinq)	Failed	DateTimeOffsetMemberProjectionTests.cs:line 379	Assert.Throws() Failure: No exception was thrown Expected: typeof(System.InvalidOperationException)
NativeSetOpsTests.Second_projection_after_union_goes_native_because_ef_fuses_the_two_selects	Passed		
NativeDistinctTests.One_member_anonymous_field_Distinct_then_Where_on_bare_parameter_declines_with_fallback_parity	Passed		
NativeCastTests.Short_backed_enum_comparison_goes_native	Passed		
NativeDateTimeKindReadbackTests.GroupBy_composite_key_part_reads_back_with_the_property_kind	Failed	NativeDateTimeKindReadbackTests.cs:line 213	System.InvalidOperationException : The LINQ expression 'DbSet<Order>() .GroupBy(o => new { Country = o.Country, LocalDate = o.LocalDate }) .Select(g => new { Country = g.Key.Country, LocalDate = g.Key.LocalDate, C = g .Count() })' could not be translated. Either rewrite the query in a form that can be translated, or switch to client evaluation explicitly by inserting a call to 'AsEnumerable', 'AsA
NativeVectorSearchTests.Untranslatable_pre_filter_throws_from_the_server_in_every_fallback_mode(mode: Native)	Passed		
NativeBareProjectionTests.Bare_projected_intersect_and_except_operands_go_native_and_return_correct_values(mode: Native)	Failed	NativeBareProjectionTests.cs:line 717	System.InvalidOperationException : The LINQ expression 'DbSet<Blog>() .AsNoTracking() .Where(b => b.Rank <= 3) .Select(b => b.Title) .Intersect(DbSet<Blog>() .AsNoTracking() .Where(b => b.Rank >= 3) .Select(b => b.Title))' could not be translated. Either rewrite the query in a form that can be translated, or switch to client evaluation explicitly by inserting a call to 'AsEnumerable', 'AsAsyncEnum
NativeGroupByOverJoinTests.Push_list_over_a_non_nullable_unmatched_left_join_side_declines	Passed		
NativeSetOperationProjectionTests.Union_of_grouped_anonymous_operand_with_a_constant_member_declines	Failed	NativeSetOperationProjectionTests.cs:line 547	System.InvalidOperationException : The LINQ expression 'DbSet<Entity>() .GroupBy(x => x.N) .Select(g => new { A = 8, C = g .Count() }) .Union(DbSet<Entity>() .Select(x => new { A = x.Id, C = x.N }))' could not be translated. Either rewrite the query in a form that can be translated, or switch to client evaluation explicitly by inserting a call to 'AsEnumerable', 'AsAsyncEnumerable', 'ToList', or '
NativeAnonymousKeyJoinTests.Non_simple_anonymous_keys_decline_loudly(shape: "PrimitiveCollection")	Passed		
NativeJoinTests.Bare_Inner_entity_leaf_over_a_join_matches_oracle(mode: DriverLinq, shape: "InnerWhere")	Passed		
NativeSetOpsTests.Projected_operand_concat_goes_native	Passed		
NativeSetOpsTests.Intersect_parametrized_operand_predicate_substitutes	Failed	NativeSetOpsTests.cs:line 219	System.InvalidOperationException : The LINQ expression 'DbSet<Item>() .Where(i => i.Value <= 3) .Intersect(DbSet<Item>() .Where(i => i.Value >= @threshold))' could not be translated. Either rewrite the query in a form that can be translated, or switch to client evaluation explicitly by inserting a call to 'AsEnumerable', 'AsAsyncEnumerable', 'ToList', or 'ToListAsync'. See https://go.microsoft.com
NativeGroupByTests.GroupBy_single_member_anonymous_key_Key_member_inside_accumulator_matches_oracle(mode: DriverLinq)	Failed	NativeGroupByTests.cs:line 1654	System.InvalidOperationException : The LINQ expression 'DbSet<Order>() .GroupBy(o => new { Country = o.Country }) .Select(g => new { Country = g.Key.Country, UsCount = g .Count(o => g.Key.Country == "US") })' could not be translated. Either rewrite the query in a form that can be translated, or switch to client evaluation explicitly by inserting a call to 'AsEnumerable', 'AsAsyncEnumerable', 'ToLi
NativeJoinTests.Reducer_after_a_bare_Inner_entity_leaf_over_a_join_returns_the_joined_row(mode: DriverLinq, reducer: "First")	Passed		
NativeOwnedCollectionCountTests.Count_result_equals_the_in_memory_oracle_for_every_array_length_and_state(name: "const-lt1", predicate: b => (b.Posts.Count < 1))	Failed	NativeOwnedCollectionCountTests.cs:line 960	MongoDB.Driver.MongoCommandException : Command aggregate failed: Executor error during aggregate command on namespace: EFTest-2026-10-01T13-10-40-15.diff_const-lt1_c76954b4 :: caused by :: The argument to $size must be an array, but was of type: missing.
NativeMaterializerNullabilityTests.Null_absorbing_math_over_nullable_string_length_declines(function: "Max")	Passed		
NativeGateRoutingTests.A_string_as_objectId_where_equals_parity	Passed		
NativeMaterializerNullabilityTests.Sum_over_nullable_string_length_projection_goes_native	Failed	NativeMaterializerNullabilityTests.cs:line 528	MongoDB.Driver.MongoCommandException : Command aggregate failed: Executor error during aggregate command on namespace: EFTest-2026-10-01T13-10-40-20.Sum_over_nullable_string_length_projection_goes_native_mixed :: caused by :: $strLenCP requires a string argument.
DateTimeOffsetMemberProjectionTests.Concatenating_DateTimeOffset_throws_instead_of_bson_json(shape: "prefix", mode: NativeOnly)	Passed		
NativeCardinalityTests.All_over_bare_bool_goes_native	Passed		
NativeCastTests.Field_to_field_comparison_over_a_one_side_transforming_converter_declines	Failed	NativeCastTests.cs:line 2101	Assert.Equal() Failure: Strings differ ↓ (pos 6) Expected: "threw NativeTranslationNotSupportedExcept"··· Actual: "threw ExpressionNotSupportedException" ↑ (pos 6)
NativeSetOpsTests.GroupBy_after_Concat_of_projected_Distinct_operand_counts_the_duplicate(mode: DriverLinq)	Failed	NativeSetOpsTests.cs:line 2386	System.InvalidOperationException : The LINQ expression 'DbSet<Item>() .Where(i => i.Value <= 3) .Select(i => new { Name = i.Name, Value = i.Value }) .Distinct() .Concat(DbSet<Item>() .Where(i => i.Value >= 3) .Select(i => new { Name = i.Name, Value = i.Value })) .GroupBy(x => x.Value) .Select(g => new { Key = g.Key, Total = g .Count() })' could not be translated. Either rewrite the query in a form
NativeGroupByOverJoinTests.Null_guarded_string_projection_over_an_unmatched_left_join_side(shape: "Substring ?? constant", expected: "Alice:N|Alice:N|Bob:S|Cara:N|Dora:none")	Failed	NativeGroupByOverJoinTests.cs:line 1057	Assert.Equal() Failure: Strings differ ↓ (pos 34) Expected: "Alice:N|Alice:N|Bob:S|Cara:N|Dora:none" Actual: "Alice:N|Alice:N|Bob:S|Cara:N|Dora:"
NativeJoinTests.Chained_join_onto_the_same_target_entity_type_disambiguates_lookup_aliases_under_NativeOnly	Passed		
QueryModeGateTests.Native_mode_filter_uses_native_match_pipeline	Passed		
NativeVectorSearchTests.Score_leaf_without_a_vector_search_declines	Passed		
NativeSetOpsTests.Distinct_operand_concat_goes_native	Passed		
NativeDocumentConstructionProjectionTests.Bare_ternary_with_captured_values_goes_native_with_parity	Passed		
NativeDocumentConstructionProjectionTests.Wrapped_ternary_with_a_branch_reading_a_row_value_goes_native_with_parity	Passed		
NativeConditionalAndDateTimeTests.AddDays_over_a_nullable_date_goes_native_for_non_null_rows	Passed		
NativeJoinScopeConditionalProjectionTests.OrderBy_bare_nav_null_check_ternary_matches_oracle(mode: Native)	Passed		
NativeOwnedCollectionCorrelatedTests.Correlated_Any_goes_native	Passed		
NativeGroupByTests.GroupBy_then_bare_LongCount_goes_native	Failed	NativeGroupByTests.cs:line 1164	System.InvalidOperationException : The LINQ expression 'DbSet<Order>() .GroupBy(o => o.Country) .LongCount()' could not be translated. Either rewrite the query in a form that can be translated, or switch to client evaluation explicitly by inserting a call to 'AsEnumerable', 'AsAsyncEnumerable', 'ToList', or 'ToListAsync'. See https://go.microsoft.com/fwlink/?linkid=2101038 for more information.
NativeOfTypeTests.OfType_matches_driver_linq_for_leaf_type(mode: ShadowPropertyWithValues)	Passed		
NativeJoinTests.Chained_join_scalar_leaf_projection_goes_native_under_NativeOnly	Passed		
NativeJoinTests.Inner_side_Where_that_declines_natively_does_not_confirm_the_join(mode: DriverLinq, shape: "Substring")	Passed		
NativeReferenceCollectionCountPredicateTests.Count_predicate_on_join_inner_side_declines_cleanly_in_every_mode(mode: Native)	Passed		
NativeReferenceCollectionCountPredicateTests.Include_ordered_Skip_Take_on_same_nav_as_count_predicate_returns_correct_data(mode: NativeOnly)	Failed	NativeReferenceCollectionCountPredicateTests.cs:line 380	System.InvalidOperationException : Unsupported cross-DbSet query between 'MongoDB.EntityFrameworkCore.FunctionalTests.Query.NativeReferenceCollectionCountPredicateTests+Owner' and 'MongoDB.EntityFrameworkCore.FunctionalTests.Query.NativeReferenceCollectionCountPredicateTests+Order'. The MongoDB EF Core Provider does not support this cross-collection query. Consider using Join, Include, or restruct
NativeJoinTests.Distinct_after_a_bare_Inner_entity_leaf_matches_oracle(mode: DriverLinq, shape: "DistinctWhere")	Failed	NativeJoinTests.cs:line 991	Assert.Equal() Failure: Collections differ ↓ (pos 0) Expected: ["6abe4de9d82981d4d711da5c:20", "6abe4de9d82981d4d711da5d:30"] Actual: ["<null>", "<null>"] ↑ (pos 0)
NativeSetOpsTests.Outer_GroupBy_over_grouped_source1_set_op_matches_in_memory(name: "Distinct operand, Where between Union and GroupBy", query: Func`3 { Method = System.Collections.Generic.IEnumerable`1[System.ValueTuple`2[System.Int32,System.Int32]] <OuterGroupByOverGroupedSource1Shapes>b__136_2(System.Linq.IQueryable`1[NativeSetOpsTests+Item], System.Linq.IQueryable`1[NativeSetOpsTests+Item]), Target = <>c { } })	Failed	NativeSetOpsTests.cs:line 2461	System.InvalidOperationException : The LINQ expression 'DbSet<Item>() .Select(i => new { Value = i.Value }) .Distinct() .Concat(DbSet<Item>() .Where(i => i.Value >= 4) .Select(i => new { Value = i.Value })) .Where(x => x.Value != 2) .GroupBy(x => x.Value) .Select(g => new { Key = g.Key, Total = g .Count() })' could not be translated. Either rewrite the query in a form that can be translated, or sw
NativeCtorOnlyProjectionTests.Whole_entity_in_client_construction_is_the_tracked_instance(shape: 1)	Passed		
NativeReferenceIncludeTests.Query_filter_inherited_from_a_TPH_root_on_the_included_target_declines	Passed		
NativeGroupByTests.GroupBy_then_bare_Any_goes_native	Failed	NativeGroupByTests.cs:line 1175	System.InvalidOperationException : The LINQ expression 'DbSet<Order>() .GroupBy(o => o.Country) .Any()' could not be translated. Either rewrite the query in a form that can be translated, or switch to client evaluation explicitly by inserting a call to 'AsEnumerable', 'AsAsyncEnumerable', 'ToList', or 'ToListAsync'. See https://go.microsoft.com/fwlink/?linkid=2101038 for more information.
NativeOwnedReferenceWholeEntityTests.Mixed_owned_reference_and_owned_collection_goes_native_under_NativeOnly	Passed		
NativeDistinctTests.Converted_Distinct_Intersect_Except_over_the_same_property_go_native_with_hand_oracle	Failed	NativeDistinctTests.cs:line 456	System.InvalidOperationException : The LINQ expression 'DbSet<ConvertedOrder>() .Select(o => o.Status) .Distinct() .Intersect(DbSet<ConvertedOrder>() .Where(o => o.Year == 2020) .Select(o => o.Status) .Distinct())' could not be translated. Either rewrite the query in a form that can be translated, or switch to client evaluation explicitly by inserting a call to 'AsEnumerable', 'AsAsyncEnumerable',
NativeOwnedCollectionCountTests.Owned_collection_count_projection_emits_a_null_safe_size	Failed	NativeOwnedCollectionCountTests.cs:line 594	System.ArgumentException : Expression of type 'System.Collections.Generic.List`1[MongoDB.EntityFrameworkCore.FunctionalTests.Query.NativeOwnedCollectionCountTests+Post]' cannot be used for parameter of type 'System.Linq.IQueryable`1[MongoDB.EntityFrameworkCore.FunctionalTests.Query.NativeOwnedCollectionCountTests+Post]' of method 'Int32 Count[Post](System.Linq.IQueryable`1[MongoDB.EntityFrameworkC
QueryModeGateTests.NativeOnly_parameterized_starts_with_escapes_regex_metacharacters	Passed		
NativeOwnedCollectionFilteredCountTests.Quantifier_over_ragged_elements_equals_the_hand_and_in_memory_oracles(name: "negated_correlated_all_lt", predicate: b => Not(b.Posts.All(p => ((p.Rank < Convert(0, Nullable`1)) AndAlso (p.Title != b.Title)))), expected: ["neg_missing", "neg_null", "only_ragged", "pos_neg"])	Failed	NativeOwnedCollectionFilteredCountTests.cs:line 1442	MongoDB.Driver.MongoCommandException : Command aggregate failed: Executor error during aggregate command on namespace: EFTest-2026-10-01T13-10-40-14.quant_negated_correlated_all_lt_11a0e2a7 :: caused by :: $allElementsTrue's argument must be an array, but is null.
NativeGroupByTests.GroupBy_single_member_anonymous_key_whole_Key_null_check_inside_accumulator_declines	Failed	NativeGroupByTests.cs:line 1805	System.InvalidOperationException : The LINQ expression 'DbSet<Order>() .GroupBy(o => new { Country = o.Country }) .Select(g => new { Country = g.Key.Country, Count = g .Count(o => g.Key == null) })' could not be translated. Either rewrite the query in a form that can be translated, or switch to client evaluation explicitly by inserting a call to 'AsEnumerable', 'AsAsyncEnumerable', 'ToList', or 'T
NativeGroupByOverJoinTests.Accumulator_condition_over_an_unmatched_left_join_side_declines(shape: "Sum(conditional)")	Passed		
NativeSetOpsTests.Bare_scalar_operand_intersect_still_hard_fails_under_explicit_driver_linq	Passed		
NativeCtorOnlyProjectionTests.Select_with_whole_entity_ctor_only_dto_still_works_under_explicit_driver_linq_mode	Passed		
NativeGroupByOverJoinTests.Inner_side_accumulator_over_all_null_values_is_null	Failed	NativeGroupByOverJoinTests.cs:line 98	System.InvalidOperationException : The LINQ expression 'DbSet<Order>() .Join( inner: DbSet<Owner>(), outerKeySelector: o => o.OwnerId, innerKeySelector: w => w.Id, resultSelector: (o, w) => new { o = o, w = w }) .GroupBy( keySelector: <>h__TransparentIdentifier0 => <>h__TransparentIdentifier0.w.Region, elementSelector: <>h__TransparentIdentifier0 => <>h__TransparentIdentifier0.w) .Select(g => new 
NativeOwnedCollectionCountTests.Count_result_equals_the_in_memory_oracle_for_every_array_length_and_state(name: "const-gt0", predicate: b => (b.Posts.Count > 0))	Failed	NativeOwnedCollectionCountTests.cs:line 960	MongoDB.Driver.MongoCommandException : Command aggregate failed: Executor error during aggregate command on namespace: EFTest-2026-10-01T13-10-40-15.diff_const-gt0_98cb73e6 :: caused by :: The argument to $size must be an array, but was of type: missing.
NativeGroupByOverJoinTests.Inner_side_where_before_a_navigation_group	Failed	NativeGroupByOverJoinTests.cs:line 517	System.InvalidOperationException : The LINQ expression 'DbSet<Order>() .Where(o => o.Owner.Name != "Cara") .GroupBy(o => o.Owner.Region) .Select(g => new { Key = g.Key, Count = g .Count() })' could not be translated. Either rewrite the query in a form that can be translated, or switch to client evaluation explicitly by inserting a call to 'AsEnumerable', 'AsAsyncEnumerable', 'ToList', or 'ToListAs
NativeJoinTests.Distinct_after_a_bare_Inner_entity_leaf_matches_oracle(mode: DriverLinq, shape: "DistinctOrderByTake")	Failed	NativeJoinTests.cs:line 991	Assert.Equal() Failure: Collections differ ↓ (pos 0) Expected: ["6abe4de9d82981d4d711dac9:10", "6abe4de9d82981d4d711daca:20"] Actual: ["<null>", "<null>"] ↑ (pos 0)
NativeClientEvaluatedLeafTests.All_client_closed_new_DateTime_keeps_one_row_per_document	Passed		
NativeClientMethodProjectionTests.Select_with_context_based_client_method_goes_native	Passed		
NativeOwnedReferenceWholeEntityTests.Owned_reference_entity_leaf_Distinct_dedups_by_value_not_owner_identity(mode: DriverLinq)	Failed	NativeOwnedReferenceWholeEntityTests.cs:line 959	System.InvalidOperationException : The LINQ expression 'ProjectionBindingExpression: Title' could not be translated. Either rewrite the query in a form that can be translated, or switch to client evaluation explicitly by inserting a call to 'AsEnumerable', 'AsAsyncEnumerable', 'ToList', or 'ToListAsync'. See https://go.microsoft.com/fwlink/?linkid=2101038 for more information.
NativeSetOperationProjectionTests.Union_of_column_and_constant_goes_native	Passed		
NativeGroupByTests.Post_group_where_over_an_alias_shadowing_a_key_part_name_reads_the_alias	Failed	NativeGroupByTests.cs:line 3238	System.InvalidOperationException : The LINQ expression 'DbSet<Order>() .GroupBy(o => new { Country = o.Country }) .Select(g => new { Country = g .Count(), C = g.Key.Country }) .Where(x => x.Country > 1)' could not be translated. Either rewrite the query in a form that can be translated, or switch to client evaluation explicitly by inserting a call to 'AsEnumerable', 'AsAsyncEnumerable', 'ToList', 
NativeGateRoutingTests.E_projected_id_member_parity	Passed		
NativeDateTimeKindReadbackTests.Date_part_over_a_local_kind_property_is_correct_or_loud_in_every_mode(shape: "Where_Date")	Passed		
NativeComputedSortTests.Computed_sort_descending_primary_key	Passed		
NativeConditionalAndDateTimeTests.TimeOfDay_projection_ordered_by_it_declines	Passed		
NativeSetOperationProjectionTests.Concat_of_null_string_constant_and_string_constant_goes_native	Passed		
NativeSetOpsTests.GroupBy_after_projected_operand_union_falls_back_gracefully	Failed	NativeSetOpsTests.cs:line 1763	System.InvalidOperationException : The LINQ expression 'DbSet<Item>() .Where(i => i.Value <= 3) .Select(i => new { Name = i.Name, Value = i.Value }) .Union(DbSet<Item>() .Where(i => i.Value >= 3) .Select(i => new { Name = i.Name, Value = i.Value })) .GroupBy(x => x.Value) .Select(g => new { Key = g.Key, Count = g .Count() })' could not be translated. Either rewrite the query in a form that can be 
NativeArrayProjectionTests.Case_mapped_container_element_over_a_null_string_reads_null(mode: NativeOnly)	Failed	NativeArrayProjectionTests.cs:line 1780	Assert.Equal() Failure: Collections differ ↓ (pos 1) Expected: ["String:ABC,String:a", "<null>,String:b", "<null>,String:c"] Actual: ["String:ABC,String:a", "String:,String:b", "String:,String:c"] ↑ (pos 1)
NativeGroupByTests.GroupBy_HAVING_with_query_parameter_value_matches_driver_linq	Failed	NativeGroupByTests.cs:line 2163	System.InvalidOperationException : The LINQ expression 'DbSet<Order>() .GroupBy(o => o.Country) .Where(g => g .Count() > @minCount) .Select(g => new { Key = g.Key, Count = g .Count() })' could not be translated. Either rewrite the query in a form that can be translated, or switch to client evaluation explicitly by inserting a call to 'AsEnumerable', 'AsAsyncEnumerable', 'ToList', or 'ToListAsync'.
NativeComputedSortTests.Unsupported_computed_key_declines_and_returns_correct_rows	Passed		
NativeBoolBitwiseTests.Select_or_with_a_nullable_bool_operand_declines	Passed		
NativeGroupByTests.Post_group_where_over_a_case_mapped_alias_throws(mode: DriverLinq)	Failed	NativeGroupByTests.cs:line 3325	Assert.Contains() Failure: Sub-string not found String: "The LINQ expression 'DbSet<Order>()\n ."··· Not found: "$toUpper/$toLower"
NativeGroupByTests.GroupBy_repeated_Skip_on_bare_result_goes_native(mode: Native)	Failed	NativeGroupByTests.cs:line 2480	System.InvalidOperationException : The LINQ expression 'DbSet<Order>() .GroupBy(o => o.Country) .OrderBy(g => g.Key) .Skip(@p) .Skip(@p) .Select(g => new { Key = g.Key, Total = g .Count() })' could not be translated. Either rewrite the query in a form that can be translated, or switch to client evaluation explicitly by inserting a call to 'AsEnumerable', 'AsAsyncEnumerable', 'ToList', or 'ToListAs
NativeMaterializerNullabilityTests.Nullable_string_scalar_behind_non_nullable_type_reads_exact_values_natively(shape: "IndexOfChar", expected: [-1, 0])	Passed		
NativeOwnedCollectionAllTests.Quantifier_result_equals_the_in_memory_oracle_for_every_element_and_array_state(name: "any-gt", predicate: b => b.Posts.Any(p => (p.Rank > Convert(5, Nullable`1))))	Failed	NativeOwnedCollectionAllTests.cs:line 568	MongoDB.Driver.MongoCommandException : Command aggregate failed: Executor error during aggregate command on namespace: EFTest-2026-10-01T13-10-40-17.diff_any-gt_9a3448d8 :: caused by :: $anyElementTrue's argument must be an array, but is null.
NativeJoinTests.Parameter_free_projection_over_a_join_keeps_the_join_rows(shape: "Constant", expectedCount: 3)	Passed		
NativeOwnedReferenceWholeEntityTests.Owned_reference_entity_leaf_beside_computed_leaf_declines_but_still_reads_correct_values	Passed		
NativeGroupByOverJoinTests.Null_propagating_value_over_an_unmatched_left_join_side_stays_native(shape: "Where().Max(plain)", expected: "Alice:North|Bob:<null>|Cara:North|Dora:<null>")	Failed	NativeGroupByOverJoinTests.cs:line 1099	System.InvalidOperationException : The LINQ expression 'DbSet<Owner>() .GroupJoin( inner: DbSet<Order>(), outerKeySelector: w => w.Id, innerKeySelector: o => o.OwnerId, resultSelector: (w, gj) => new { w = w, gj = gj }) .SelectMany( collectionSelector: <>h__TransparentIdentifier0 => <>h__TransparentIdentifier0.gj .DefaultIfEmpty(), resultSelector: (<>h__TransparentIdentifier0, o) => new { w = <>h_
NativeConditionalAndDateTimeTests.DateTimeOffset_date_part_matches_in_memory_LINQ_under_NativeOnly(part: "Month")	Failed	NativeConditionalAndDateTimeTests.cs:line 124	MongoDB.Driver.Linq.ExpressionNotSupportedException : Expression not supported: r.OccurredOffset.Value.Month because serializer for System.DateTimeOffset does not represent members as fields..
NativeStringPredicateProjectionTests.Parameterized_starts_with_projection_matches_oracle	Passed		
NativeDistinctTests.Whole_entity_Distinct_composes_with_where_orderby_skip_take_goes_native	Passed		
NativeSetOpsTests.Distinct_operand_union_goes_native	Passed		
NativeOwnedReferenceWholeEntityTests.Owned_reference_entity_leaf_with_string_owner_key_in_anonymous_type_with_Union(mode: Native)	Failed	NativeOwnedReferenceWholeEntityTests.cs:line 1078	System.InvalidOperationException : The LINQ expression 'ProjectionBindingExpression: Title' could not be translated. Either rewrite the query in a form that can be translated, or switch to client evaluation explicitly by inserting a call to 'AsEnumerable', 'AsAsyncEnumerable', 'ToList', or 'ToListAsync'. See https://go.microsoft.com/fwlink/?linkid=2101038 for more information.
NativeBareProjectionTests.Bare_primary_key_projection_emits_id_and_no_id_exclusion	Failed	NativeBareProjectionTests.cs:line 178	Assert.Contains() Failure: Sub-string not found String: "Executed MQL query\nEFTest-2026-10-01T13-1"··· Not found: ""_id" : "$_id""
NativeDistinctTests.Select_after_Distinct_is_unsupported_and_never_returns_silent_null_data	Passed		
NativeJoinTests.Whole_root_entity_leaf_that_is_also_collection_included_goes_native_in_a_two_level_chain	Failed	NativeJoinTests.cs:line 2127	System.InvalidOperationException : Document element '_lookup_Orders' is Document when BsonArray is required.
NativeGroupByTests.GroupBy_coalesce_projection_dollar_prefixed_literal_matches_driver_linq	Failed	NativeGroupByTests.cs:line 2374	System.InvalidOperationException : The LINQ expression 'DbSet<Order>() .GroupBy(o => o.Country) .Select(g => new { Locality = g.Key ?? "$Year", Count = g .Count() })' could not be translated. Either rewrite the query in a form that can be translated, or switch to client evaluation explicitly by inserting a call to 'AsEnumerable', 'AsAsyncEnumerable', 'ToList', or 'ToListAsync'. See https://go.micr
NativeGroupByTests.Projection_ternary_over_a_nullable_key_treats_null_as_not_less	Failed	NativeGroupByTests.cs:line 3169	System.InvalidOperationException : The LINQ expression 'DbSet<RankedOwner>() .GroupBy(o => o.Rank) .Select(g => new { Key = g.Key, F = g.Key < (int?)100 ? 1 : 0 })' could not be translated. Either rewrite the query in a form that can be translated, or switch to client evaluation explicitly by inserting a call to 'AsEnumerable', 'AsAsyncEnumerable', 'ToList', or 'ToListAsync'. See https://go.micros
NativeArrayProjectionTests.Tracking_query_with_an_array_leaf_throws_EF_Cores_owned_tracking_guard_in_every_mode	Passed		
NativeJoinTests.Distinct_after_a_bare_Inner_entity_leaf_matches_oracle(mode: NativeOnly, shape: "OuterDistinct")	Failed	NativeJoinTests.cs:line 991	Assert.Equal() Failure: Collections differ ↓ (pos 1) Expected: ["Alice", "Bob"] Actual: ["Alice", "Alice", "Bob"] ↑ (pos 1)
NativeDateTimeKindReadbackTests.Date_part_over_a_local_kind_property_throws_in_every_mode(shape: "Select_Date")	Failed	NativeDateTimeKindReadbackTests.cs:line 716	Assert.Throws() Failure: No exception was thrown Expected: typeof(System.InvalidOperationException)
NativeGroupByKeyCaseMappingTests.Result_selector_overload(mode: "NativeOnly")	Passed		
NativeSetOpsTests.Outer_GroupBy_over_grouped_source1_set_op_matches_in_memory(name: "Distinct operand, Intersect then GroupBy", query: Func`3 { Method = System.Collections.Generic.IEnumerable`1[System.ValueTuple`2[System.Int32,System.Int32]] <OuterGroupByOverGroupedSource1Shapes>b__136_5(System.Linq.IQueryable`1[NativeSetOpsTests+Item], System.Linq.IQueryable`1[NativeSetOpsTests+Item]), Target = <>c { } })	Failed	NativeSetOpsTests.cs:line 2461	System.InvalidOperationException : The LINQ expression 'DbSet<Item>() .Select(i => new { Value = i.Value }) .Distinct() .Intersect(DbSet<Item>() .Where(i => i.Value >= 3) .Select(i => new { Value = i.Value })) .GroupBy(x => x.Value) .Select(g => new { Key = g.Key, Total = g .Count() })' could not be translated. Either rewrite the query in a form that can be translated, or switch to client evaluati
NativeOfTypeTests.OfType_matches_driver_linq_for_leaf_type(mode: RealProperty)	Passed		
NativeOwnedCollectionAllTests.Quantifier_result_equals_the_in_memory_oracle_for_every_element_and_array_state(name: "eq", predicate: b => b.Posts.All(p => (p.Rank == Convert(9, Nullable`1))))	Failed	NativeOwnedCollectionAllTests.cs:line 568	MongoDB.Driver.MongoCommandException : Command aggregate failed: Executor error during aggregate command on namespace: EFTest-2026-10-01T13-10-40-17.diff_eq_fb8c5269 :: caused by :: $allElementsTrue's argument must be an array, but is null.
NativeOwnedCollectionCountTests.Count_result_equals_the_in_memory_oracle_for_every_array_length_and_state(name: "param-gt0", predicate: b => (b.Posts.Count > value(NativeOwnedCollectionCountTests+<>c__DisplayClass61_0).t))	Failed	NativeOwnedCollectionCountTests.cs:line 960	MongoDB.Driver.MongoCommandException : Command aggregate failed: Executor error during aggregate command on namespace: EFTest-2026-10-01T13-10-40-15.diff_param-gt0_c25558a4 :: caused by :: The argument to $size must be an array, but was of type: missing.
NativeSetOperationProjectionTests.Union_with_filtered_distinct_operand_of_a_different_alias_declines	Passed		
NativeGroupByKeyCaseMappingTests.Shapes_with_no_native_case_mapping_throw(mode: "Native")	Failed	NativeGroupByKeyCaseMappingTests.cs:line 303	Assert.Contains() Failure: Sub-string not found String: "The LINQ expression 'DbSet<Row>()\n .As"··· Not found: "$toUpper/$toLower"
NativeOwnedCollectionFilteredCountTests.Count_result_equals_the_in_memory_oracle_for_every_array_and_element_state(name: 1, predicate: b => (b.Posts.Count(p => (p.Rank > Convert(0, Nullable`1))) >= 1))	Passed		
NativeComputedBareProjectionTests.Bare_arithmetic_projection_leaf_goes_native_for_every_array_state	Passed		
NativeSetOpsTests.Distinct_after_projected_operand_except_hard_fails_in_every_mode(mode: NativeOnly)	Passed		
NativeOwnedCollectionFilteredCountTests.Filtered_count_element_predicate_using_Not_over_a_value_converted_bool_declines_instead_of_answering_wrong	Failed	NativeOwnedCollectionFilteredCountTests.cs:line 679	System.InvalidOperationException : The LINQ expression 'o' could not be translated. Either rewrite the query in a form that can be translated, or switch to client evaluation explicitly by inserting a call to 'AsEnumerable', 'AsAsyncEnumerable', 'ToList', or 'ToListAsync'. See https://go.microsoft.com/fwlink/?linkid=2101038 for more information.
NativeDistinctTests.Cross_collection_converted_set_ops_with_the_same_converter_go_native_with_hand_oracle	Failed	NativeDistinctTests.cs:line 456	System.InvalidOperationException : Unsupported cross-DbSet query between 'MongoDB.EntityFrameworkCore.FunctionalTests.Query.NativeDistinctTests+ConvertedOrder' and 'MongoDB.EntityFrameworkCore.FunctionalTests.Query.NativeDistinctTests+OtherOrder'. The MongoDB EF Core Provider does not support this cross-collection query. Consider using Join, Include, or restructuring your query.
DateTimeOffsetMemberProjectionTests.Select_optional_DateTimeOffset_Value_ToString_matches_client_evaluation(mode: Native)	Failed	DateTimeOffsetMemberProjectionTests.cs:line 228	Assert.Equal() Failure: Strings differ ↓ (pos 0) Expected: "15/03/2024 13:45:30 -05:00" Actual: "{"DateTime":"2024-03-15T18:45:30.250Z","T"··· ↑ (pos 0)
NativeCastTests.Negated_relational_cast_over_a_nullable_property_goes_native_and_includes_null_and_missing	Passed		
Ef373InterleavedPagingTests.Paging_below_all_joins_still_emits_both_lookups_above_the_paging(mode: DriverLinq)	Passed		
NativeSetOpsTests.Computed_leaf_operand_union_goes_native	Passed		
NativeGroupByTests.GroupBy_then_Count_matches_driver_linq	Failed	NativeGroupByTests.cs:line 928	System.InvalidOperationException : The LINQ expression 'DbSet<Order>() .GroupBy(o => o.Country) .Select(g => new { Country = g.Key, Total = g .Sum(o => o.Amount) }) .Count()' could not be translated. Either rewrite the query in a form that can be translated, or switch to client evaluation explicitly by inserting a call to 'AsEnumerable', 'AsAsyncEnumerable', 'ToList', or 'ToListAsync'. See https:/
NativeSelectorlessAggregateTests.Max_over_empty_nullable_select_returns_null	Failed	NativeSelectorlessAggregateTests.cs:line 122	System.InvalidOperationException : Sequence contains no elements
NativeAnonymousKeyJoinTests.Non_simple_anonymous_keys_decline_loudly(shape: "DifferentBoolToStringConverters")	Passed		
NativeMaterializerNullabilityTests.Selector_aggregate_over_distinct_nullable_string_length_declines(op: "MaxPlusOne")	Passed		
NativeCastTests.Cast_inside_an_owned_SelectMany_inner_filter_goes_native	Failed	NativeCastTests.cs:line 408	System.InvalidOperationException : The LINQ expression 'DbSet<QuantBlog>() .AsNoTracking() .SelectMany( collectionSelector: b => b.Posts .Where(p => (int)p.Weight > p.Rank), resultSelector: (b, p) => new { Heading = p.Heading })' could not be translated. Either rewrite the query in a form that can be translated, or switch to client evaluation explicitly by inserting a call to 'AsEnumerable', 'AsAs
NativeGateRoutingTests.A_enum_as_string_where_equals_routing	Passed		
NativeSelectorlessAggregateTests.Aggregate_over_client_method_projection_declines	Passed		
QueryModeGateTests.Native_order_after_skip_returns_correct_rows	Passed		
NativeReferenceCollectionCountPredicateTests.Count_predicate_before_projected_Distinct_OrderBy_Take_falls_back_to_correct_data_under_Native	Failed	NativeReferenceCollectionCountPredicateTests.cs:line 202	System.InvalidOperationException : Unsupported cross-DbSet query between 'MongoDB.EntityFrameworkCore.FunctionalTests.Query.NativeReferenceCollectionCountPredicateTests+Owner' and 'MongoDB.EntityFrameworkCore.FunctionalTests.Query.NativeReferenceCollectionCountPredicateTests+Order'. The MongoDB EF Core Provider does not support this cross-collection query. Consider using Join, Include, or restruct
NativeDateTimeKindReadbackTests.Date_part_over_a_utc_kind_property_still_works(shape: "Select_Hour")	Passed		
NativeCtorOnlyProjectionTests.Select_with_two_argument_ctor_only_dto_still_works_under_explicit_driver_linq_mode	Passed		
Ef362OwnedHopArrayProjectionTests.Owned_hop_array_leaf_behind_a_parameterized_where_reads_correct_values(shadowKey: False)	Passed		
NativeOwnedReferenceWholeEntityTests.Owned_reference_entity_leaf_beside_field_leaf_goes_native_and_reads_correct_values	Passed		
NativeDistinctTests.Distinct_then_GroupBy_on_renamed_member_groups_by_the_projected_source_not_the_colliding_entity_property	Failed	NativeDistinctTests.cs:line 1687	System.InvalidOperationException : The LINQ expression 'DbSet<Order>() .Select(o => new { Country = o.City, Year = o.Year }) .Distinct() .GroupBy(x => x.Country) .Select(g => new { Key = g.Key, Count = g .Count() })' could not be translated. Either rewrite the query in a form that can be translated, or switch to client evaluation explicitly by inserting a call to 'AsEnumerable', 'AsAsyncEnumerable
NativeArrayProjectionTests.Whole_entity_positional_ctor_argument_beside_a_computed_argument_declines	Passed		
NativeOwnedCollectionFilteredCountTests.Filtered_count_projection_equals_the_in_memory_oracle_for_every_array_and_element_state(name: "gt", selector: b => new TitleCount() {Title = b.Title, N = b.Posts.Count(p => (p.Rank > Convert(0, Nullable`1)))})	Failed	NativeOwnedCollectionFilteredCountTests.cs:line 1180	System.InvalidOperationException : The LINQ expression 'o' could not be translated. Either rewrite the query in a form that can be translated, or switch to client evaluation explicitly by inserting a call to 'AsEnumerable', 'AsAsyncEnumerable', 'ToList', or 'ToListAsync'. See https://go.microsoft.com/fwlink/?linkid=2101038 for more information.
NativeStringPredicateProjectionTests.Non_idempotent_math_projection_is_applied_once	Passed		
NativeContainsTerminalTests.Scalar_select_contains_constant_goes_native	Passed		
NativeDateTimeKindReadbackTests.Date_part_over_a_local_kind_property_throws_in_every_mode(shape: "Join_Result_Selector_Hour")	Failed	NativeDateTimeKindReadbackTests.cs:line 716	Assert.Throws() Failure: No exception was thrown Expected: typeof(System.InvalidOperationException)
DateTimeOffsetMemberProjectionTests.Select_entity_and_concatenated_DateTimeOffset_matches_client_evaluation(mode: Native)	Passed		
Ef425InterposedCollectionOperatorTests.Owned_collection_Select_with_no_interposed_operator_still_works	Passed		
NativeComputedBareProjectionTests.Primitive_collection_bare_count_is_NOT_admitted_and_still_aborts_on_a_ragged_array	Passed		
NativeComputedBareProjectionTests.Bare_count_leaves_render_size_over_ifNull_natively_and_on_the_fallback	Failed	NativeComputedBareProjectionTests.cs:line 745	System.ArgumentException : Expression of type 'System.Collections.Generic.List`1[MongoDB.EntityFrameworkCore.FunctionalTests.Query.NativeComputedBareProjectionTests+Post]' cannot be used for parameter of type 'System.Linq.IQueryable`1[MongoDB.EntityFrameworkCore.FunctionalTests.Query.NativeComputedBareProjectionTests+Post]' of method 'Int32 Count[Post](System.Linq.IQueryable`1[MongoDB.EntityFramew
NativeGroupByTests.GroupBy_after_source_side_OrderBy_goes_native	Failed	NativeGroupByTests.cs:line 794	System.InvalidOperationException : The LINQ expression 'DbSet<Order>() .OrderBy(o => o.Amount) .GroupBy(o => o.Country) .Select(g => g .Sum(o => o.Amount))' could not be translated. Either rewrite the query in a form that can be translated, or switch to client evaluation explicitly by inserting a call to 'AsEnumerable', 'AsAsyncEnumerable', 'ToList', or 'ToListAsync'. See https://go.microsoft.com/
NativeGroupByTests.GroupBy_empty_key_bare_Key_readback_goes_native	Failed	NativeGroupByTests.cs:line 1500	System.InvalidOperationException : The LINQ expression 'DbSet<Order>() .GroupBy(o => new { }) .Select(g => new { Key = g.Key, Sum = g .Sum(o => o.Amount) })' could not be translated. Either rewrite the query in a form that can be translated, or switch to client evaluation explicitly by inserting a call to 'AsEnumerable', 'AsAsyncEnumerable', 'ToList', or 'ToListAsync'. See https://go.microsoft.com
NativeConditionalAndDateTimeTests.TimeOfDay_projection_then_GroupBy_over_it_declines	Passed		
NativeOwnedCollectionAllTests.Owned_collection_All_is_correct_for_a_tracking_query	Passed		
NativeGroupByOverJoinTests.Having_less_than_over_a_nullable_accumulator_of_an_unmatched_side_excludes_the_group	Failed	NativeGroupByOverJoinTests.cs:line 710	System.InvalidOperationException : The LINQ expression 'DbSet<Owner>() .GroupJoin( inner: DbSet<Order>(), outerKeySelector: w => w.Id, innerKeySelector: o => o.OwnerId, resultSelector: (w, gj) => new { w = w, gj = gj }) .SelectMany( collectionSelector: <>h__TransparentIdentifier0 => <>h__TransparentIdentifier0.gj .DefaultIfEmpty(), resultSelector: (<>h__TransparentIdentifier0, o) => new { <>h__Tra
NativeOwnedCollectionCountTests.Count_projection_equals_the_in_memory_oracle_for_every_array_length_and_state(name: "arithmetic", selector: b => new TitleCount() {Title = b.Title, N = (b.Posts.Count * 2)})	Failed	NativeOwnedCollectionCountTests.cs:line 1005	System.ArgumentException : Expression of type 'System.Collections.Generic.List`1[MongoDB.EntityFrameworkCore.FunctionalTests.Query.NativeOwnedCollectionCountTests+Post]' cannot be used for parameter of type 'System.Linq.IQueryable`1[MongoDB.EntityFrameworkCore.FunctionalTests.Query.NativeOwnedCollectionCountTests+Post]' of method 'Int32 Count[Post](System.Linq.IQueryable`1[MongoDB.EntityFrameworkC
NativeReverseLastTests.Reverse_after_a_composed_operator_following_the_sort_still_hard_fails_in_every_mode	Passed		
NativeJoinTests.Paging_before_a_where_reaching_a_confirmed_joins_inner_side_declines_under_NativeOnly	Passed		
NativeGroupByTests.GroupBy_post_group_Skip_Take_matches_driver_linq	Failed	NativeGroupByTests.cs:line 558	System.InvalidOperationException : The LINQ expression 'DbSet<Order>() .GroupBy(o => o.Country) .Select(g => new { Country = g.Key, Total = g .Sum(o => o.Amount) }) .OrderBy(x => x.Country) .Skip(@p) .Take(@p)' could not be translated. Either rewrite the query in a form that can be translated, or switch to client evaluation explicitly by inserting a call to 'AsEnumerable', 'AsAsyncEnumerable', 'To
NativeOwnedCollectionFilteredCountTests.Primitive_collection_sibling_of_a_regex_filtered_count_goes_native_EF365	Failed	NativeOwnedCollectionFilteredCountTests.cs:line 771	System.InvalidOperationException : The LINQ expression 'o' could not be translated. Either rewrite the query in a form that can be translated, or switch to client evaluation explicitly by inserting a call to 'AsEnumerable', 'AsAsyncEnumerable', 'ToList', or 'ToListAsync'. See https://go.microsoft.com/fwlink/?linkid=2101038 for more information.
NativeMaterializerNullabilityTests.Nullable_string_scalar_behind_non_nullable_type_throws_on_null_row(shape: "BareLongLength")	Failed	NativeMaterializerNullabilityTests.cs:line 358	Assert.Throws() Failure: Exception type was not an exact match Expected: typeof(System.InvalidOperationException) Actual: typeof(MongoDB.Driver.MongoCommandException) ---- MongoDB.Driver.MongoCommandException : Command aggregate failed: Executor error during aggregate command on namespace: EFTest-2026-10-01T13-10-40-20.Nullable_string_scalar_behind_non_nullable_type_throws_on_null_row_BareLongLeng
NativeAnonymousKeyJoinTests.Left_join_on_anonymous_key_matches_oracle(mode: DriverLinq)	Failed	NativeAnonymousKeyJoinTests.cs:line 289	MongoDB.Driver.Linq.ExpressionNotSupportedException : Expression not supported: s => new <>f__AnonymousType28`2(Region = Field(s, "Region", value(MongoDB.Bson.Serialization.Serializers.StringSerializer)), Bay = Field(s, "Bay", value(MongoDB.Bson.Serialization.Serializers.NullableSerializer`1[System.Int32]))) because expression cannot be translated to a dotted field name.
NativeSetOpsTests.Distinct_operand_union_on_renamed_member_dedups_by_projected_source_not_colliding_entity_property	Passed		
NativeOwnedCollectionFilteredCountTests.Bare_filtered_count_projection_returns_correct_values_under_Native_and_DriverLinq	Failed	NativeOwnedCollectionFilteredCountTests.cs:line 928	System.InvalidOperationException : The LINQ expression 'o' could not be translated. Either rewrite the query in a form that can be translated, or switch to client evaluation explicitly by inserting a call to 'AsEnumerable', 'AsAsyncEnumerable', 'ToList', or 'ToListAsync'. See https://go.microsoft.com/fwlink/?linkid=2101038 for more information.
NativeClientEvaluatedLeafTests.Empty_anonymous_type_keeps_one_row_per_document	Passed		
NativeCtorOnlyProjectionTests.Whole_entity_in_client_construction_is_the_tracked_instance(shape: 0)	Passed		
NativeDateTimeKindReadbackTests.Date_part_over_a_local_kind_property_is_correct_or_loud_in_every_mode(shape: "GroupKey_Composite_Hour")	Passed		
NativeSetOperationProjectionTests.Union_of_column_and_grouped_constant_result_goes_native	Passed		
NativeLocalCollectionContainsTests.Negated_contains_over_empty_inline_list_returns_every_row_natively	Passed		
NativeBareProjectionTests.Bare_projection_then_Distinct_goes_native_and_returns_correct_values(mode: Native)	Passed		
NativeDateTimeKindReadbackTests.Nested_GroupBy_key_and_accumulator_read_back_with_the_property_kind	Failed	NativeDateTimeKindReadbackTests.cs:line 255	System.InvalidOperationException : The LINQ expression 'DbSet<Order>() .GroupBy(o => new { Country = o.Country, LocalDate = o.LocalDate }) .Select(g => new { Country = g.Key.Country, LocalDate = g.Key.LocalDate, C = g .Count() }) .GroupBy(x => x.LocalDate) .Select(g => new { Key = g.Key, M = g .Max(y => y.LocalDate), N = g .Count() })' could not be translated. Either rewrite the query in a form th
NativeDateTimeKindReadbackTests.Date_part_over_a_local_kind_property_throws_in_every_mode(shape: "Select_Year_Month_Day")	Failed	NativeDateTimeKindReadbackTests.cs:line 716	Assert.Throws() Failure: No exception was thrown Expected: typeof(System.InvalidOperationException)
NativeJoinTests.Computed_leaf_beside_a_whole_entity_leaf_declines_and_still_reads_correctly	Passed		
NativeAnonymousKeyJoinTests.Non_simple_anonymous_keys_decline_loudly(shape: "OneSideConverted")	Passed		
NativeGroupByOverJoinTests.Accumulator_condition_over_a_nullable_outer_property_of_a_left_join_does_not_count_null	Failed	NativeGroupByOverJoinTests.cs:line 768	System.InvalidOperationException : The LINQ expression 'DbSet<Owner>() .GroupJoin( inner: DbSet<Order>(), outerKeySelector: w => w.Id, innerKeySelector: o => o.OwnerId, resultSelector: (w, gj) => new { w = w, gj = gj }) .SelectMany( collectionSelector: <>h__TransparentIdentifier0 => <>h__TransparentIdentifier0.gj .DefaultIfEmpty(), resultSelector: (<>h__TransparentIdentifier0, o) => new { <>h__Tra
NativeJoinScopeConditionalProjectionTests.Nav_null_check_ternary_over_a_two_level_LeftJoin_chain_matches_oracle(mode: DriverLinq, shape: "LeftJoinThenLeftJoinResultSelectorTernary")	Failed	NativeJoinScopeConditionalProjectionTests.cs:line 467	Assert.Equal() Failure: Collections differ ↓ (pos 1) Expected: ["1:Western Europe", "2:<none>", "3:<none>", "4:<none>"] Actual: ["1:Western Europe", "2:<null>", "3:<null>", "4:<null>"] ↑ (pos 1)
NativeDistinctTests.One_member_anonymous_computed_Distinct_then_Where_on_bare_parameter_declines_with_fallback_parity	Passed		
NativeOwnedCollectionFilteredCountTests.Filtered_count_projection_goes_native	Failed	NativeOwnedCollectionFilteredCountTests.cs:line 807	System.InvalidOperationException : The LINQ expression 'o' could not be translated. Either rewrite the query in a form that can be translated, or switch to client evaluation explicitly by inserting a call to 'AsEnumerable', 'AsAsyncEnumerable', 'ToList', or 'ToListAsync'. See https://go.microsoft.com/fwlink/?linkid=2101038 for more information.
NativeComputedProjectionTests.Multiply_projection_goes_native_and_matches_driver	Passed		
NativeComputedSortTests.Negated_computed_sort_key_using_Contains_goes_native	Passed		
NativeGroupByTests.GroupBy_scalar_key_Key_inside_accumulator_matches_oracle(mode: Native)	Failed	NativeGroupByTests.cs:line 1681	System.InvalidOperationException : The LINQ expression 'DbSet<Order>() .GroupBy(o => o.Country) .Select(g => new { Country = g.Key, UsCount = g .Count(o => g.Key == "US"), UsSum = g .Sum(o => g.Key == "US" ? o.Amount : 0) })' could not be translated. Either rewrite the query in a form that can be translated, or switch to client evaluation explicitly by inserting a call to 'AsEnumerable', 'AsAsyncE
NativeVectorSearchTests.Num_candidates_returns_score_order(mode: NativeOnly)	Passed		
NativeOwnedCollectionCountTests.Count_result_equals_the_in_memory_oracle_for_every_array_length_and_state(name: "const-lte2", predicate: b => (b.Posts.Count <= 2))	Failed	NativeOwnedCollectionCountTests.cs:line 960	MongoDB.Driver.MongoCommandException : Command aggregate failed: Executor error during aggregate command on namespace: EFTest-2026-10-01T13-10-40-15.diff_const-lte2_22014520 :: caused by :: The argument to $size must be an array, but was of type: missing.
NativeOwnedCollectionCountTests.Count_result_equals_the_in_memory_oracle_for_every_array_length_and_state(name: "param-gte1", predicate: b => (b.Posts.Count >= value(NativeOwnedCollectionCountTests+<>c__DisplayClass61_0).t))	Failed	NativeOwnedCollectionCountTests.cs:line 960	MongoDB.Driver.MongoCommandException : Command aggregate failed: Executor error during aggregate command on namespace: EFTest-2026-10-01T13-10-40-15.diff_param-gte1_434f7e17 :: caused by :: The argument to $size must be an array, but was of type: missing.
DateTimeOffsetMemberProjectionTests.Concatenating_DateTimeOffset_throws_instead_of_bson_json(shape: "suffix", mode: DriverLinq)	Failed	DateTimeOffsetMemberProjectionTests.cs:line 379	Assert.Throws() Failure: No exception was thrown Expected: typeof(System.InvalidOperationException)
NativeGroupByTests.GroupBy_Select_with_distinct_aggregate_over_computed_selector_falls_back_under_native_only	Passed		
NativeDistinctTests.Bare_scalar_projection_Distinct_goes_native	Passed		
NativeDistinctTests.Distinct_then_GroupBy_goes_native_and_dedups	Failed	NativeDistinctTests.cs:line 1586	System.InvalidOperationException : The LINQ expression 'DbSet<Order>() .Select(o => new { Country = o.Country, Year = o.Year }) .Distinct() .GroupBy(x => x.Country) .Select(g => new { Key = g.Key, Count = g .Count() })' could not be translated. Either rewrite the query in a form that can be translated, or switch to client evaluation explicitly by inserting a call to 'AsEnumerable', 'AsAsyncEnumera
NativeGroupByKeyCaseMappingTests.Unmapped_key_control(mode: "Native")	Failed	NativeGroupByKeyCaseMappingTests.cs:line 307	System.InvalidOperationException : The LINQ expression 'DbSet<Row>() .AsNoTracking() .GroupBy(x => x.S) .Select(g => new { K = g.Key, C = g .Count() })' could not be translated. Either rewrite the query in a form that can be translated, or switch to client evaluation explicitly by inserting a call to 'AsEnumerable', 'AsAsyncEnumerable', 'ToList', or 'ToListAsync'. See https://go.microsoft.com/fwli
NativeOwnedCollectionFilteredCountTests.Filtered_count_projection_equals_the_in_memory_oracle_for_every_array_and_element_state(name: "arithmetic", selector: b => new TitleCount() {Title = b.Title, N = b.Posts.Count(p => ((p.Rank + Convert(1, Nullable`1)) > Convert(0, Nullable`1)))})	Failed	NativeOwnedCollectionFilteredCountTests.cs:line 1180	System.InvalidOperationException : The LINQ expression 'o' could not be translated. Either rewrite the query in a form that can be translated, or switch to client evaluation explicitly by inserting a call to 'AsEnumerable', 'AsAsyncEnumerable', 'ToList', or 'ToListAsync'. See https://go.microsoft.com/fwlink/?linkid=2101038 for more information.
NativeComputedSortTests.Filtered_owned_collection_count_sort_key_over_a_string_represented_operand_is_refused	Failed	NativeComputedSortTests.cs:line 663	Assert.Throws() Failure: No exception was thrown Expected: typeof(System.NotSupportedException)
DateTimeOffsetMemberProjectionTests.Where_DateTimeOffset_DateTime_component	Failed	DateTimeOffsetMemberProjectionTests.cs:line 100	MongoDB.Driver.Linq.ExpressionNotSupportedException : Expression not supported: d.DateTimeOffset.DateTime because serializer for System.DateTimeOffset does not represent members as fields..
NativeGroupByKeyCaseMappingTests.Anonymous_type_and_member_init_dto_over_a_case_mapped_key(mode: "Native")	Failed	NativeGroupByKeyCaseMappingTests.cs:line 307	System.InvalidOperationException : The LINQ expression 'DbSet<Row>() .AsNoTracking() .GroupBy(x => x.S) .Select(g => new { K = g.Key.ToUpper(), C = g .Count() })' could not be translated. Either rewrite the query in a form that can be translated, or switch to client evaluation explicitly by inserting a call to 'AsEnumerable', 'AsAsyncEnumerable', 'ToList', or 'ToListAsync'. See https://go.microsof
NativeClientEvaluatedLeafTests.Converted_list_initializer_leaf_is_evaluated_in_place	Failed	NativeClientEvaluatedLeafTests.cs:line 156	MongoDB.Bson.BsonSerializationException : Type System.Collections.Generic.List`1[[MongoDB.EntityFrameworkCore.FunctionalTests.Query.NativeClientEvaluatedLeafTests+Item, MongoDB.EntityFrameworkCore.FunctionalTests, Version=1.0.0.0, Culture=neutral, PublicKeyToken=null]] is not configured as a type that is allowed to be serialized for this instance of ObjectSerializer.
NativeDistinctTests.Bare_set_op_over_the_same_bson_represented_property_goes_native	Passed		
Ef373InterleavedPagingTests.Paging_between_two_transparent_identifier_joins_matches_oracle(mode: DriverLinq, shape: "LeftFirstJoinSkipTake")	Failed	Ef373InterleavedPagingTests.cs:line 267	System.NotSupportedException : A 'Skip', 'Take', or 'Distinct' operator composed between two cross-collection joins (e.g. from 'Include'/'ThenInclude' or an explicit 'Join') is not supported. Move the operator so that it is not interleaved between the joins.
NativeGroupByTests.GroupBy_HAVING_on_Guid_key_matches_driver_linq	Failed	NativeGroupByTests.cs:line 2055	System.InvalidOperationException : The LINQ expression 'DbSet<Order>() .GroupBy(o => o.ExternalId) .Where(g => g.Key == @idA) .Select(g => new { Key = g.Key, Count = g .Count() })' could not be translated. Either rewrite the query in a form that can be translated, or switch to client evaluation explicitly by inserting a call to 'AsEnumerable', 'AsAsyncEnumerable', 'ToList', or 'ToListAsync'. See h
Ef373InterleavedPagingTests.Paging_between_two_transparent_identifier_joins_declines_under_NativeOnly(shape: "WrappedSkipTake")	Passed		
NativeOwnedReferenceWholeEntityTests.Owned_single_reference_whole_entity_with_root_where_goes_native	Passed		
NativeGroupByOverJoinTests.Paging_before_a_row_preserving_left_join_group_stays_native	Failed	NativeGroupByOverJoinTests.cs:line 607	System.InvalidOperationException : The LINQ expression 'DbSet<Order>() .OrderBy(o => o.Total) .Take(@p) .GroupBy(o => o.Reviewer.Name) .Select(g => new { Key = g.Key, Count = g .Count() })' could not be translated. Either rewrite the query in a form that can be translated, or switch to client evaluation explicitly by inserting a call to 'AsEnumerable', 'AsAsyncEnumerable', 'ToList', or 'ToListAsyn
NativeGroupByOverJoinTests.Accumulator_condition_over_an_unmatched_left_join_side_declines(shape: "Count(flipped pred)")	Passed		
NativeGroupByTests.Post_group_get_type_comparison_over_a_grouped_row_declines_cleanly(equal: True)	Failed	NativeGroupByTests.cs:line 3514	System.InvalidOperationException : The LINQ expression 'DbSet<Order>() .GroupBy(o => o.Country) .Select(g => new { Key = g.Key, N = g .Count() }) .Where(x => x.GetType() == (Type)MongoDB.EntityFrameworkCore.FunctionalTests.Query.NativeGroupByTests+Order)' could not be translated. Either rewrite the query in a form that can be translated, or switch to client evaluation explicitly by inserting a cal
NativeDateTimeKindReadbackTests.Root_side_leaf_of_a_manual_join_reads_back_with_the_property_kind	Passed		
NativeGroupByKeyCaseMappingTests.Ungrouped_case_mapping_is_unaffected(mode: "NativeOnly")	Failed	NativeGroupByKeyCaseMappingTests.cs:line 307	Assert.Equal() Failure: Collections differ ↓ (pos 0) Expected: ["<null>", "<null>", "ABC", "ÉCOLE"] Actual: ["", "", "ABC", "éCOLE"] ↑ (pos 0)
NativeDistinctTests.Distinct_then_Count_with_predicate_over_computed_projection_key_goes_native	Passed		
NativeCastTests.Field_to_field_cast_over_a_value_converted_property_still_declines	Failed	NativeCastTests.cs:line 1640	Assert.Equal() Failure: Strings differ ↓ (pos 6) Expected: "threw NativeTranslationNotSupportedExcept"··· Actual: "threw TargetInvocationException" ↑ (pos 6)
NativeGroupByKeyCaseMappingTests.Anonymous_type_and_member_init_dto_over_a_case_mapped_key(mode: "DriverLinq")	Failed	NativeGroupByKeyCaseMappingTests.cs:line 303	Assert.Contains() Failure: Sub-string not found String: "The LINQ expression 'DbSet<Row>()\n .As"··· Not found: "$toUpper/$toLower"
NativeDistinctTests.Distinct_then_Join_throws_under_native_only	Passed		
NativeSetOpsTests.Trailing_distinct_after_whole_entity_union_still_goes_native	Passed		
NativeReferenceCollectionCountPredicateTests.Count_predicate_before_a_later_Join_falls_back_to_correct_data_under_Native	Failed	NativeReferenceCollectionCountPredicateTests.cs:line 246	MongoDB.Bson.BsonSerializationException : Creator map for class MongoDB.Driver.Linq.Linq3Implementation.MongoQuery`2[[MongoDB.EntityFrameworkCore.FunctionalTests.Query.NativeReferenceCollectionCountPredicateTests+Order, MongoDB.EntityFrameworkCore.FunctionalTests, Version=1.0.0.0, Culture=neutral, PublicKeyToken=null],[MongoDB.EntityFrameworkCore.FunctionalTests.Query.NativeReferenceCollectionCoun
NativeDateTimeKindReadbackTests.Set_operation_mixing_local_and_default_kind_properties_declines	Passed		
DateTimeOffsetMemberProjectionTests.Concatenating_DateTimeOffset_throws_instead_of_bson_json(shape: "nested", mode: Native)	Failed	DateTimeOffsetMemberProjectionTests.cs:line 379	Assert.Throws() Failure: No exception was thrown Expected: typeof(System.InvalidOperationException)
NativeArrayProjectionTests.Boxed_object_array_container_keeps_each_elements_runtime_type	Passed		
NativeStringPredicateProjectionTests.Lifted_relational_comparison_projection_declines	Passed		
NativeCardinalityTests.SingleOrDefault_returns_match_and_goes_native	Passed		
NativeSetOperationProjectionTests.Union_of_single_member_anonymous_operands_with_a_constant_member_declines	Passed		
NativeJoinTests.Inner_side_Where_that_declines_natively_does_not_confirm_the_join(mode: Native, shape: "Replace")	Passed		
NativeOwnedCollectionFilteredCountTests.Quantifier_over_ragged_elements_equals_the_hand_and_in_memory_oracles(name: "negated_correlated_any_lt", predicate: b => Not(b.Posts.Any(p => ((p.Rank < Convert(0, Nullable`1)) AndAlso (p.Title != b.Title)))), expected: ["empty", "missing", "null", "only_ragged"])	Failed	NativeOwnedCollectionFilteredCountTests.cs:line 1442	MongoDB.Driver.MongoCommandException : Command aggregate failed: Executor error during aggregate command on namespace: EFTest-2026-10-01T13-10-40-14.quant_negated_correlated_any_lt_7abce2ac :: caused by :: $anyElementTrue's argument must be an array, but is null.
NativeGroupByKeyCaseMappingTests.Only_nullable_members_beside_a_case_mapped_key(mode: "NativeOnly")	Failed	NativeGroupByKeyCaseMappingTests.cs:line 307	System.InvalidOperationException : The LINQ expression 'DbSet<Row>() .AsNoTracking() .GroupBy(x => x.S) .Select(g => new { K = g.Key.ToUpper(), M = g .Max(x => x.S) })' could not be translated. Either rewrite the query in a form that can be translated, or switch to client evaluation explicitly by inserting a call to 'AsEnumerable', 'AsAsyncEnumerable', 'ToList', or 'ToListAsync'. See https://go.mi
NativeReferenceCollectionCountPredicateTests.Include_ordered_Skip_on_same_nav_as_count_predicate_returns_correct_data(mode: NativeOnly)	Failed	NativeReferenceCollectionCountPredicateTests.cs:line 359	System.InvalidOperationException : Unsupported cross-DbSet query between 'MongoDB.EntityFrameworkCore.FunctionalTests.Query.NativeReferenceCollectionCountPredicateTests+Owner' and 'MongoDB.EntityFrameworkCore.FunctionalTests.Query.NativeReferenceCollectionCountPredicateTests+Order'. The MongoDB EF Core Provider does not support this cross-collection query. Consider using Join, Include, or restruct
NativeDateTimeKindReadbackTests.Reference_navigation_leaf_reads_back_with_the_property_kind	Passed		
NativeReferenceIncludeTests.User_join_is_not_admitted_by_the_candidate_join_signal	Passed		
NativeJoinTests.Bare_Inner_entity_leaf_over_a_join_matches_oracle(mode: Native, shape: "TakeAfter")	Passed		
NativeComputedProjectionTests.Wrapped_and_bare_whole_entity_leaves_both_go_native_and_work_in_every_mode(mode: Native)	Passed		
NativeGroupByTests.Third_level_group_by_declines_cleanly(shape: "Count")	Failed	NativeGroupByTests.cs:line 3924	System.InvalidOperationException : The LINQ expression 'DbSet<Order>() .GroupBy(o => o.Country) .Select(g => new { Land = g.Key, N = g .Count() }) .GroupBy(x => x.N) .Select(g => new { K = g.Key, M = g .Count() }) .GroupBy(x => x.M) .Count()' could not be translated. Either rewrite the query in a form that can be translated, or switch to client evaluation explicitly by inserting a call to 'AsEnume
NativeJoinScopeConditionalProjectionTests.Nav_null_check_ternary_over_a_two_level_LeftJoin_chain_matches_oracle(mode: DriverLinq, shape: "JoinThenLeftJoinBareTernary")	Failed	NativeJoinScopeConditionalProjectionTests.cs:line 467	Assert.Equal() Failure: Collections differ ↓ (pos 1) Expected: ["Western Europe", "<none>", "<none>"] Actual: ["Western Europe", "<null>", "<null>"] ↑ (pos 1)
NativeDistinctTests.Bare_scalar_nullable_converted_Distinct_goes_native_with_hand_oracle	Failed	NativeDistinctTests.cs:line 684	System.ArgumentException : Serializer value type System.Linq.IQueryable`1[System.Int32] is incompatible with expression value type System.Linq.IQueryable`1[System.Nullable`1[System.Int32]] (Parameter 'serializer')
NativeAnonymousKeyJoinTests.GroupJoin_with_Sum_over_the_grouping_still_fails_in_every_mode_regardless_of_key(mode: Native)	Passed		
NativeJoinTests.Distinct_after_a_bare_Inner_entity_leaf_matches_oracle(mode: Native, shape: "DistinctOrderBy")	Failed	NativeJoinTests.cs:line 991	Assert.Equal() Failure: Collections differ ↓ (pos 0) Expected: ["6abe4de9d82981d4d711da33:10", "6abe4de9d82981d4d711da34:20", "6abe4de9d82981d4d711da35:30"] Actual: ["<null>", "<null>", "<null>"] ↑ (pos 0)
NativeOwnedCollectionCountTests.Negated_bare_Any_still_emits_the_index_zero_absent_form	Passed		
NativeDistinctTests.Distinct_then_Any_with_predicate_goes_native	Passed		
Ef373InterleavedPagingTests.Paging_between_two_transparent_identifier_joins_matches_oracle(mode: Native, shape: "WrappedTake")	Failed	Ef373InterleavedPagingTests.cs:line 251	System.NotSupportedException : A 'Skip', 'Take', or 'Distinct' operator composed between two cross-collection joins (e.g. from 'Include'/'ThenInclude' or an explicit 'Join') is not supported. Move the operator so that it is not interleaved between the joins.
NativeJoinTests.Bare_Inner_entity_leaf_over_a_join_matches_oracle(mode: Native, shape: "WhereAfter")	Passed		
NativeCardinalityTests.Average_over_nullable_float_goes_native_and_matches_linq_to_objects	Failed	NativeCardinalityTests.cs:line 482	MongoDB.Bson.TruncationException : Truncation resulted in data loss.
NativeCastTests.Boxing_over_a_widening_cast_precedence_returns_the_untruncated_row	Passed		
NativeGroupByOverJoinTests.One_to_many_join_multiplies_rows_before_grouping	Failed	NativeGroupByOverJoinTests.cs:line 411	System.InvalidOperationException : The LINQ expression 'DbSet<Owner>() .Join( inner: DbSet<Order>(), outerKeySelector: w => w.Id, innerKeySelector: o => o.OwnerId, resultSelector: (w, o) => new { w = w, o = o }) .GroupBy( keySelector: <>h__TransparentIdentifier0 => <>h__TransparentIdentifier0.w.Region, elementSelector: <>h__TransparentIdentifier0 => <>h__TransparentIdentifier0.o) .Select(g => new 
NativeGroupByTests.Having_less_than_or_equal_and_constant_on_the_left_exclude_the_all_null_group	Failed	NativeGroupByTests.cs:line 2998	System.InvalidOperationException : The LINQ expression 'DbSet<RankedOwner>() .GroupBy(o => o.Name) .Where(g => g .Max(x => x.Rank) <= (int?)50) .Select(g => new { Key = g.Key, C = g .Count() })' could not be translated. Either rewrite the query in a form that can be translated, or switch to client evaluation explicitly by inserting a call to 'AsEnumerable', 'AsAsyncEnumerable', 'ToList', or 'ToLis
NativeReferenceCollectionCountPredicateTests.Concat_after_count_predicate_falls_back_to_correct_data_under_Native	Failed	NativeReferenceCollectionCountPredicateTests.cs:line 155	System.InvalidOperationException : Unsupported cross-DbSet query between 'MongoDB.EntityFrameworkCore.FunctionalTests.Query.NativeReferenceCollectionCountPredicateTests+Owner' and 'MongoDB.EntityFrameworkCore.FunctionalTests.Query.NativeReferenceCollectionCountPredicateTests+Order'. The MongoDB EF Core Provider does not support this cross-collection query. Consider using Join, Include, or restruct
NativeVectorSearchTests.Score_projection_via_EF_Property_goes_native(mode: Native)	Passed		
NativeJoinTests.Wrapped_nav_null_check_ternary_over_a_reference_navigation_left_join_matches_oracle(mode: Native)	Passed		
NativeJoinScopeConditionalProjectionTests.Nav_null_check_ternary_over_a_two_level_LeftJoin_chain_matches_oracle(mode: Native, shape: "LeftJoinThenLeftJoinBareTernary")	Failed	NativeJoinScopeConditionalProjectionTests.cs:line 467	Assert.Equal() Failure: Collections differ ↓ (pos 1) Expected: ["Western Europe", "<none>", "<none>", "<none>"] Actual: ["Western Europe", "<null>", "<null>", "<null>"] ↑ (pos 1)
Ef373InterleavedPagingTests.Paging_between_two_transparent_identifier_joins_matches_oracle(mode: DriverLinq, shape: "ScalarLeaf")	Failed	Ef373InterleavedPagingTests.cs:line 257	System.NotSupportedException : A 'Skip', 'Take', or 'Distinct' operator composed between two cross-collection joins (e.g. from 'Include'/'ThenInclude' or an explicit 'Join') is not supported. Move the operator so that it is not interleaved between the joins.
NativeSetOpsTests.Union_with_collection_include_dedups_by_entity_not_by_joined_children	Passed		
NativeOwnedCollectionCorrelatedTests.Correlated_Count_as_a_computed_sort_key_goes_native	Passed		
DateTimeOffsetMemberProjectionTests.Select_DateTimeOffset_DateTime_component_renders_as_server_side_mql	Failed	DateTimeOffsetMemberProjectionTests.cs:line 180	MongoDB.Driver.Linq.ExpressionNotSupportedException : Expression not supported: d.DateTimeOffset.DateTime because serializer for System.DateTimeOffset does not represent members as fields..
NativeConditionalAndDateTimeTests.DateTimeOffset_date_part_matches_in_memory_LINQ_under_NativeOnly(part: "Hour")	Failed	NativeConditionalAndDateTimeTests.cs:line 128	MongoDB.Driver.Linq.ExpressionNotSupportedException : Expression not supported: r.OccurredOffset.Value.Hour because serializer for System.DateTimeOffset does not represent members as fields..
NativeOwnedCollectionCorrelatedTests.Correlated_Any_and_All_over_a_missing_or_null_Posts_array_do_not_throw_and_match_the_oracle	Failed	NativeOwnedCollectionCorrelatedTests.cs:line 496	MongoDB.Driver.MongoCommandException : Command aggregate failed: Executor error during aggregate command on namespace: EFTest-2026-10-01T13-10-40-16.Correlated_Any_and_All_over_a_missing_or_null_Posts_array_do_not_throw_and_match_the_oracle_e556a76d :: caused by :: $anyElementTrue's argument must be an array, but is null.
NativeDocumentConstructionProjectionTests.Join_scope_ternary_over_constructions_the_class_map_misreads_declines	Passed		
NativeVectorSearchTests.Parameterized_array_contains_pre_filter_still_falls_back_with_correct_rows	Passed		
NativeJoinTests.Distinct_after_an_Include_over_a_join_declines_loudly(mode: Native)	Failed	NativeJoinTests.cs:line 1022	Assert.Throws() Failure: Exception type was not an exact match Expected: typeof(System.InvalidOperationException) Actual: typeof(System.NotSupportedException) ---- System.NotSupportedException : A 'Skip', 'Take', or 'Distinct' operator composed between two cross-collection joins (e.g. from 'Include'/'ThenInclude' or an explicit 'Join') is not supported. Move the operator so that it is not interlea
NativeJoinTests.Genuinely_navigation_less_join_matches_in_memory_oracle_including_unmatched_rows(mode: DriverLinq)	Passed		
NativeDistinctTests.Bare_scalar_Distinct_then_Min_goes_native(mode: NativeOnly)	Passed		
NativeOwnedCollectionCountTests.Count_through_an_owned_reference_hop_goes_native	Passed		
NativeSetOpsTests.Op_after_projected_operand_intersect_hard_fails_in_every_mode(mode: NativeOnly)	Passed		
NativeCardinalityTests.Count_goes_native_and_counts	Passed		
NativeSetOpsTests.Computed_leaf_projection_after_union_goes_native	Passed		
NativeComputedSortTests.Parameterized_computed_sort_key_value_is_correctly_substituted	Passed		
NativeGroupByTests.GroupBy_aggregate_projection_with_count_still_goes_native_after_guard	Failed	NativeGroupByTests.cs:line 1346	System.InvalidOperationException : The LINQ expression 'DbSet<Order>() .GroupBy(o => o.Country) .Select(g => new { Key = g.Key, Count = g .Count() })' could not be translated. Either rewrite the query in a form that can be translated, or switch to client evaluation explicitly by inserting a call to 'AsEnumerable', 'AsAsyncEnumerable', 'ToList', or 'ToListAsync'. See https://go.microsoft.com/fwlink
NativeSetOperationProjectionTests.Union_of_Guid_constants_declines	Passed		
NativeSetOpsTests.Intersect_with_real_element_named_underscore_a_is_not_corrupted_by_the_source_tag	Failed	NativeSetOpsTests.cs:line 376	System.InvalidOperationException : The LINQ expression 'DbSet<TaggyItem>() .Where(i => i.Value <= 2) .Intersect(DbSet<TaggyItem>() .Where(i => i.Value >= 2))' could not be translated. Either rewrite the query in a form that can be translated, or switch to client evaluation explicitly by inserting a call to 'AsEnumerable', 'AsAsyncEnumerable', 'ToList', or 'ToListAsync'. See https://go.microsoft.co
NativeVectorSearchTests.Score_projection_via_Mql_Field_goes_native(mode: Native)	Passed		
NativeGroupByTests.GroupBy_select_with_nested_construction_literal_zero_constant_matches_in_memory_linq	Failed	NativeGroupByTests.cs:line 2803	System.InvalidOperationException : The LINQ expression 'DbSet<Order>() .GroupBy(o => new { }) .Select(g => new NestedConstantWrapper{ Container = new NestedConstantContainer{ ZeroConstant = 0, Sum = g .Sum(o => o.Amount) } } )' could not be translated. Either rewrite the query in a form that can be translated, or switch to client evaluation explicitly by inserting a call to 'AsEnumerable', 'AsAsyn
NativeOwnedReferenceWholeEntityTests.Owned_single_reference_whole_entity_Single_returns_correct_entity	Passed		
Ef373InterleavedPagingTests.Paging_between_two_transparent_identifier_joins_declines_under_NativeOnly(shape: "WrappedTake")	Passed		
NativeArrayProjectionTests.Owned_array_leaf_with_a_shadow_key_element_goes_native	Passed		
NativeCardinalityTests.Average_over_float_goes_native_and_matches_linq_to_objects	Failed	NativeCardinalityTests.cs:line 475	MongoDB.Bson.TruncationException : Truncation resulted in data loss.
NativeCastTests.Bare_cast_projection_leaf_behind_a_parameterized_predicate_returns_correct_values	Passed		
NativeSetOpsTests.Where_after_union_goes_native	Passed		
NativeOwnedCollectionFilteredCountTests.Bare_nullable_bool_element_predicate_filtered_projection_still_hard_fails_EF365	Passed		
NativeGroupByTests.GroupBy_select_with_nested_construction_referencing_per_element_value_declines_cleanly	Passed		
NativeOwnedCollectionFilteredCountTests.Filtered_count_predicate_with_a_parameterized_threshold_goes_native	Passed		
NativeClientEvaluatedLeafTests.Max_after_Distinct_over_an_all_client_projection_declines	Passed		
NativeGroupByOverJoinTests.Null_guarded_string_projection_over_an_unmatched_left_join_side(shape: "Trim", expected: "Alice:North|Alice:North|Bob:South|Cara:North|Dora:"···)	Passed		
NativeGroupByOverJoinTests.Null_propagating_value_over_an_unmatched_left_join_side_stays_native(shape: "Coalesce", expected: "North:3|South:1|none:1")	Failed	NativeGroupByOverJoinTests.cs:line 1099	System.InvalidOperationException : The LINQ expression 'DbSet<Owner>() .GroupJoin( inner: DbSet<Order>(), outerKeySelector: w => w.Id, innerKeySelector: o => o.OwnerId, resultSelector: (w, gj) => new { w = w, gj = gj }) .SelectMany( collectionSelector: <>h__TransparentIdentifier0 => <>h__TransparentIdentifier0.gj .DefaultIfEmpty(), resultSelector: (<>h__TransparentIdentifier0, o) => new { w = <>h_
NativeClientMethodProjectionTests.Select_with_ef_property_still_goes_native_as_a_field_projection	Passed		
NativeArrayProjectionTests.Named_dto_projection_via_MemberInit_goes_native	Passed		
NativeSetOpsTests.GroupBy_operand_with_skip_before_terminal_select_declines_and_stays_correct	Failed	NativeSetOpsTests.cs:line 1205	System.InvalidOperationException : The LINQ expression 'DbSet<Item>() .Where(i => i.Value <= 3) .GroupBy(i => i.Value) .OrderBy(g => g.Key) .Skip(@p) .Select(g => new { Key = g.Key, Count = g .Count() }) .Concat(DbSet<Item>() .Where(i => i.Value >= 3) .GroupBy(i => i.Value) .Select(g => new { Key = g.Key, Count = g .Count() }))' could not be translated. Either rewrite the query in a form that can 
NativeGroupByTests.Post_group_where_over_a_nested_alias_never_resolves_an_owned_navigation_of_the_same_name(nullCheck: False)	Failed	NativeGroupByTests.cs:line 3490	System.InvalidOperationException : The LINQ expression 'DbSet<Parcel>() .GroupBy(p => p.Region) .Select(g => new { Key = g.Key, Info = new { N = g .Count() } }) .Where(x => x.Info.N > 1)' could not be translated. Either rewrite the query in a form that can be translated, or switch to client evaluation explicitly by inserting a call to 'AsEnumerable', 'AsAsyncEnumerable', 'ToList', or 'ToListAsync'
NativeDistinctTests.Distinct_then_Where_then_Count_goes_native	Passed		
NativeGroupByTests.GroupBy_select_with_two_nested_accumulators_uses_distinct_synthetic_fields	Failed	NativeGroupByTests.cs:line 2630	System.InvalidOperationException : The LINQ expression 'DbSet<Order>() .GroupBy(o => new { }) .Select(g => new ThreeMemberNestedWrapper{ Container = new TwoAccumulatorContainer{ Sum = g .Sum(o => o.Amount), Count = g .Count() } } )' could not be translated. Either rewrite the query in a form that can be translated, or switch to client evaluation explicitly by inserting a call to 'AsEnumerable', 'A
NativeLocalCollectionContainsTests.Tuple_contains_with_guid_decimal_and_datetime_elements_matches_stored_values_natively	Passed		
NativeSetOpsTests.Chained_set_op_after_projected_operand_union_falls_back_gracefully	Passed		
NativeOwnedCollectionCountTests.Count_result_equals_the_in_memory_oracle_for_every_array_length_and_state(name: "const-gt2", predicate: b => (b.Posts.Count > 2))	Failed	NativeOwnedCollectionCountTests.cs:line 960	MongoDB.Driver.MongoCommandException : Command aggregate failed: Executor error during aggregate command on namespace: EFTest-2026-10-01T13-10-40-15.diff_const-gt2_12e0078f :: caused by :: The argument to $size must be an array, but was of type: missing.
NativeJoinTests.LeftJoin_Where_on_the_outer_side_then_a_wrapped_scalar_projection_goes_native	Passed		
NativeStringPredicateProjectionTests.Mixed_whole_entity_projection_with_a_Substring_member_is_correct_in_every_mode(mode: "DriverLinq")	Passed		
NativeSetOpsTests.GroupBy_after_Union_goes_native(mode: NativeOnly)	Failed	NativeSetOpsTests.cs:line 2284	System.InvalidOperationException : The LINQ expression 'DbSet<Item>() .Where(i => i.Value <= 3) .Union(DbSet<Item>() .Where(i => i.Value >= 3)) .GroupBy(i => i.Name) .Select(g => new { Key = g.Key, Total = g .Count() })' could not be translated. Either rewrite the query in a form that can be translated, or switch to client evaluation explicitly by inserting a call to 'AsEnumerable', 'AsAsyncEnumer
NativeOwnedCollectionCountTests.Count_result_equals_the_in_memory_oracle_for_every_array_length_and_state(name: "param-ne2", predicate: b => (b.Posts.Count != value(NativeOwnedCollectionCountTests+<>c__DisplayClass61_0).t))	Failed	NativeOwnedCollectionCountTests.cs:line 960	MongoDB.Driver.MongoCommandException : Command aggregate failed: Executor error during aggregate command on namespace: EFTest-2026-10-01T13-10-40-15.diff_param-ne2_6a8279d8 :: caused by :: The argument to $size must be an array, but was of type: missing.
NativeSetOpsTests.Different_collection_projected_operand_union_goes_native	Failed	NativeSetOpsTests.cs:line 438	System.InvalidOperationException : Unsupported cross-DbSet query between 'MongoDB.EntityFrameworkCore.FunctionalTests.Query.NativeSetOpsTests+Left' and 'MongoDB.EntityFrameworkCore.FunctionalTests.Query.NativeSetOpsTests+Right'. The MongoDB EF Core Provider does not support this cross-collection query. Consider using Join, Include, or restructuring your query.
NativeClientEvaluatedLeafTests.OrderBy_after_Distinct_over_a_client_leaf_declines	Passed		
NativeComputedProjectionTests.Subtract_projection_goes_native	Passed		
NativeGroupByOverJoinTests.Terminal_count_over_a_navigation_group	Failed	NativeGroupByOverJoinTests.cs:line 482	System.InvalidOperationException : The LINQ expression 'DbSet<Order>() .GroupBy(o => o.Owner.Region) .Count()' could not be translated. Either rewrite the query in a form that can be translated, or switch to client evaluation explicitly by inserting a call to 'AsEnumerable', 'AsAsyncEnumerable', 'ToList', or 'ToListAsync'. See https://go.microsoft.com/fwlink/?linkid=2101038 for more information.
Ef425InterposedCollectionOperatorTests.Interposed_Concat_declines_cleanly_in_every_mode	Passed		
NativeCastTests.Count_compared_against_a_non_integral_threshold_goes_native_via_expr	Passed		
NativeComputedBareProjectionTests.Bare_arithmetic_and_cast_projections_answer_correctly_on_the_LATE_decline_route	Passed		
NativeMaterializerNullabilityTests.Explicit_null_on_non_nullable_reference_scalar_throws_under_native_matching_driver(element: "Tags")	Passed		
NativeClientEvaluatedLeafTests.Boxed_closed_new_leaf_is_evaluated_in_place	Passed		
NativeVectorSearchTests.Whole_entity_vector_search_streams_and_skips_the_score_field(mode: NativeOnly)	Passed		
NativeDistinctTests.Bare_scalar_int_to_string_converted_Distinct_then_selectorless_Average_is_refused	Failed	NativeDistinctTests.cs:line 466	Assert.Equal() Failure: Values differ Expected: typeof(System.NotSupportedException) Actual: typeof(System.FormatException)
NativeComputedSortTests.Computed_sort_key_using_Not_over_a_value_converted_bool_declines_instead_of_answering_wrong	Failed	NativeComputedSortTests.cs:line 791	Assert.Throws() Failure: No exception was thrown Expected: typeof(System.NotSupportedException)
NativeReferenceCollectionCountPredicateTests.Include_ordered_Take_on_same_self_referencing_nav_as_count_predicate_returns_correct_data(mode: NativeOnly)	Failed	NativeReferenceCollectionCountPredicateTests.cs:line 423	MongoDB.Driver.Linq.ExpressionNotSupportedException : Expression not supported: EFTest-2026-10-01T13-10-40-10.Include_ordered_Take_on_same_self_referencing_nav_as_count_predicate_returns_correct_dataNativeOnly_b0c9d774.Aggregate([]).As(value(MongoDB.EntityFrameworkCore.Serializers.EntitySerializer`1[MongoDB.EntityFrameworkCore.FunctionalTests.Query.NativeReferenceCollectionCountPredicateTests+Node
NativeDateTimeKindReadbackTests.Date_component_projection_over_a_local_kind_property_declines	Failed	NativeDateTimeKindReadbackTests.cs:line 191	Assert.Throws() Failure: No exception was thrown Expected: typeof(System.InvalidOperationException)
NativeDistinctTests.Wrapped_projection_Distinct_then_Average_goes_native	Passed		
NativeConditionalAndDateTimeTests.TimeOfDay_concatenated_with_a_TimeSpan_property_declines	Passed		
NativeOwnedCollectionCountTests.A_predicated_Count_now_goes_native	Passed		
NativeOwnedCollectionCountTests.Wrapped_count_projection_under_DriverLinq_works_for_present_and_ragged_arrays_alike	Failed	NativeOwnedCollectionCountTests.cs:line 485	System.ArgumentException : Expression of type 'System.Collections.Generic.List`1[MongoDB.EntityFrameworkCore.FunctionalTests.Query.NativeOwnedCollectionCountTests+Post]' cannot be used for parameter of type 'System.Linq.IQueryable`1[MongoDB.EntityFrameworkCore.FunctionalTests.Query.NativeOwnedCollectionCountTests+Post]' of method 'Int32 Count[Post](System.Linq.IQueryable`1[MongoDB.EntityFrameworkC
NativeAnonymousKeyJoinTests.Non_simple_anonymous_keys_decline_loudly(shape: "NestedAnonymous")	Passed		
NativeOwnedCollectionCountTests.Count_projection_equals_the_in_memory_oracle_for_every_array_length_and_state(name: "call", selector: b => new TitleCount() {Title = b.Title, N = b.Posts.Count()})	Failed	NativeOwnedCollectionCountTests.cs:line 1005	System.ArgumentException : Expression of type 'System.Collections.Generic.List`1[MongoDB.EntityFrameworkCore.FunctionalTests.Query.NativeOwnedCollectionCountTests+Post]' cannot be used for parameter of type 'System.Linq.IQueryable`1[MongoDB.EntityFrameworkCore.FunctionalTests.Query.NativeOwnedCollectionCountTests+Post]' of method 'Int32 Count[Post](System.Linq.IQueryable`1[MongoDB.EntityFrameworkC
NativeJoinInnerDeclineTests.Join_with_paged_outer_still_runs_and_is_correct	Passed		
NativeSetOperationProjectionTests.Union_of_distinct_constant_and_column_declines	Passed		
NativeSetOpsTests.Bare_scalar_operand_union_goes_native	Passed		
NativeLocalCollectionContainsTests.ISet_parameter_contains_goes_native	Passed		
NativeGroupByOverJoinTests.Null_propagating_value_over_an_unmatched_left_join_side_stays_native(shape: "Sum(arithmetic)", expected: "Alice:32|Bob:31|Cara:6|Dora:0")	Failed	NativeGroupByOverJoinTests.cs:line 1099	System.InvalidOperationException : The LINQ expression 'DbSet<Owner>() .GroupJoin( inner: DbSet<Order>(), outerKeySelector: w => w.Id, innerKeySelector: o => o.OwnerId, resultSelector: (w, gj) => new { w = w, gj = gj }) .SelectMany( collectionSelector: <>h__TransparentIdentifier0 => <>h__TransparentIdentifier0.gj .DefaultIfEmpty(), resultSelector: (<>h__TransparentIdentifier0, o) => new { w = <>h_
NativeDateTimeKindReadbackTests.TimeOfDay_projection_over_a_utc_kind_property_stays_native	Passed		
NativeDateTimeKindReadbackTests.Group_min_and_max_read_back_with_the_property_kind	Failed	NativeDateTimeKindReadbackTests.cs:line 307	System.InvalidOperationException : The LINQ expression 'DbSet<Order>() .GroupBy(o => o.Country) .Select(g => new { Key = g.Key, Mx = g .Max(x => x.LocalDate), Mn = g .Min(x => x.LocalDate), NMx = g .Max(x => x.NLocalDate), NMn = g .Min(x => x.NLocalDate) })' could not be translated. Either rewrite the query in a form that can be translated, or switch to client evaluation explicitly by inserting a 
NativeComputedSortTests.Computed_sort_over_a_whole_entity_streams	Passed		
NativeComputedBareProjectionTests.Bare_filtered_count_leaf_with_a_CAPTURED_PARAMETER_goes_native	Failed	NativeComputedBareProjectionTests.cs:line 1035	Assert.Equal() Failure: Collections differ ↓ (pos 0) Expected: [Tuple ("NativeOnly direct", "[1,0,0,0,1]"), Tuple ("Native direct", "[1,0,0,0,1]"), Tuple ("DriverLinq direct", "[1,0,0,0,1]"), Tuple ("Native late-decline", "[1,0,0,0,1]"), Tuple ("DriverLinq late-decline", "[1,0,0,0,1]")] Actual: [Tuple ("NativeOnly direct", "InvalidOperationException: The LINQ expression 'o'"···), Tuple ("Native di
NativeAnonymousKeyJoinTests.Single_member_anonymous_key_matches_null_to_null_and_missing(mode: DriverLinq)	Failed	NativeAnonymousKeyJoinTests.cs:line 314	MongoDB.Driver.Linq.ExpressionNotSupportedException : Expression not supported: s => new <>f__AnonymousType29`1(Region = Field(s, "Region", value(MongoDB.Bson.Serialization.Serializers.StringSerializer))) because expression cannot be translated to a dotted field name.
NativeBareProjectionTests.Bare_projected_union_and_concat_operands_go_native_and_return_correct_values(mode: DriverLinq)	Passed		
NativeOwnedCollectionAllTests.Quantifier_result_equals_the_in_memory_oracle_for_every_element_and_array_state(name: "nested-any", predicate: b => b.Posts.All(p => p.Comments.Any(c => (c.Age > Convert(5, Nullable`1)))))	Failed	NativeOwnedCollectionAllTests.cs:line 568	MongoDB.Driver.MongoCommandException : Command aggregate failed: Executor error during aggregate command on namespace: EFTest-2026-10-01T13-10-40-17.diff_nested-any_55e55672 :: caused by :: $allElementsTrue's argument must be an array, but is null.
NativeVectorSearchTests.Score_projection_via_EF_Property_goes_native(mode: NativeOnly)	Passed		
NativeConditionalAndDateTimeTests.DateTimeOffset_date_part_matches_in_memory_LINQ_under_NativeOnly(part: "Second")	Failed	NativeConditionalAndDateTimeTests.cs:line 132	MongoDB.Driver.Linq.ExpressionNotSupportedException : Expression not supported: r.OccurredOffset.Value.Second because serializer for System.DateTimeOffset does not represent members as fields..
NativeDateTimeKindReadbackTests.Set_operation_of_a_bare_local_kind_column_and_a_local_kind_aggregate_reads_back_with_that_kind	Failed	NativeDateTimeKindReadbackTests.cs:line 441	System.InvalidOperationException : The LINQ expression 'DbSet<Order>() .GroupBy(o => o.Country) .Select(g => g .Max(o => o.LocalDate)) .Concat(DbSet<Order>() .Select(o => o.LocalDate))' could not be translated. Either rewrite the query in a form that can be translated, or switch to client evaluation explicitly by inserting a call to 'AsEnumerable', 'AsAsyncEnumerable', 'ToList', or 'ToListAsync'. 
NativeOwnedCollectionFilteredCountTests.Filtered_count_projection_into_a_named_dto_goes_native	Failed	NativeOwnedCollectionFilteredCountTests.cs:line 850	System.InvalidOperationException : The LINQ expression 'o' could not be translated. Either rewrite the query in a form that can be translated, or switch to client evaluation explicitly by inserting a call to 'AsEnumerable', 'AsAsyncEnumerable', 'ToList', or 'ToListAsync'. See https://go.microsoft.com/fwlink/?linkid=2101038 for more information.
NativeDistinctTests.Bare_scalar_Distinct_then_Sum_goes_native(mode: NativeOnly)	Passed		
NativeSetOpsTests.Select_after_union_goes_native	Passed		
NativeOwnedCollectionPredicateTests.Nested_owned_collection_Any_goes_native	Failed	NativeOwnedCollectionPredicateTests.cs:line 201	MongoDB.Driver.MongoCommandException : Command aggregate failed: Executor error during aggregate command on namespace: EFTest-2026-10-01T13-10-40-13.Nested_owned_collection_Any_goes_native_ef9d1184 :: caused by :: $anyElementTrue's argument must be an array, but is null.
NativeOwnedCollectionCountTests.Count_result_equals_the_in_memory_oracle_for_every_array_length_and_state(name: "param-gt1", predicate: b => (b.Posts.Count > value(NativeOwnedCollectionCountTests+<>c__DisplayClass61_0).t))	Failed	NativeOwnedCollectionCountTests.cs:line 960	MongoDB.Driver.MongoCommandException : Command aggregate failed: Executor error during aggregate command on namespace: EFTest-2026-10-01T13-10-40-15.diff_param-gt1_9f45408c :: caused by :: The argument to $size must be an array, but was of type: missing.
NativeOwnedReferenceWholeEntityTests.Owned_reference_entity_leaf_Concat_with_tracking_or_identity_resolution_does_not_return_merged_rows(trackingBehavior: TrackAll)	Passed		
NativeJoinTests.Distinct_after_a_bare_Inner_entity_leaf_matches_oracle(mode: Native, shape: "DistinctCount")	Passed		
NativeGroupByTests.GroupBy_scalar_key_Key_inside_accumulator_matches_oracle(mode: DriverLinq)	Failed	NativeGroupByTests.cs:line 1681	System.InvalidOperationException : The LINQ expression 'DbSet<Order>() .GroupBy(o => o.Country) .Select(g => new { Country = g.Key, UsCount = g .Count(o => g.Key == "US"), UsSum = g .Sum(o => g.Key == "US" ? o.Amount : 0) })' could not be translated. Either rewrite the query in a form that can be translated, or switch to client evaluation explicitly by inserting a call to 'AsEnumerable', 'AsAsyncE
NativeGroupByOverJoinTests.Projected_distinct_count_after_an_inner_side_where	Passed		
NativeComputedProjectionTests.Mixed_whole_entity_and_scalar_member_leaf_works_in_every_mode(mode: Native)	Passed		
NativeStringPredicateProjectionTests.One_arg_Substring_over_a_null_or_missing_field_does_not_abort_the_query	Failed	NativeStringPredicateProjectionTests.cs:line 194	MongoDB.Driver.MongoCommandException : Command aggregate failed: Executor error during aggregate command on namespace: EFTest-2026-10-01T13-10-40-3.One_arg_Substring_over_a_null_or_missing_field_does_not_abort_the_query_c837dd76 :: caused by :: $strLenCP requires a string argument, found: missing.
NativeGroupByOverJoinTests.Nullable_accumulator_over_an_unmatched_left_join_side_is_null	Failed	NativeGroupByOverJoinTests.cs:line 210	System.InvalidOperationException : The LINQ expression 'DbSet<Owner>() .GroupJoin( inner: DbSet<Order>(), outerKeySelector: w => w.Id, innerKeySelector: o => o.OwnerId, resultSelector: (w, grouping) => new { w = w, grouping = grouping }) .SelectMany( collectionSelector: <>h__TransparentIdentifier0 => <>h__TransparentIdentifier0.grouping .DefaultIfEmpty(), resultSelector: (<>h__TransparentIdentifie
NativeSetOpsTests.Where_after_trailing_projection_on_intersect_goes_native_via_ef_predicate_pushdown(mode: Native)	Failed	NativeSetOpsTests.cs:line 1438	System.InvalidOperationException : The LINQ expression 'DbSet<Item>() .Where(i => i.Value <= 3) .Intersect(DbSet<Item>() .Where(i => i.Value >= 3)) .Select(i => new { N = i.Value }) .Where(x => x.N >= 2)' could not be translated. Either rewrite the query in a form that can be translated, or switch to client evaluation explicitly by inserting a call to 'AsEnumerable', 'AsAsyncEnumerable', 'ToList',
NativeDateTimeKindReadbackTests.Date_part_over_a_utc_kind_property_still_works(shape: "Where_Date")	Passed		
NativeComputedProjectionTests.Mixed_member_and_arithmetic_projection_goes_native	Passed		
NativeGroupByKeyCaseMappingTests.Only_nullable_members_beside_a_case_mapped_key(mode: "DriverLinq")	Failed	NativeGroupByKeyCaseMappingTests.cs:line 303	Assert.Contains() Failure: Sub-string not found String: "The LINQ expression 'DbSet<Row>()\n .As"··· Not found: "$toUpper/$toLower"
NativeDateTimeKindReadbackTests.Date_part_over_a_utc_kind_property_still_works(shape: "Where_Hour")	Passed		
NativeOwnedReferenceWholeEntityTests.Owned_reference_entity_leaf_Concat_with_tracking_or_identity_resolution_does_not_return_merged_rows(trackingBehavior: NoTrackingWithIdentityResolution)	Passed		
NativeConditionalAndDateTimeTests.TimeOfDay_in_a_positional_container_matches_the_driver	Passed		
NativeGroupByTests.GroupBy_skip_0_take_0_goes_native_and_returns_empty(mode: Native)	Failed	NativeGroupByTests.cs:line 2460	System.InvalidOperationException : The LINQ expression 'DbSet<Order>() .GroupBy(o => o.Country) .Skip(@p) .Take(@p) .Select(g => new { Key = g.Key, Total = g .Count() })' could not be translated. Either rewrite the query in a form that can be translated, or switch to client evaluation explicitly by inserting a call to 'AsEnumerable', 'AsAsyncEnumerable', 'ToList', or 'ToListAsync'. See https://go.
NativeCastTests.Cast_over_a_value_converted_property_declines_instead_of_reading_the_raw_stored_value	Failed	NativeCastTests.cs:line 1385	Assert.Equal() Failure: Strings differ ↓ (pos 6) Expected: "threw NativeTranslationNotSupportedExcept"··· Actual: "threw TargetInvocationException" ↑ (pos 6)
NativeOwnedCollectionCountTests.Count_comparison_emits_the_array_index_form(op: ">", expectedMatch: "{ \"Posts.2\" : { \"$exists\" : true } }")	Passed		
NativeArrayProjectionTests.Element_with_its_own_navigation_is_declined_but_the_fallback_returns_correct_rows	Passed		
NativeGroupByTests.GroupBy_select_with_nested_construction_captured_parameter_matches_in_memory_linq	Failed	NativeGroupByTests.cs:line 2902	System.InvalidOperationException : The LINQ expression 'DbSet<Order>() .GroupBy(o => new { }) .Select(g => new NestedConstantWrapper{ Container = new NestedConstantContainer{ CapturedParameter = @capturedValue, Sum = g .Sum(o => o.Amount) } } )' could not be translated. Either rewrite the query in a form that can be translated, or switch to client evaluation explicitly by inserting a call to 'AsEn
NativeDateTimeKindReadbackTests.Group_filtered_max_reads_back_with_the_property_kind	Failed	NativeDateTimeKindReadbackTests.cs:line 344	System.InvalidOperationException : The LINQ expression 'DbSet<Order>() .GroupBy(o => o.Country) .Select(g => new { Key = g.Key, M = g .Where(x => x.PlainDate > 01/01/2021 00:00:00) .Max(x => x.NLocalDate) })' could not be translated. Either rewrite the query in a form that can be translated, or switch to client evaluation explicitly by inserting a call to 'AsEnumerable', 'AsAsyncEnumerable', 'ToLi
NativeGroupByOverJoinTests.Key_only_accumulator_condition_over_a_left_join_declines	Passed		
NativeGroupByTests.GroupBy_Count_with_predicate_matches_driver_linq	Failed	NativeGroupByTests.cs:line 2187	System.InvalidOperationException : The LINQ expression 'DbSet<Order>() .GroupBy(o => o.Country) .Select(g => new { Key = g.Key, Small = g .Count(o => o.Amount < 100), Large = g .Count(o => o.Amount >= 100) })' could not be translated. Either rewrite the query in a form that can be translated, or switch to client evaluation explicitly by inserting a call to 'AsEnumerable', 'AsAsyncEnumerable', 'ToL
NativeGroupByKeyCaseMappingTests.Only_nullable_members_beside_a_case_mapped_key(mode: "Native")	Failed	NativeGroupByKeyCaseMappingTests.cs:line 307	System.InvalidOperationException : The LINQ expression 'DbSet<Row>() .AsNoTracking() .GroupBy(x => x.S) .Select(g => new { K = g.Key.ToUpper(), M = g .Max(x => x.S) })' could not be translated. Either rewrite the query in a form that can be translated, or switch to client evaluation explicitly by inserting a call to 'AsEnumerable', 'AsAsyncEnumerable', 'ToList', or 'ToListAsync'. See https://go.mi
NativeOwnedCollectionCountTests.Count_less_than_or_equal_goes_native	Failed	NativeOwnedCollectionCountTests.cs:line 287	MongoDB.Driver.MongoCommandException : Command aggregate failed: Executor error during aggregate command on namespace: EFTest-2026-10-01T13-10-40-15.Count_less_than_or_equal_goes_native_ad6d231e :: caused by :: The argument to $size must be an array, but was of type: missing.
NativeChainedReferenceNavigationFilterTests.Ordering_and_paging_after_a_second_hop_filter	Passed		
NativeSetOpsTests.Intersect_disjoint_operands_yields_empty	Failed	NativeSetOpsTests.cs:line 182	System.InvalidOperationException : The LINQ expression 'DbSet<Item>() .Where(i => i.Value <= 2) .Intersect(DbSet<Item>() .Where(i => i.Value >= 4))' could not be translated. Either rewrite the query in a form that can be translated, or switch to client evaluation explicitly by inserting a call to 'AsEnumerable', 'AsAsyncEnumerable', 'ToList', or 'ToListAsync'. See https://go.microsoft.com/fwlink/?
NativeJoinTests.Left_join_Where_with_an_Inner_null_check_conjunct_matches_oracle(mode: DriverLinq, shape: "ReferenceAnd")	Passed		
NativeJoinScopeConditionalProjectionTests.Wrapped_entity_null_check_over_a_reference_join_goes_native(isNotNull: True)	Passed		
NativeGroupByOverJoinTests.All_over_a_navigation_group_after_an_inner_side_where(minCount: 6, expected: False)	Failed	NativeGroupByOverJoinTests.cs:line 542	System.InvalidOperationException : The LINQ expression 'DbSet<Order>() .Where(o => o.Owner.Name != "Cara") .GroupBy(o => o.Owner.Region) .Select(g => new { Key = g.Key, Count = g .Count() }) .All(x => x.Count >= @minCount)' could not be translated. Either rewrite the query in a form that can be translated, or switch to client evaluation explicitly by inserting a call to 'AsEnumerable', 'AsAsyncEnu
Ef425InterposedCollectionOperatorTests.Interposed_DefaultIfEmpty_declines_cleanly_in_every_mode	Failed	Ef425InterposedCollectionOperatorTests.cs:line 115	Assert.Throws() Failure: Exception type was not an exact match Expected: typeof(System.InvalidOperationException) Actual: typeof(System.ArgumentException) ---- System.ArgumentException : An item with the same key has already been added. Key: o
NativeOwnedCollectionFilteredCountTests.Filtered_count_relational_element_predicate_equals_the_in_memory_oracle(name: "flipped_gte", selector: b => new TitleCount() {Title = b.Title, N = b.Posts.Count(p => (Convert(-5, Nullable`1) >= p.Rank))}, expectedMultiMixedN: 1)	Failed	NativeOwnedCollectionFilteredCountTests.cs:line 1339	System.InvalidOperationException : The LINQ expression 'o' could not be translated. Either rewrite the query in a form that can be translated, or switch to client evaluation explicitly by inserting a call to 'AsEnumerable', 'AsAsyncEnumerable', 'ToList', or 'ToListAsync'. See https://go.microsoft.com/fwlink/?linkid=2101038 for more information.
NativeOwnedCollectionAllTests.Owned_collection_All_over_an_empty_or_absent_array_is_true	Failed	NativeOwnedCollectionAllTests.cs:line 244	MongoDB.Driver.MongoCommandException : Command aggregate failed: Executor error during aggregate command on namespace: EFTest-2026-10-01T13-10-40-17.Owned_collection_All_over_an_empty_or_absent_array_is_true_583b1396 :: caused by :: $allElementsTrue's argument must be an array, but is null.
NativeReverseLastTests.LastOrDefault_over_an_empty_ordered_source_returns_null_and_goes_native	Passed		
NativeOwnedCollectionCountTests.LongCount_projection_leaf_goes_native	Failed	NativeOwnedCollectionCountTests.cs:line 1019	System.ArgumentException : Expression of type 'System.Collections.Generic.List`1[MongoDB.EntityFrameworkCore.FunctionalTests.Query.NativeOwnedCollectionCountTests+Post]' cannot be used for parameter of type 'System.Linq.IQueryable`1[MongoDB.EntityFrameworkCore.FunctionalTests.Query.NativeOwnedCollectionCountTests+Post]' of method 'Int64 LongCount[Post](System.Linq.IQueryable`1[MongoDB.EntityFramew
NativeGroupByTests.GroupBy_over_a_joined_source_runs_correctly_under_native	Failed	NativeGroupByTests.cs:line 333	System.InvalidOperationException : The LINQ expression 'DbSet<Order>() .Join( inner: DbSet<Region>(), outerKeySelector: o => o.Country, innerKeySelector: x => x.Country, resultSelector: (o, x) => o) .GroupBy(o => o.Country) .Select(g => new { Key = g.Key, Max = g .Max(o => o.Amount) })' could not be translated. Either rewrite the query in a form that can be translated, or switch to client evaluati
NativeVectorSearchTests.Untranslatable_pre_filter_throws_from_the_server_in_every_fallback_mode(mode: DriverLinq)	Passed		
NativeConditionalAndDateTimeTests.TimeOfDay_projection_then_Distinct_declines	Passed		
NativeSetOpsTests.Second_select_after_projected_operand_union_hard_fails_in_every_mode(mode: DriverLinq)	Passed		
NativeOwnedReferenceWholeEntityTests.Required_owned_reference_missing_throws_matching_driver_linq	Passed		
NativeJoinTests.Distinct_after_a_bare_Inner_entity_leaf_matches_oracle(mode: NativeOnly, shape: "GroupJoinDefaultIfEmptyDistinct")	Passed		
NativeJoinTests.Distinct_after_a_bare_Inner_entity_leaf_matches_oracle(mode: Native, shape: "OuterDistinct")	Failed	NativeJoinTests.cs:line 991	Assert.Equal() Failure: Collections differ ↓ (pos 1) Expected: ["Alice", "Bob"] Actual: ["Alice", "Alice", "Bob"] ↑ (pos 1)
NativeDocumentConstructionProjectionTests.Wrapped_ternary_over_constructions_the_class_map_reads_by_name_stays_a_server_side_cond	Passed		
NativeVectorSearchTests.Score_projection_via_Mql_Field_goes_native(mode: NativeOnly)	Passed		
NativeOwnedCollectionFilteredCountTests.Filtered_count_projection_through_an_owned_reference_hop_goes_native	Failed	NativeOwnedCollectionFilteredCountTests.cs:line 882	System.InvalidOperationException : The LINQ expression 'o' could not be translated. Either rewrite the query in a form that can be translated, or switch to client evaluation explicitly by inserting a call to 'AsEnumerable', 'AsAsyncEnumerable', 'ToList', or 'ToListAsync'. See https://go.microsoft.com/fwlink/?linkid=2101038 for more information.
NativeClientMethodProjectionTests.Select_with_client_method_referencing_entity_twice_still_declines_under_native_only	Passed		
NativeJoinTests.Where_after_join_with_a_bare_scalar_select_goes_native	Passed		
NativeOfTypeTests.OfType_composed_with_where_goes_native	Passed		
QueryModeGateTests.NativeOnly_inline_collection_contains_uses_in	Passed		
NativeAnonymousKeyJoinTests.Chained_join_with_anonymous_key_off_the_prior_hop_matches_oracle(mode: NativeOnly)	Failed	NativeAnonymousKeyJoinTests.cs:line 374	MongoDB.Driver.Linq.ExpressionNotSupportedException : Expression not supported: s => new <>f__AnonymousType25`3(Region = Field(s, "Region", value(MongoDB.Bson.Serialization.Serializers.StringSerializer)), Zone = Field(s, "Zone", value(MongoDB.Bson.Serialization.Serializers.Int32Serializer)), Bay = Field(s, "Bay", value(MongoDB.Bson.Serialization.Serializers.NullableSerializer`1[System.Int32]))) be
NativeJoinTests.Whole_entity_leaf_and_dotted_scalar_leaf_together_behind_a_parameterized_where	Passed		
NativeReferenceCollectionCountPredicateTests.Count_predicate_before_projected_Union_falls_back_to_correct_data_under_Native	Failed	NativeReferenceCollectionCountPredicateTests.cs:line 170	System.InvalidOperationException : Unsupported cross-DbSet query between 'MongoDB.EntityFrameworkCore.FunctionalTests.Query.NativeReferenceCollectionCountPredicateTests+Owner' and 'MongoDB.EntityFrameworkCore.FunctionalTests.Query.NativeReferenceCollectionCountPredicateTests+Order'. The MongoDB EF Core Provider does not support this cross-collection query. Consider using Join, Include, or restruct
NativeOwnedReferenceWholeEntityTests.Owned_reference_entity_leaf_in_anonymous_type_with_Concat(mode: Native)	Failed	NativeOwnedReferenceWholeEntityTests.cs:line 919	System.InvalidOperationException : The LINQ expression 'ProjectionBindingExpression: Title' could not be translated. Either rewrite the query in a form that can be translated, or switch to client evaluation explicitly by inserting a call to 'AsEnumerable', 'AsAsyncEnumerable', 'ToList', or 'ToListAsync'. See https://go.microsoft.com/fwlink/?linkid=2101038 for more information.
NativeOwnedCollectionCountTests.Count_result_equals_the_in_memory_oracle_for_every_array_length_and_state(name: "call-gt1", predicate: b => (b.Posts.Count() > 1))	Failed	NativeOwnedCollectionCountTests.cs:line 960	MongoDB.Driver.MongoCommandException : Command aggregate failed: Executor error during aggregate command on namespace: EFTest-2026-10-01T13-10-40-15.diff_call-gt1_36cae147 :: caused by :: The argument to $size must be an array, but was of type: missing.
NativeComputedBareProjectionTests.Bare_count_projection_under_a_cardinality_terminator_answers_correctly	Failed	NativeComputedBareProjectionTests.cs:line 699	System.ArgumentException : Expression of type 'System.Collections.Generic.List`1[MongoDB.EntityFrameworkCore.FunctionalTests.Query.NativeComputedBareProjectionTests+Post]' cannot be used for parameter of type 'System.Linq.IQueryable`1[MongoDB.EntityFrameworkCore.FunctionalTests.Query.NativeComputedBareProjectionTests+Post]' of method 'Int32 Count[Post](System.Linq.IQueryable`1[MongoDB.EntityFramew
NativeSetOpsTests.Projected_operand_except_goes_native_result_set	Failed	NativeSetOpsTests.cs:line 1580	System.InvalidOperationException : The LINQ expression 'DbSet<Item>() .Where(i => i.Value <= 3) .Select(i => new { Name = i.Name }) .Except(DbSet<Item>() .Where(i => i.Value >= 3) .Select(i => new { Name = i.Name }))' could not be translated. Either rewrite the query in a form that can be translated, or switch to client evaluation explicitly by inserting a call to 'AsEnumerable', 'AsAsyncEnumerabl
NativeJoinTests.Query_filtered_join_target_still_declines_cleanly_in_NativeOnly	Passed		
NativeSetOpsTests.Right_nested_operand_with_its_own_trailing_paging_goes_native	Passed		
NativeDistinctTests.Bare_scalar_projection_Distinct_then_OrderBy_with_identity_selector_matches_driver_linq	Passed		
NativeJoinTests.Distinct_after_a_bare_Inner_entity_leaf_matches_oracle(mode: Native, shape: "DistinctOrderBySkip")	Failed	NativeJoinTests.cs:line 991	Assert.Equal() Failure: Collections differ ↓ (pos 0) Expected: ["6abe4de9d82981d4d711daac:20", "6abe4de9d82981d4d711daad:30"] Actual: ["<null>", "<null>"] ↑ (pos 0)
NativeConditionalAndDateTimeTests.Year_over_a_null_date_throws_like_CSharp	Failed	NativeConditionalAndDateTimeTests.cs:line 272	Assert.Throws() Failure: Exception type was not an exact match Expected: typeof(System.InvalidOperationException) Actual: typeof(System.FormatException) ---- System.FormatException : An error occurred while deserializing the Y property of class <>f__AnonymousType93`2[[System.String, System.Private.CoreLib, Version=10.0.0.0, Culture=neutral, PublicKeyToken=7cec85d7bea7798e],[System.Int32, System.Pr
NativeOwnedCollectionCountTests.A_parameterized_threshold_goes_native_via_the_expr_tier	Failed	NativeOwnedCollectionCountTests.cs:line 287	MongoDB.Driver.MongoCommandException : Command aggregate failed: Executor error during aggregate command on namespace: EFTest-2026-10-01T13-10-40-15.A_parameterized_threshold_goes_native_via_the_expr_tier_9d62b9c9 :: caused by :: The argument to $size must be an array, but was of type: missing.
NativeVectorSearchTests.Array_contains_pre_filter_now_goes_native_with_correct_rows	Passed		
NativeDateTimeKindReadbackTests.Whole_composite_key_beside_its_part_and_an_accumulator_reads_back_with_the_property_kind	Failed	NativeDateTimeKindReadbackTests.cs:line 291	System.InvalidOperationException : The LINQ expression 'DbSet<Order>() .GroupBy(o => new { Country = o.Country, LocalDate = o.LocalDate }) .Select(g => new { Key = g.Key, LocalDate = g.Key.LocalDate, M = g .Max(x => x.NLocalDate) })' could not be translated. Either rewrite the query in a form that can be translated, or switch to client evaluation explicitly by inserting a call to 'AsEnumerable', '
NativeGroupByTests.Third_level_group_by_declines_cleanly(shape: "Having")	Failed	NativeGroupByTests.cs:line 3926	System.InvalidOperationException : The LINQ expression 'DbSet<Order>() .GroupBy(o => o.Country) .Select(g => new { Land = g.Key, N = g .Count() }) .GroupBy(x => x.N) .Select(g => new { K = g.Key, M = g .Count() }) .GroupBy(x => x.M) .Where(g => g.Key > 2) .Select(g => new { Key = g.Key, C = g .Count() })' could not be translated. Either rewrite the query in a form that can be translated, or switch
NativeGroupByTests.Nested_group_by_bare_terminal_aggregate_counts_the_nested_groups(aggregate: "AnySize3", postGroupWhere: True, expected: 0)	Failed	NativeGroupByTests.cs:line 3862	System.InvalidOperationException : The LINQ expression 'DbSet<Order>() .GroupBy(o => o.Country) .Select(g => new { Land = g.Key, N = g .Count() }) .Where(x => x.Land != "A") .GroupBy(x => x.N) .Any(g => g .Count() == 3)' could not be translated. Either rewrite the query in a form that can be translated, or switch to client evaluation explicitly by inserting a call to 'AsEnumerable', 'AsAsyncEnumer
NativeCastTests.Unsigned_reinterpreting_cast_sort_key_declines	Passed		
NativeSetOperationProjectionTests.Union_of_two_different_columns_goes_native	Passed		
NativeGroupByKeyCaseMappingTests.Other_case_mappings_over_a_key(mode: "Native")	Failed	NativeGroupByKeyCaseMappingTests.cs:line 307	System.InvalidOperationException : The LINQ expression 'DbSet<Row>() .AsNoTracking() .GroupBy(x => x.S) .Select(g => new { K = g.Key.ToLower(), C = g .Count() })' could not be translated. Either rewrite the query in a form that can be translated, or switch to client evaluation explicitly by inserting a call to 'AsEnumerable', 'AsAsyncEnumerable', 'ToList', or 'ToListAsync'. See https://go.microsof
NativeComputedProjectionTests.Mixed_whole_entity_and_computed_leaf_returns_the_correct_computed_value	Passed		
NativeDistinctTests.Distinct_then_Single_goes_native	Passed		
NativeJoinScopeConditionalProjectionTests.Nav_null_check_ternary_over_a_two_level_LeftJoin_chain_matches_oracle(mode: Native, shape: "LeftJoinThenLeftJoinFirstLevelTernary")	Failed	NativeJoinScopeConditionalProjectionTests.cs:line 467	Assert.Equal() Failure: Collections differ ↓ (pos 3) Expected: ["Alfreds", "Blauer", "Chop-suey", "<none>"] Actual: ["Alfreds", "Blauer", "Chop-suey", "<null>"] ↑ (pos 3)
NativeOwnedReferenceWholeEntityTests.Owned_reference_entity_leaf_in_anonymous_type_with_Distinct(mode: DriverLinq)	Failed	NativeOwnedReferenceWholeEntityTests.cs:line 891	System.InvalidCastException : Unable to cast object of type 'System.Linq.Expressions.UnaryExpression' to type 'Microsoft.EntityFrameworkCore.Query.ProjectionBindingExpression'.
NativeJoinTests.Paging_on_both_sides_of_a_one_to_many_join_declines_and_falls_back_correctly	Passed		
NativeOwnedReferenceWholeEntityTests.Nested_owned_reference_deep_values_match_driver_linq_and_goes_native	Passed		
NativeGroupByTests.GroupBy_then_Any_with_compound_predicate_falls_back_under_native_only	Passed		
NativeArrayProjectionTests.Boxed_nullable_object_array_element_reads_null_and_keeps_runtime_types(mode: Native)	Failed	NativeArrayProjectionTests.cs:line 1751	System.FormatException : Cannot deserialize a 'Int32' from BsonType 'Null'.
NativeJoinTests.Where_on_the_outer_side_then_a_wrapped_scalar_projection_goes_native	Passed		
NativeJoinTests.Inner_side_Where_that_declines_natively_does_not_confirm_the_join(mode: DriverLinq, shape: "Split")	Passed		
NativeGroupByTests.GroupBy_empty_key_then_Count_goes_native	Failed	NativeGroupByTests.cs:line 1903	System.InvalidOperationException : The LINQ expression 'DbSet<Order>() .GroupBy(o => new { }) .Count()' could not be translated. Either rewrite the query in a form that can be translated, or switch to client evaluation explicitly by inserting a call to 'AsEnumerable', 'AsAsyncEnumerable', 'ToList', or 'ToListAsync'. See https://go.microsoft.com/fwlink/?linkid=2101038 for more information.
NativeSetOpsTests.GroupBy_after_Union_of_projected_Distinct_operand_returns_correct_groups(mode: NativeOnly)	Failed	NativeSetOpsTests.cs:line 2361	System.InvalidOperationException : The LINQ expression 'DbSet<Item>() .Where(i => i.Value <= 3) .Select(i => new { Name = i.Name }) .Distinct() .Union(DbSet<Item>() .Where(i => i.Value >= 3) .Select(i => new { Name = i.Name })) .GroupBy(x => x.Name) .Select(g => new { Key = g.Key, Total = g .Count() })' could not be translated. Either rewrite the query in a form that can be translated, or switch t
NativeAnonymousKeyJoinTests.EF_Property_members_are_simple_properties(mode: Native)	Failed	NativeAnonymousKeyJoinTests.cs:line 332	MongoDB.Driver.Linq.ExpressionNotSupportedException : Expression not supported: s => new <>f__AnonymousType30`2(Region = Field(s, "Region", value(MongoDB.Bson.Serialization.Serializers.StringSerializer)), Zone = Field(s, "Zone", value(MongoDB.Bson.Serialization.Serializers.Int32Serializer))) because expression cannot be translated to a dotted field name.
NativeReferenceCollectionCountPredicateTests.Count_on_the_right_hand_side_of_the_comparison_goes_native_under_NativeOnly	Failed	NativeReferenceCollectionCountPredicateTests.cs:line 69	System.InvalidOperationException : Unsupported cross-DbSet query between 'MongoDB.EntityFrameworkCore.FunctionalTests.Query.NativeReferenceCollectionCountPredicateTests+Owner' and 'MongoDB.EntityFrameworkCore.FunctionalTests.Query.NativeReferenceCollectionCountPredicateTests+Order'. The MongoDB EF Core Provider does not support this cross-collection query. Consider using Join, Include, or restruct
NativeSetOpsTests.Intersect_then_Skip_goes_native	Failed	NativeSetOpsTests.cs:line 317	System.InvalidOperationException : The LINQ expression 'DbSet<Item>() .Where(i => i.Value <= 3) .Intersect(DbSet<Item>() .Where(i => i.Value >= 2 && i.Value <= 4)) .OrderBy(i => i.Value) .Skip(@p)' could not be translated. Either rewrite the query in a form that can be translated, or switch to client evaluation explicitly by inserting a call to 'AsEnumerable', 'AsAsyncEnumerable', 'ToList', or 'To
NativeDistinctTests.Distinct_then_Where_then_GroupBy_matches_driver_linq	Failed	NativeDistinctTests.cs:line 1658	System.InvalidOperationException : The LINQ expression 'DbSet<Order>() .Select(o => new { Country = o.Country, Year = o.Year }) .Distinct() .Where(r => r.Country != "FR") .GroupBy(x => x.Country) .Select(g => new { Key = g.Key, Count = g .Count() })' could not be translated. Either rewrite the query in a form that can be translated, or switch to client evaluation explicitly by inserting a call to 
NativeOwnedCollectionFilteredCountTests.Bare_correlated_element_predicate_now_goes_native_EF421	Failed	NativeOwnedCollectionFilteredCountTests.cs:line 1098	System.InvalidOperationException : The LINQ expression 'o' could not be translated. Either rewrite the query in a form that can be translated, or switch to client evaluation explicitly by inserting a call to 'AsEnumerable', 'AsAsyncEnumerable', 'ToList', or 'ToListAsync'. See https://go.microsoft.com/fwlink/?linkid=2101038 for more information.
NativeOwnedCollectionCountTests.Count_comparison_emits_the_array_index_form(op: "<=", expectedMatch: "{ \"Posts.2\" : { \"$exists\" : false } }")	Passed		
NativeDocumentConstructionProjectionTests.Distinct_over_a_client_evaluated_ternary_declines	Passed		
NativeJoinScopeNestedProjectionTests.Nested_projection_with_outer_sourced_member_falls_back(mode: NativeOnly)	Passed		
NativeComputedProjectionTests.Integer_division_projection_goes_native_and_truncates_EF434	Failed	NativeComputedProjectionTests.cs:line 445	System.FormatException : An error occurred while deserializing the X property of class <>f__AnonymousType85`2[[System.String, System.Private.CoreLib, Version=10.0.0.0, Culture=neutral, PublicKeyToken=7cec85d7bea7798e],[System.Int32, System.Private.CoreLib, Version=10.0.0.0, Culture=neutral, PublicKeyToken=7cec85d7bea7798e]]: Truncation resulted in data loss. ---- MongoDB.Bson.TruncationException :
NativeChainedReferenceNavigationFilterTests.Local_collection_contains_over_second_hop	Passed		
NativeComputedBareProjectionTests.Ragged_HOP_seed_really_carries_all_four_array_states	Passed		
NativeGateRoutingTests.D_member_init_dto_projection_runs_native_under_NativeOnly_and_carries_correct_values	Passed		
NativeJoinInnerDeclineTests.Join_with_ordered_inner_is_rejected_by_the_driver	Passed		
NativeGroupByTests.Post_group_where_over_enum_and_date_key_aliases_with_parameters_goes_native	Failed	NativeGroupByTests.cs:line 3420	System.InvalidOperationException : The LINQ expression 'DbSet<Order>() .GroupBy(o => o.Status) .Select(g => new { S = g.Key, N = g .Count() }) .Where(x => (int)x.S == (int)@status)' could not be translated. Either rewrite the query in a form that can be translated, or switch to client evaluation explicitly by inserting a call to 'AsEnumerable', 'AsAsyncEnumerable', 'ToList', or 'ToListAsync'. See 
NativeArrayProjectionTests.Boxed_nullable_object_array_element_reads_null_and_keeps_runtime_types(mode: NativeOnly)	Failed	NativeArrayProjectionTests.cs:line 1751	System.FormatException : Cannot deserialize a 'Int32' from BsonType 'Null'.
NativeChainedReferenceNavigationFilterTests.Paging_before_a_second_hop_filter_pages_first	Passed		
NativeOwnedCollectionCountTests.Count_result_equals_the_in_memory_oracle_for_every_array_length_and_state(name: "param-eq1", predicate: b => (b.Posts.Count == value(NativeOwnedCollectionCountTests+<>c__DisplayClass61_0).t))	Failed	NativeOwnedCollectionCountTests.cs:line 960	MongoDB.Driver.MongoCommandException : Command aggregate failed: Executor error during aggregate command on namespace: EFTest-2026-10-01T13-10-40-15.diff_param-eq1_173ee062 :: caused by :: The argument to $size must be an array, but was of type: missing.
NativeGroupByTests.GroupBy_constructor_call_key_does_not_collapse_to_one_group	Failed	NativeGroupByTests.cs:line 1883	System.InvalidOperationException : The LINQ expression 'DbSet<Order>() .GroupBy(o => new CountryYearKey( o.Country, o.Year )) .Select(g => new { Count = g .Count() })' could not be translated. Either rewrite the query in a form that can be translated, or switch to client evaluation explicitly by inserting a call to 'AsEnumerable', 'AsAsyncEnumerable', 'ToList', or 'ToListAsync'. See https://go.mic
NativeDateTimeKindReadbackTests.Computed_terminal_max_over_a_local_kind_property_declines	Failed	NativeDateTimeKindReadbackTests.cs:line 191	Assert.Throws() Failure: No exception was thrown Expected: typeof(System.InvalidOperationException)
NativeGroupByTests.GroupBy_then_Count_with_count_predicate_goes_native	Failed	NativeGroupByTests.cs:line 1232	System.InvalidOperationException : The LINQ expression 'DbSet<Order>() .GroupBy(o => o.Country) .Count(g => g .Count() > 1)' could not be translated. Either rewrite the query in a form that can be translated, or switch to client evaluation explicitly by inserting a call to 'AsEnumerable', 'AsAsyncEnumerable', 'ToList', or 'ToListAsync'. See https://go.microsoft.com/fwlink/?linkid=2101038 for more 
NativeOwnedReferenceWholeEntityTests.Absent_owned_reference_yields_null_matching_driver_linq	Passed		
NativeDistinctTests.Bare_scalar_value_converted_Distinct_then_OrderBy_is_refused	Failed	NativeDistinctTests.cs:line 479	Assert.NotNull() Failure: Value is null
NativeDistinctTests.Distinct_then_GroupBy_with_computed_key_goes_native_under_native_only	Failed	NativeDistinctTests.cs:line 1711	System.InvalidOperationException : The LINQ expression 'DbSet<Order>() .Select(o => new { Country = o.Country, Year = o.Year }) .Distinct() .GroupBy(x => x.Country + (object)x.Year) .Select(g => new { Key = g.Key, Count = g .Count() })' could not be translated. Either rewrite the query in a form that can be translated, or switch to client evaluation explicitly by inserting a call to 'AsEnumerable'
NativeJoinTests.Left_join_Where_with_an_Inner_null_check_conjunct_matches_oracle(mode: NativeOnly, shape: "CollectionNullCheckOnly")	Passed		
NativeContainsTerminalTests.Scalar_select_contains_parameter_goes_native	Passed		
NativeClientMethodProjectionTests.Select_with_client_method_embedded_in_conditional_expression_goes_native	Passed		
NativeOwnedCollectionAllTests.All_with_a_field_to_field_element_predicate_declines_and_falls_back_to_correct_rows	Passed		
NativeOwnedCollectionCountTests.Count_result_equals_the_in_memory_oracle_for_every_array_length_and_state(name: "const-ne1", predicate: b => (b.Posts.Count != 1))	Failed	NativeOwnedCollectionCountTests.cs:line 960	MongoDB.Driver.MongoCommandException : Command aggregate failed: Executor error during aggregate command on namespace: EFTest-2026-10-01T13-10-40-15.diff_const-ne1_359fafbc :: caused by :: The argument to $size must be an array, but was of type: missing.
NativeAnonymousKeyJoinTests.Non_simple_anonymous_keys_decline_loudly(shape: "NonAnonymousKey")	Passed		
NativeOwnedCollectionFilteredCountTests.Contains_element_predicate_filtered_projection_goes_native_EF413	Failed	NativeOwnedCollectionFilteredCountTests.cs:line 560	System.InvalidOperationException : The LINQ expression 'o' could not be translated. Either rewrite the query in a form that can be translated, or switch to client evaluation explicitly by inserting a call to 'AsEnumerable', 'AsAsyncEnumerable', 'ToList', or 'ToListAsync'. See https://go.microsoft.com/fwlink/?linkid=2101038 for more information.
NativeReferenceCollectionCountPredicateTests.Union_after_count_predicate_declines_cleanly_under_NativeOnly	Passed		
NativeDateTimeKindReadbackTests.Calendar_add_in_a_filter_over_a_local_kind_property_declines_loudly	Failed	NativeDateTimeKindReadbackTests.cs:line 191	Assert.Throws() Failure: No exception was thrown Expected: typeof(System.InvalidOperationException)
NativeJoinScopeConditionalProjectionTests.Nav_null_check_ternary_over_a_two_level_LeftJoin_chain_matches_oracle(mode: DriverLinq, shape: "TwoHopNavigationTernary")	Failed	NativeJoinScopeConditionalProjectionTests.cs:line 467	Assert.Equal() Failure: Collections differ ↓ (pos 1) Expected: ["Western Europe", "<none>", "<none>", "<none>"] Actual: ["Western Europe", "<null>", "<null>", "<null>"] ↑ (pos 1)
NativeSetOpsTests.Where_between_projected_Distinct_and_Concat_filters_source1(mode: NativeOnly)	Passed		
NativeDateTimeKindReadbackTests.Date_part_over_a_local_kind_property_is_correct_or_loud_in_every_mode(shape: "Anonymous_Where_Hour")	Failed	NativeDateTimeKindReadbackTests.cs:line 699	Assert.Equal() Failure: Collections differ ↓ (pos 0) Expected: ["UK11", "UK8"] Actual: ["UK10", "UK8"] ↑ (pos 0)
NativeBareProjectionTests.A_second_projection_after_a_bare_one_returns_correct_values(mode: DriverLinq)	Passed		
DateTimeOffsetMemberProjectionTests.Concatenating_DateTimeOffset_throws_instead_of_bson_json(shape: "anonymous", mode: Native)	Failed	DateTimeOffsetMemberProjectionTests.cs:line 379	Assert.Throws() Failure: No exception was thrown Expected: typeof(System.InvalidOperationException)
NativeClientEvaluatedLeafTests.Concat_over_client_evaluated_leaves_declines	Passed		
NativeSetOperationProjectionTests.Union_of_single_member_anonymous_operands_goes_native	Passed		
NativeOwnedCollectionAllTests.Quantifier_element_predicate_through_nested_owned_reference_composite_key_leaf_goes_native	Passed		
NativeComputedProjectionTests.Nullable_operand_arithmetic_matches_driver	Passed		
NativeDateTimeKindReadbackTests.Computed_group_key_over_a_local_kind_property_declines	Passed		
NativeOwnedCollectionFilteredCountTests.Quantifier_over_ragged_elements_equals_the_hand_and_in_memory_oracles(name: "correlated_any_lt", predicate: b => b.Posts.Any(p => ((p.Rank < Convert(0, Nullable`1)) AndAlso (p.Title != b.Title))), expected: ["all_neg", "neg_missing", "neg_null", "pos_neg"])	Failed	NativeOwnedCollectionFilteredCountTests.cs:line 1442	MongoDB.Driver.MongoCommandException : Command aggregate failed: Executor error during aggregate command on namespace: EFTest-2026-10-01T13-10-40-14.quant_correlated_any_lt_80aed5a2 :: caused by :: $anyElementTrue's argument must be an array, but is null.
NativeClientMethodProjectionTests.Select_with_context_based_client_method_composed_with_take_goes_native	Passed		
NativeOwnedCollectionCorrelatedTests.Correlated_Any_with_Equals_OrdinalIgnoreCase_parameterized_term_declines	Passed		
NativeVectorSearchTests.Bare_vector_search_returns_score_order(mode: NativeOnly)	Passed		
NativeGroupByTests.GroupBy_OrderBy_computed_expression_before_select_matches_driver_linq_under_native	Failed	NativeGroupByTests.cs:line 777	System.InvalidOperationException : The LINQ expression 'DbSet<Order>() .GroupBy(o => o.Country) .OrderBy(g => g .Count() * 2) .Select(g => new { Key = g.Key, Count = g .Count() })' could not be translated. Either rewrite the query in a form that can be translated, or switch to client evaluation explicitly by inserting a call to 'AsEnumerable', 'AsAsyncEnumerable', 'ToList', or 'ToListAsync'. See h
NativeChainedJoinPagingTests.Paging_between_joins_after_a_first_level_filter_then_a_second_level_filter	Failed	NativeChainedJoinPagingTests.cs:line 84	System.NotSupportedException : A 'Skip', 'Take', or 'Distinct' operator composed between two cross-collection joins (e.g. from 'Include'/'ThenInclude' or an explicit 'Join') is not supported. Move the operator so that it is not interleaved between the joins.
Ef425InterposedCollectionOperatorTests.Interposed_Distinct_declines_cleanly_in_every_mode	Failed	Ef425InterposedCollectionOperatorTests.cs:line 115	Assert.Throws() Failure: Exception type was not an exact match Expected: typeof(System.InvalidOperationException) Actual: typeof(System.ArgumentException) ---- System.ArgumentException : An item with the same key has already been added. Key: o
NativeGateRoutingTests.A_enum_as_string_order_by_is_refused(mode: DriverLinq)	Failed	NativeGateRoutingTests.cs:line 196	Assert.IsType() Failure: Value is null Expected: typeof(System.NotSupportedException) Actual: null
NativeAnonymousKeyJoinTests.Non_simple_anonymous_keys_decline_loudly(shape: "DifferentLambdaConverters")	Passed		
NativeOwnedCollectionFilteredCountTests.Count_result_equals_the_in_memory_oracle_for_every_array_and_element_state(name: 2, predicate: b => (b.Posts.Count(p => (p.Rank > Convert(0, Nullable`1))) >= 2))	Passed		
NativeGroupByOverJoinTests.Paging_before_a_two_level_chain_group_declines_cleanly	Passed		
NativeOwnedCollectionFilteredCountTests.Correlated_element_predicate_now_goes_native_via_two_scope_translator_and_returns_correct_rows	Passed		
NativeOwnedCollectionFilteredCountTests.Filtered_count_relational_element_predicate_in_where_excludes_null_and_missing_elements	Failed	NativeOwnedCollectionFilteredCountTests.cs:line 1362	Assert.Equal() Failure: Collections differ ↓ (pos 0) Expected: ["multi_mixed", "multi_mixed_no_ragged", "single_no_match"] Actual: ["multi_mixed_no_ragged", "single_no_match"] ↑ (pos 0)
NativeGroupByTests.Nested_group_by_bare_terminal_aggregate_counts_the_nested_groups(aggregate: "AnySize3", postGroupWhere: False, expected: 1)	Failed	NativeGroupByTests.cs:line 3862	System.InvalidOperationException : The LINQ expression 'DbSet<Order>() .GroupBy(o => o.Country) .Select(g => new { Land = g.Key, N = g .Count() }) .GroupBy(x => x.N) .Any(g => g .Count() == 3)' could not be translated. Either rewrite the query in a form that can be translated, or switch to client evaluation explicitly by inserting a call to 'AsEnumerable', 'AsAsyncEnumerable', 'ToList', or 'ToList
NativeDateTimeKindReadbackTests.Set_operation_mixing_kinds_inside_a_nested_construction_declines	Passed		
NativeOwnedCollectionFilteredCountTests.Mixed_projection_with_a_regex_filtered_count_goes_native_EF365	Failed	NativeOwnedCollectionFilteredCountTests.cs:line 710	System.InvalidOperationException : The LINQ expression 'o' could not be translated. Either rewrite the query in a form that can be translated, or switch to client evaluation explicitly by inserting a call to 'AsEnumerable', 'AsAsyncEnumerable', 'ToList', or 'ToListAsync'. See https://go.microsoft.com/fwlink/?linkid=2101038 for more information.
NativeSetOpsTests.Bare_scalar_projection_after_union_goes_native	Passed		
NativeGroupByTests.GroupBy_OrderBy_replacing_prior_OrderBy_before_select_uses_only_the_second	Failed	NativeGroupByTests.cs:line 752	System.InvalidOperationException : The LINQ expression 'DbSet<Order>() .GroupBy(o => o.Country) .OrderBy(g => g.Key) .OrderBy(g => g .Count()) .ThenBy(g => g.Key) .Select(g => new { Key = g.Key, Count = g .Count() })' could not be translated. Either rewrite the query in a form that can be translated, or switch to client evaluation explicitly by inserting a call to 'AsEnumerable', 'AsAsyncEnumerabl
NativeGroupByOverJoinTests.Query_syntax_left_join_group_counts_the_unmatched_outer_row	Failed	NativeGroupByOverJoinTests.cs:line 160	System.InvalidOperationException : The LINQ expression 'DbSet<Owner>() .GroupJoin( inner: DbSet<Order>(), outerKeySelector: w => w.Id, innerKeySelector: o => o.OwnerId, resultSelector: (w, grouping) => new { w = w, grouping = grouping }) .SelectMany( collectionSelector: <>h__TransparentIdentifier0 => <>h__TransparentIdentifier0.grouping .DefaultIfEmpty(), resultSelector: (<>h__TransparentIdentifie
NativeDistinctTests.Distinct_then_Skip_goes_native_and_dedups	Passed		
NativeJoinScopeConditionalProjectionTests.Bare_entity_null_check_over_an_inner_join_declines(isNotNull: False)	Passed		
NativeOwnedCollectionPredicateTests.Field_to_field_element_predicate_declines_cleanly	Passed		
NativeArrayProjectionTests.Array_leaf_alongside_an_arithmetic_leaf_whose_alias_collides_with_a_real_field_declines_and_returns_correct_data_in_every_mode	Passed		
NativeDistinctTests.Distinct_then_OrderBy_goes_native_and_dedups	Passed		
NativeSetOpsTests.Ops_after_projected_Distinct_in_second_operand_filter_that_operand(mode: NativeOnly)	Passed		
NativeDateTimeKindReadbackTests.Date_part_over_a_local_kind_property_is_correct_or_loud_in_every_mode(shape: "Anonymous_Select_Hour")	Failed	NativeDateTimeKindReadbackTests.cs:line 699	Assert.Equal() Failure: Collections differ ↓ (pos 0) Expected: ["11", "17", "8"] Actual: ["10", "16", "8"] ↑ (pos 0)
NativeSelectorlessAggregateTests.Max_over_nullable_select_ignores_nulls	Passed		
NativeNullableMemberTests.Value_in_a_sort_key_goes_native	Passed		
Ef373InterleavedPagingTests.Paging_between_two_transparent_identifier_joins_declines_under_NativeOnly(shape: "WrappedBothScopes")	Passed		
NativeCardinalityTests.Single_after_Take_of_two_still_throws_more_than_one	Passed		
NativeOwnedCollectionCountTests.Count_result_equals_the_in_memory_oracle_for_every_array_length_and_state(name: "param-lte1", predicate: b => (b.Posts.Count <= value(NativeOwnedCollectionCountTests+<>c__DisplayClass61_0).t))	Failed	NativeOwnedCollectionCountTests.cs:line 960	MongoDB.Driver.MongoCommandException : Command aggregate failed: Executor error during aggregate command on namespace: EFTest-2026-10-01T13-10-40-15.diff_param-lte1_811a87d5 :: caused by :: The argument to $size must be an array, but was of type: missing.
NativeJoinTests.Inner_side_Where_that_declines_natively_does_not_confirm_the_join(mode: DriverLinq, shape: "Replace")	Passed		
NativeGroupByOverJoinTests.Null_propagating_value_over_an_unmatched_left_join_side_stays_native(shape: "Plain", expected: "<null>:1|North:3|South:1")	Failed	NativeGroupByOverJoinTests.cs:line 1099	System.InvalidOperationException : The LINQ expression 'DbSet<Owner>() .GroupJoin( inner: DbSet<Order>(), outerKeySelector: w => w.Id, innerKeySelector: o => o.OwnerId, resultSelector: (w, gj) => new { w = w, gj = gj }) .SelectMany( collectionSelector: <>h__TransparentIdentifier0 => <>h__TransparentIdentifier0.gj .DefaultIfEmpty(), resultSelector: (<>h__TransparentIdentifier0, o) => new { w = <>h_
NativeDistinctTests.Bare_scalar_Distinct_then_Average_goes_native(mode: NativeOnly)	Passed		
NativeMaterializerNullabilityTests.Union_operand_nullable_string_length_throws_on_null_row	Failed	NativeMaterializerNullabilityTests.cs:line 358	Assert.Throws() Failure: Exception type was not an exact match Expected: typeof(System.InvalidOperationException) Actual: typeof(MongoDB.Driver.MongoCommandException) ---- MongoDB.Driver.MongoCommandException : Command aggregate failed: Executor error during aggregate command on namespace: EFTest-2026-10-01T13-10-40-20.Union_operand_nullable_string_length_throws_on_null_row :: caused by :: $strLen
NativeGroupByTests.GroupBy_single_member_anonymous_key_Key_member_inside_accumulator_goes_native	Failed	NativeGroupByTests.cs:line 1626	System.InvalidOperationException : The LINQ expression 'DbSet<Order>() .GroupBy(o => new { Country = o.Country }) .Select(g => new { Country = g.Key.Country, UsCount = g .Count(o => g.Key.Country == "US") })' could not be translated. Either rewrite the query in a form that can be translated, or switch to client evaluation explicitly by inserting a call to 'AsEnumerable', 'AsAsyncEnumerable', 'ToLi
NativeJoinTests.Outer_paging_before_a_navigation_less_one_to_many_join_pages_the_outer_rows(mode: DriverLinq, leftOuter: True)	Passed		
NativeComputedBareProjectionTests.Bare_constant_leaf_now_goes_native_via_the_project_literal_wrap	Passed		
NativeConditionalAndDateTimeTests.TimeSpan_property_member_Intersect_with_TimeOfDay_declines(mode: DriverLinq)	Passed		
NativeComputedBareProjectionTests.Bare_FILTERED_count_leaf_through_an_owned_reference_HOP_is_declined_and_answers_correctly	Failed	NativeComputedBareProjectionTests.cs:line 995	Assert.Equal() Failure: Collections differ ↓ (pos 0) Expected: [Tuple ("Native direct", "[1,0,0,0,1]"), Tuple ("Native late-decline", "[1,0,0,0,1]"), Tuple ("DriverLinq direct", "[1,0,0,0,1]"), Tuple ("DriverLinq late-decline", "[1,0,0,0,1]"), Tuple ("NativeOnly", "declined")] Actual: [Tuple ("Native direct", "InvalidOperationException: The LINQ expression 'o'"···), Tuple ("Native late-decline", "
NativeJoinTests.Parameter_free_projection_over_a_join_keeps_the_join_rows(shape: "CapturedParameter", expectedCount: 3)	Passed		
NativeOwnedCollectionPredicateTests.Owned_collection_Count_predicate_goes_native	Failed	NativeOwnedCollectionPredicateTests.cs:line 201	MongoDB.Driver.MongoCommandException : Command aggregate failed: Executor error during aggregate command on namespace: EFTest-2026-10-01T13-10-40-13.Owned_collection_Count_predicate_goes_native_78a6a3d0 :: caused by :: The argument to $size must be an array, but was of type: missing.
NativeDateTimeKindReadbackTests.Filters_comparing_a_local_kind_property_are_unchanged	Passed		
NativeJoinTests.Left_join_Where_with_an_Inner_null_check_conjunct_matches_oracle(mode: NativeOnly, shape: "CollectionAnd")	Passed		
NativeJoinTests.Chained_join_with_an_earlier_collection_nav_pages_the_joined_result_under_NativeOnly	Passed		
Ef362OwnedHopArrayProjectionTests.Owned_hop_array_leaf_composed_with_filter_sort_and_paging_goes_native	Failed	Ef362OwnedHopArrayProjectionTests.cs:line 233	System.ArgumentNullException : Value cannot be null. (Parameter 'collection')
NativeAnonymousKeyJoinTests.Inner_join_on_three_member_anonymous_key_matches_oracle_including_null_and_missing_parts(mode: Native)	Failed	NativeAnonymousKeyJoinTests.cs:line 260	MongoDB.Driver.Linq.ExpressionNotSupportedException : Expression not supported: s => new <>f__AnonymousType25`3(Region = Field(s, "Region", value(MongoDB.Bson.Serialization.Serializers.StringSerializer)), Zone = Field(s, "Zone", value(MongoDB.Bson.Serialization.Serializers.Int32Serializer)), Bay = Field(s, "Bay", value(MongoDB.Bson.Serialization.Serializers.NullableSerializer`1[System.Int32]))) be
NativeJoinTests.Left_join_Where_with_an_Inner_null_check_conjunct_matches_oracle(mode: Native, shape: "ReferenceAndReversed")	Passed		
NativeDateTimeKindReadbackTests.Date_part_over_a_utc_kind_property_still_works(shape: "Anonymous_Select_Hour")	Passed		
NativeSetOpsTests.Intersect_then_op_hard_fails_under_native(name: "GroupBy", compose: Func`2 { Method = System.Object <IntersectComposedOps>b__21_0(System.Linq.IQueryable`1[NativeSetOpsTests+Item]), Target = <>c { } })	Passed		
NativeJoinTests.Whole_outer_entity_leaf_projection_goes_native_under_NativeOnly	Passed		
NativeClientMethodProjectionTests.Select_with_client_method_referencing_entity_twice_still_works_under_default_native_mode_via_fallback	Passed		
NativeReferenceIncludeTests.Declined_shapes_throw_under_NativeOnly_and_match_DriverLinq_under_Native(description: "user join with downstream Include")	Failed	NativeReferenceIncludeTests.cs:line 349	Assert.Contains() Failure: Sub-string not found String: "oracle-shim" Not found: "Query is not natively representable"
NativeCardinalityTests.First_after_Take_zero_throws_no_elements	Passed		
NativeGroupByTests.GroupBy_post_group_OrderBy_by_aggregate_matches_driver_linq	Failed	NativeGroupByTests.cs:line 534	System.InvalidOperationException : The LINQ expression 'DbSet<Order>() .GroupBy(o => o.Country) .Select(g => new { Country = g.Key, Total = g .Sum(o => o.Amount) }) .OrderBy(x => x.Total) .ThenBy(x => x.Country)' could not be translated. Either rewrite the query in a form that can be translated, or switch to client evaluation explicitly by inserting a call to 'AsEnumerable', 'AsAsyncEnumerable', '
NativeGroupByTests.Push_list_of_whole_entity_elements_declines(shape: "g.Select(e => e).ToList()")	Failed	NativeGroupByTests.cs:line 3708	Assert.ThrowsAny() Failure: Exception type was not compatible Expected: typeof(System.FormatException) Actual: typeof(System.InvalidOperationException) ---- System.InvalidOperationException : The LINQ expression 'DbSet<Order>() .GroupBy(o => o.Country) .Select(g => new { Key = g.Key, Items = g .Select(e => e) .ToList() })' could not be translated. Either rewrite the query in a form that can be tra
NativeDistinctTests.Distinct_then_Where_then_First_matches_driver_linq	Passed		
NativeGroupByOverJoinTests.Projection_ternary_over_a_nullable_key_of_an_unmatched_side_treats_null_as_not_less	Failed	NativeGroupByOverJoinTests.cs:line 786	System.InvalidOperationException : The LINQ expression 'DbSet<Owner>() .GroupJoin( inner: DbSet<Order>(), outerKeySelector: w => w.Id, innerKeySelector: o => o.OwnerId, resultSelector: (w, gj) => new { w = w, gj = gj }) .SelectMany( collectionSelector: <>h__TransparentIdentifier0 => <>h__TransparentIdentifier0.gj .DefaultIfEmpty(), resultSelector: (<>h__TransparentIdentifier0, o) => new { <>h__Tra
DateTimeOffsetMemberProjectionTests.Concatenating_DateTimeOffset_throws_instead_of_bson_json(shape: "concat_array", mode: DriverLinq)	Failed	DateTimeOffsetMemberProjectionTests.cs:line 379	Assert.Throws() Failure: No exception was thrown Expected: typeof(System.InvalidOperationException)
Ef373InterleavedPagingTests.Paging_between_two_transparent_identifier_joins_declines_under_NativeOnly(shape: "WrappedSkip")	Passed		
NativeComputedBareProjectionTests.Negate_leaf_goes_native_bare_and_wrapped	Passed		
NativeAnonymousKeyJoinTests.Both_sides_with_the_same_converter_stay_native_and_match_oracle(mode: DriverLinq)	Failed	NativeAnonymousKeyJoinTests.cs:line 525	MongoDB.Driver.Linq.ExpressionNotSupportedException : Expression not supported: k => new <>f__AnonymousType41`2(Zone = Field(k, "Zone", value(MongoDB.Bson.Serialization.Serializers.Int32Serializer)), K = Field(k, "K", value(MongoDB.EntityFrameworkCore.Serializers.ValueConverterSerializer`2[MongoDB.EntityFrameworkCore.FunctionalTests.Query.NativeAnonymousKeyJoinTests+Kind,System.String]))) because 
NativeGroupByTests.GroupBy_composite_key_goes_native	Failed	NativeGroupByTests.cs:line 107	System.InvalidOperationException : The LINQ expression 'DbSet<Order>() .GroupBy(o => new { Country = o.Country, Year = o.Year }) .Select(g => new { Country = g.Key.Country, Year = g.Key.Year, Count = g .Count(), Total = g .Sum(o => o.Amount) })' could not be translated. Either rewrite the query in a form that can be translated, or switch to client evaluation explicitly by inserting a call to 'AsEn
NativeGroupByTests.GroupBy_cast_operand_goes_native	Failed	NativeGroupByTests.cs:line 214	System.InvalidOperationException : The LINQ expression 'DbSet<Order>() .GroupBy(o => o.Country) .Select(g => new { Key = g.Key, YearSum = g .Sum(o => (long)o.Year) })' could not be translated. Either rewrite the query in a form that can be translated, or switch to client evaluation explicitly by inserting a call to 'AsEnumerable', 'AsAsyncEnumerable', 'ToList', or 'ToListAsync'. See https://go.mic
NativeDocumentConstructionProjectionTests.Wrapped_ternary_over_constant_constructions_goes_native_with_parity	Passed		
NativeSetOpsTests.Computed_leaf_projection_after_intersect_goes_native_result_set	Failed	NativeSetOpsTests.cs:line 1366	System.InvalidOperationException : The LINQ expression 'DbSet<Item>() .Where(i => i.Value <= 3) .Intersect(DbSet<Item>() .Where(i => i.Value >= 3)) .Select(i => new { Doubled = i.Value * 2 })' could not be translated. Either rewrite the query in a form that can be translated, or switch to client evaluation explicitly by inserting a call to 'AsEnumerable', 'AsAsyncEnumerable', 'ToList', or 'ToListA
NativeCastTests.Cast_truncates_toward_zero_rather_than_flooring_or_rounding	Failed	NativeCastTests.cs:line 1983	Assert.Equal() Failure: Collections differ ↓ (pos 3) Expected: ["a", "b", "c", "d", "e"] Actual: ["a", "b", "c", "e"] ↑ (pos 3)
NativeChainedReferenceNavigationFilterTests.Equality_on_second_hop_matches_only_fully_joined_rows	Passed		
NativeOwnedCollectionFilteredCountTests.Primitive_element_collection_filtered_count_declines	Passed		
NativeSetOpsTests.Constant_projected_operand_as_source1_goes_native_and_reads_each_row_from_the_document	Passed		
NativeOwnedReferenceWholeEntityTests.Present_owned_reference_matches_driver_linq	Passed		
NativeOwnedReferenceWholeEntityTests.Owned_collection_whole_entity_goes_native	Passed		
NativeDistinctTests.Distinct_then_Skip_matches_driver_linq	Passed		
NativeSetOpsTests.Reference_include_after_union_still_falls_back	Passed		
NativeReferenceCollectionCountPredicateTests.Union_after_count_predicate_falls_back_to_correct_data_under_Native	Failed	NativeReferenceCollectionCountPredicateTests.cs:line 134	System.InvalidOperationException : Unsupported cross-DbSet query between 'MongoDB.EntityFrameworkCore.FunctionalTests.Query.NativeReferenceCollectionCountPredicateTests+Owner' and 'MongoDB.EntityFrameworkCore.FunctionalTests.Query.NativeReferenceCollectionCountPredicateTests+Order'. The MongoDB EF Core Provider does not support this cross-collection query. Consider using Join, Include, or restruct
NativeReferenceIncludeTests.Query_filter_on_the_included_target_still_declines	Passed		
NativeAnonymousKeyJoinTests.Anonymous_key_onto_composite_primary_key_components_matches_oracle(mode: DriverLinq)	Failed	NativeAnonymousKeyJoinTests.cs:line 353	MongoDB.Driver.Linq.ExpressionNotSupportedException : Expression not supported: r => new <>f__AnonymousType31`2(Zone = Field(r, "Zone", value(MongoDB.Bson.Serialization.Serializers.Int32Serializer)), Bay = Field(r, "Bay", value(MongoDB.Bson.Serialization.Serializers.NullableSerializer`1[System.Int32]))) because expression cannot be translated to a dotted field name.
NativeOwnedCollectionCorrelatedTests.Correlated_Count_predicate_inside_a_projection_leaf_goes_native	Failed	NativeOwnedCollectionCorrelatedTests.cs:line 327	System.InvalidOperationException : The LINQ expression 'o' could not be translated. Either rewrite the query in a form that can be translated, or switch to client evaluation explicitly by inserting a call to 'AsEnumerable', 'AsAsyncEnumerable', 'ToList', or 'ToListAsync'. See https://go.microsoft.com/fwlink/?linkid=2101038 for more information.
NativeSetOperationProjectionTests.Union_of_non_key_column_and_computed_scalar_goes_native	Passed		
NativeReferenceIncludeTests.Same_target_sibling_reference_Includes_go_native_with_correct_data	Passed		
NativeJoinTests.Whole_outer_entity_leaf_that_is_also_reference_included_goes_native	Passed		
NativeJoinTests.Distinct_after_a_bare_Inner_entity_leaf_matches_oracle(mode: NativeOnly, shape: "Distinct")	Passed		
NativeJoinScopeConditionalProjectionTests.Bare_entity_null_check_over_a_reference_join_goes_native(isNotNull: True)	Passed		
QueryModeGateTests.NativeOnly_parameterized_collection_contains_uses_in	Passed		
NativeClientMethodProjectionTests.Select_with_context_based_client_method_still_works_under_explicit_driver_linq_mode	Passed		
NativeConditionalAndDateTimeTests.Year_over_a_nullable_date_goes_native_for_non_null_rows	Passed		
NativeDistinctTests.Bare_scalar_value_converted_Distinct_then_Count_and_Any_go_native	Passed		
NativeJoinTests.Wrapped_scalar_only_join_projection_goes_native	Passed		
NativeNullableMemberTests.HasValue_and_negated_HasValue_go_native	Passed		
NativeGroupByTests.GroupBy_ef_property_key_goes_native_under_native_only	Failed	NativeGroupByTests.cs:line 430	System.InvalidOperationException : The LINQ expression 'DbSet<Order>() .GroupBy(o => EF.Property<string>(o, "Country")) .Select(g => new { Key = g.Key, Count = g .Count() })' could not be translated. Either rewrite the query in a form that can be translated, or switch to client evaluation explicitly by inserting a call to 'AsEnumerable', 'AsAsyncEnumerable', 'ToList', or 'ToListAsync'. See https:/
NativeJoinTests.Distinct_after_a_bare_Inner_entity_leaf_matches_oracle(mode: NativeOnly, shape: "PagedOuterDistinct")	Failed	NativeJoinTests.cs:line 991	Assert.Equal() Failure: Collections differ Expected: ["Alice"] Actual: ["Alice", "Alice"] ↑ (pos 1)
NativeOwnedCollectionCountTests.Count_result_equals_the_in_memory_oracle_for_every_array_length_and_state(name: "const-eq2", predicate: b => (b.Posts.Count == 2))	Failed	NativeOwnedCollectionCountTests.cs:line 960	MongoDB.Driver.MongoCommandException : Command aggregate failed: Executor error during aggregate command on namespace: EFTest-2026-10-01T13-10-40-15.diff_const-eq2_b0cc2ed3 :: caused by :: The argument to $size must be an array, but was of type: missing.
NativeDocumentConstructionProjectionTests.OrderBy_over_a_client_evaluated_ternary_declines	Passed		
NativeReferenceIncludeTests.Deep_ThenInclude_through_embedded_hop_returns_correct_data_via_fallback	Passed		
NativeDateTimeKindReadbackTests.GroupBy_scalar_key_reads_back_with_the_property_kind	Failed	NativeDateTimeKindReadbackTests.cs:line 207	System.InvalidOperationException : The LINQ expression 'DbSet<Order>() .GroupBy(o => o.LocalDate) .Select(g => new { Key = g.Key, C = g .Count() })' could not be translated. Either rewrite the query in a form that can be translated, or switch to client evaluation explicitly by inserting a call to 'AsEnumerable', 'AsAsyncEnumerable', 'ToList', or 'ToListAsync'. See https://go.microsoft.com/fwlink/?
QueryModeGateTests.Native_where_after_skip_returns_correct_rows	Passed		
NativeCtorOnlyProjectionTests.Whole_entity_into_object_array_goes_native_with_parity	Passed		
NativeGroupByOverJoinTests.Composite_key_with_a_non_nullable_unmatched_left_join_part_declines	Passed		
NativeGroupByTests.GroupBy_results_match_driver_linq	Failed	NativeGroupByTests.cs:line 897	System.InvalidOperationException : The LINQ expression 'DbSet<Order>() .GroupBy(o => o.Country) .Select(g => new { Country = g.Key, Count = g .Count(), Total = g .Sum(o => o.Amount), Max = g .Max(o => o.Amount) })' could not be translated. Either rewrite the query in a form that can be translated, or switch to client evaluation explicitly by inserting a call to 'AsEnumerable', 'AsAsyncEnumerable',
NativeCardinalityTests.Count_on_empty_is_zero	Passed		
NativeDocumentConstructionProjectionTests.Bare_ternary_over_constant_constructions_goes_native_with_parity	Passed		
NativeCtorOnlyProjectionTests.Select_with_owned_nav_entity_ctor_only_dto_still_declines_under_native_only	Passed		
NativeCastTests.Widening_long_to_double_cast_above_2_53_diverges_from_in_memory_linq	Passed		
Ef382ArrayContainsTests.Array_contains_as_a_computed_sort_key_declines_cleanly	Failed	Ef382ArrayContainsTests.cs:line 368	Assert.Contains() Failure: Sub-string not found String: "oracle-shim" Not found: "MongoQueryMode.NativeOnly forbids the dri"···
NativeOwnedCollectionCountTests.Constant_projection_leaf_is_safely_admitted_via_the_project_literal_wrap(leafKind: "constant-5")	Passed		
NativeOwnedCollectionFilteredCountTests.Bare_filtered_count_projection_goes_native_under_NativeOnly	Failed	NativeOwnedCollectionFilteredCountTests.cs:line 978	Assert.Equal() Failure: Collections differ ↓ (pos 0) Expected: [Tuple ("NativeOnly direct", "[0,0,0,0,1,3]"), Tuple ("Native direct", "[0,0,0,0,1,3]"), Tuple ("DriverLinq direct", "[0,0,0,0,1,3]"), Tuple ("Native late-decline", "[0,0,0,0,1,3]"), Tuple ("DriverLinq late-decline", "[0,0,0,0,1,3]")] Actual: [Tuple ("NativeOnly direct", "InvalidOperationException: The LINQ expression 'o'"···), Tuple (
NativeOwnedCollectionAllTests.All_within_All_goes_native	Passed		
DateTimeOffsetMemberProjectionTests.Concatenating_DateTimeOffset_throws_instead_of_bson_json(shape: "where", mode: NativeOnly)	Passed		
NativeOwnedCollectionCountTests.Count_result_equals_the_in_memory_oracle_for_every_array_length_and_state(name: "param-gte2", predicate: b => (b.Posts.Count >= value(NativeOwnedCollectionCountTests+<>c__DisplayClass61_0).t))	Failed	NativeOwnedCollectionCountTests.cs:line 960	MongoDB.Driver.MongoCommandException : Command aggregate failed: Executor error during aggregate command on namespace: EFTest-2026-10-01T13-10-40-15.diff_param-gte2_07e6feea :: caused by :: The argument to $size must be an array, but was of type: missing.
NativeOfTypeTests.OfType_value_converted_or_represented_discriminator_goes_native(useBsonRepresentation: True)	Passed		
NativeGroupByOverJoinTests.Concat_of_a_paged_join_scope_operand_pages_the_filtered_rows	Passed		
NativeSetOpsTests.Except_whole_entity_goes_native	Failed	NativeSetOpsTests.cs:line 165	System.InvalidOperationException : The LINQ expression 'DbSet<Item>() .Where(i => i.Value <= 3) .Except(DbSet<Item>() .Where(i => i.Value >= 3))' could not be translated. Either rewrite the query in a form that can be translated, or switch to client evaluation explicitly by inserting a call to 'AsEnumerable', 'AsAsyncEnumerable', 'ToList', or 'ToListAsync'. See https://go.microsoft.com/fwlink/?lin
NativeOwnedCollectionCountTests.Bare_and_wrapped_count_projections_both_go_native_from_the_same_model	Failed	NativeOwnedCollectionCountTests.cs:line 1140	Assert.Equal() Failure: Collections differ ↓ (pos 0) Expected: [Tuple ("NativeOnly wrapped", "[0,1,2,3,0,0]"), Tuple ("NativeOnly bare", "[0,1,2,3,0,0]"), Tuple ("Native wrapped", "[0,1,2,3,0,0]"), Tuple ("Native bare", "[0,1,2,3,0,0]"), Tuple ("DriverLinq bare", "[0,1,2,3,0,0]"), ···] Actual: [Tuple ("NativeOnly wrapped", "ArgumentException: Expression of type 'System.Coll"···), Tuple ("NativeOnl
NativeClientEvaluatedLeafTests.Captured_anonymous_type_closure_is_evaluated_client_side	Passed		
NativeCastTests.Narrowing_cast_sort_key_now_goes_native	Failed	NativeCastTests.cs:line 247	Assert.Contains() Failure: Sub-string not found String: "info: 01/10/2026 13:11:14.644 MongoEventI"··· Not found: "$set"
NativeJoinScopeNestedProjectionTests.Nested_projection_over_reference_include_matches_oracle(mode: NativeOnly)	Passed		
NativeOwnedCollectionCountTests.Count_result_equals_the_in_memory_oracle_for_every_array_length_and_state(name: "param-ne0", predicate: b => (b.Posts.Count != value(NativeOwnedCollectionCountTests+<>c__DisplayClass61_0).t))	Failed	NativeOwnedCollectionCountTests.cs:line 960	MongoDB.Driver.MongoCommandException : Command aggregate failed: Executor error during aggregate command on namespace: EFTest-2026-10-01T13-10-40-15.diff_param-ne0_632d6005 :: caused by :: The argument to $size must be an array, but was of type: missing.
NativeOfTypeTests.OfType_matches_driver_linq_for_intermediate_type(mode: RealProperty)	Passed		
NativeMaterializerNullabilityTests.Selectorless_aggregate_over_distinct_nullable_string_length_declines(op: "Min")	Passed		
NativeDistinctTests.Bare_scalar_Distinct_then_Max_goes_native(mode: Native)	Passed		
NativeGroupByKeyCaseMappingTests.KeyValuePair_over_a_case_mapped_key(mode: "DriverLinq")	Failed	NativeGroupByKeyCaseMappingTests.cs:line 303	Assert.Contains() Failure: Sub-string not found String: "The LINQ expression 'DbSet<Row>()\n .As"··· Not found: "$toUpper/$toLower"
NativeGroupByKeyCaseMappingTests.Case_mapped_aggregate_result(mode: "NativeOnly")	Failed	NativeGroupByKeyCaseMappingTests.cs:line 307	System.InvalidOperationException : The LINQ expression 'DbSet<Row>() .AsNoTracking() .GroupBy(x => x.N) .Select(g => new { Key = g.Key, M = g .Max(x => x.S).ToUpper() })' could not be translated. Either rewrite the query in a form that can be translated, or switch to client evaluation explicitly by inserting a call to 'AsEnumerable', 'AsAsyncEnumerable', 'ToList', or 'ToListAsync'. See https://go.
NativeSetOpsTests.Concat_then_Union_chain_dedups_the_whole_result	Passed		
NativeGroupByTests.GroupBy_empty_key_Key_null_check_inside_accumulator_goes_native	Failed	NativeGroupByTests.cs:line 1569	System.InvalidOperationException : The LINQ expression 'DbSet<Order>() .GroupBy(o => new { }) .Select(g => new { IsNull = g .Count(o => g.Key == null), NotNull = g .Count(o => null != g.Key), FilteredSum = g .Where(o => g.Key != null) .Sum(o => o.Amount) })' could not be translated. Either rewrite the query in a form that can be translated, or switch to client evaluation explicitly by inserting a 
NativeJoinTests.Distinct_after_a_bare_Inner_entity_leaf_matches_oracle(mode: Native, shape: "DistinctWhere")	Failed	NativeJoinTests.cs:line 991	Assert.Equal() Failure: Collections differ ↓ (pos 0) Expected: ["6abe4de9d82981d4d711da16:20", "6abe4de9d82981d4d711da17:30"] Actual: ["<null>", "<null>"] ↑ (pos 0)
NativeJoinScopeConditionalProjectionTests.Bare_entity_null_check_over_a_reference_join_goes_native(isNotNull: False)	Passed		
NativeBareProjectionTests.Bare_owned_hop_scalar_projection_declines	Passed		
NativeGroupByTests.GroupBy_MemberInit_dto_key_goes_native_and_matches_driver_linq	Failed	NativeGroupByTests.cs:line 1968	System.InvalidOperationException : The LINQ expression 'DbSet<Order>() .GroupBy(o => new GroupKeyDto{ Year = o.Year, Country = o.Country } ) .Select(g => new { Year = g.Key.Year, Country = g.Key.Country, Count = g .Count() })' could not be translated. Either rewrite the query in a form that can be translated, or switch to client evaluation explicitly by inserting a call to 'AsEnumerable', 'AsAsync
NativeDateTimeKindReadbackTests.Date_part_over_a_utc_kind_property_still_works(shape: "OrderBy_Hour")	Passed		
NativeGroupByOverJoinTests.Non_nullable_Length_projection_over_an_unmatched_left_join_side_throws_on_the_unmatched_row	Failed	NativeGroupByOverJoinTests.cs:line 1011	Assert.Throws() Failure: Exception type was not an exact match Expected: typeof(System.InvalidOperationException) Actual: typeof(MongoDB.Driver.MongoCommandException) ---- MongoDB.Driver.MongoCommandException : Command aggregate failed: Executor error during aggregate command on namespace: EFTest-2026-10-01T13-10-40-54.Non_nullable_Length_projection_over_an_unmatched_left_join_side_throws_on_the_u
NativeOwnedCollectionCorrelatedTests.Correlated_Any_with_StartsWith_OrdinalIgnoreCase_parameterized_term_non_ASCII_folding_goes_native	Failed	NativeOwnedCollectionCorrelatedTests.cs:line 90	MongoDB.Driver.Linq.ExpressionNotSupportedException : Expression not supported: OrdinalIgnoreCase in o.Title.StartsWith("éCO", OrdinalIgnoreCase) because OrdinalIgnoreCase is not supported.
NativeDateTimeKindReadbackTests.GroupBy_key_inside_a_nested_construction_reads_back_with_the_property_kind	Failed	NativeDateTimeKindReadbackTests.cs:line 249	System.InvalidOperationException : The LINQ expression 'DbSet<Order>() .GroupBy(o => o.LocalDate) .Select(g => new { C = g .Count(), Inner = new { K = g.Key, M = g .Max(x => x.NLocalDate) } })' could not be translated. Either rewrite the query in a form that can be translated, or switch to client evaluation explicitly by inserting a call to 'AsEnumerable', 'AsAsyncEnumerable', 'ToList', or 'ToList
NativeStringPredicateProjectionTests.Mixed_whole_entity_projection_with_a_predicate_member_is_correct_in_every_mode(mode: "Native")	Passed		
NativeDistinctTests.Wrapped_projection_Distinct_then_Max_goes_native	Passed		
NativeReferenceIncludeTests.Reference_Include_whose_target_owns_an_embedded_type_still_goes_native	Passed		
NativeClientEvaluatedLeafTests.All_client_bare_closure_keeps_one_row_per_document	Passed		
NativeOwnedCollectionAllTests.Quantifier_result_equals_the_in_memory_oracle_for_every_element_and_array_state(name: "nested-all", predicate: b => b.Posts.All(p => p.Comments.All(c => (c.Age > Convert(5, Nullable`1)))))	Failed	NativeOwnedCollectionAllTests.cs:line 568	MongoDB.Driver.MongoCommandException : Command aggregate failed: Executor error during aggregate command on namespace: EFTest-2026-10-01T13-10-40-17.diff_nested-all_92cc7483 :: caused by :: $allElementsTrue's argument must be an array, but is null.
NativeConditionalAndDateTimeTests.TimeSpan_property_member_Intersect_with_TimeOfDay_declines(mode: Native)	Passed		
NativeSetOpsTests.Except_whole_second_operand_yields_empty	Failed	NativeSetOpsTests.cs:line 209	System.InvalidOperationException : The LINQ expression 'DbSet<Item>() .Where(i => i.Value <= 3) .Except(DbSet<Item>() .Where(i => i.Value >= 1))' could not be translated. Either rewrite the query in a form that can be translated, or switch to client evaluation explicitly by inserting a call to 'AsEnumerable', 'AsAsyncEnumerable', 'ToList', or 'ToListAsync'. See https://go.microsoft.com/fwlink/?lin
NativeDocumentConstructionProjectionTests.Document_construction_leaf_emits_expected_nested_project_stage	Passed		
NativeOwnedCollectionCountTests.Count_projection_alongside_sibling_leaves_goes_native	Failed	NativeOwnedCollectionCountTests.cs:line 1062	System.ArgumentException : Expression of type 'System.Collections.Generic.List`1[MongoDB.EntityFrameworkCore.FunctionalTests.Query.NativeOwnedCollectionCountTests+Post]' cannot be used for parameter of type 'System.Linq.IQueryable`1[MongoDB.EntityFrameworkCore.FunctionalTests.Query.NativeOwnedCollectionCountTests+Post]' of method 'Int32 Count[Post](System.Linq.IQueryable`1[MongoDB.EntityFrameworkC
NativeDistinctTests.Bare_scalar_projection_Distinct_then_OrderBy_with_identity_selector_goes_native	Passed		
NativeVectorSearchTests.Mql_Field_for_a_non_score_element_declines	Passed		
NativeOfTypeTests.OfType_composed_with_Distinct_matches_driver_linq	Passed		
NativeGroupByTests.GroupBy_nested_anonymous_key_Key_member_inside_accumulator_declines	Failed	NativeGroupByTests.cs:line 1840	System.InvalidOperationException : The LINQ expression 'DbSet<Order>() .GroupBy(o => new { Inner = new { Country = o.Country } }) .Select(g => new { Country = g.Key.Inner.Country, UsCount = g .Count(o => g.Key.Inner.Country == "US") })' could not be translated. Either rewrite the query in a form that can be translated, or switch to client evaluation explicitly by inserting a call to 'AsEnumerable'
NativeOwnedReferenceWholeEntityTests.Owned_reference_entity_leaf_in_anonymous_type_with_Distinct(mode: Native)	Failed	NativeOwnedReferenceWholeEntityTests.cs:line 891	System.InvalidCastException : Unable to cast object of type 'System.Linq.Expressions.UnaryExpression' to type 'Microsoft.EntityFrameworkCore.Query.ProjectionBindingExpression'.
NativeDateTimeKindReadbackTests.Group_distinct_max_and_min_read_back_with_the_property_kind	Failed	NativeDateTimeKindReadbackTests.cs:line 326	System.InvalidOperationException : The LINQ expression 'DbSet<Order>() .GroupBy(o => o.Country) .Select(g => new { Key = g.Key, M = g .Select(x => x.LocalDate) .Distinct() .Max(), N = g .Select(x => x.NLocalDate) .Distinct() .Min() })' could not be translated. Either rewrite the query in a form that can be translated, or switch to client evaluation explicitly by inserting a call to 'AsEnumerable',
NativeGroupByTests.Post_group_where_over_a_case_mapped_alias_throws(mode: NativeOnly)	Failed	NativeGroupByTests.cs:line 3323	Assert.IsType() Failure: Value is not the exact type Expected: typeof(MongoDB.EntityFrameworkCore.Query.NativeTranslation.NativeTranslationNotSupportedException) Actual: typeof(System.InvalidOperationException)
DateTimeOffsetMemberProjectionTests.Concatenating_DateTimeOffset_throws_instead_of_bson_json(shape: "order_by", mode: Native)	Failed	DateTimeOffsetMemberProjectionTests.cs:line 379	Assert.Throws() Failure: No exception was thrown Expected: typeof(System.InvalidOperationException)
NativeDateTimeKindReadbackTests.Correlated_reducer_leaf_reads_back_with_the_property_kind	Failed	NativeDateTimeKindReadbackTests.cs:line 463	System.InvalidOperationException : The LINQ expression 'DbSet<Order>()' could not be translated. Either rewrite the query in a form that can be translated, or switch to client evaluation explicitly by inserting a call to 'AsEnumerable', 'AsAsyncEnumerable', 'ToList', or 'ToListAsync'. See https://go.microsoft.com/fwlink/?linkid=2101038 for more information.
NativeComputedBareProjectionTests.Bare_count_leaf_under_a_REDUCING_operator_no_longer_aborts_on_a_ragged_array	Failed	NativeComputedBareProjectionTests.cs:line 882	System.ArgumentException : Expression of type 'System.Collections.Generic.List`1[MongoDB.EntityFrameworkCore.FunctionalTests.Query.NativeComputedBareProjectionTests+Post]' cannot be used for parameter of type 'System.Linq.IQueryable`1[MongoDB.EntityFrameworkCore.FunctionalTests.Query.NativeComputedBareProjectionTests+Post]' of method 'Int32 Count[Post](System.Linq.IQueryable`1[MongoDB.EntityFramew
NativeJoinTests.Left_join_Where_with_an_Inner_null_check_conjunct_matches_oracle(mode: DriverLinq, shape: "CollectionAnd")	Passed		
NativeChainedReferenceNavigationFilterTests.Inequality_on_second_hop_includes_rows_with_a_missing_hop	Passed		
NativeDateTimeKindReadbackTests.Date_part_over_a_local_kind_property_is_correct_or_loud_in_every_mode(shape: "GroupKey_Hour")	Passed		
NativeSetOperationProjectionTests.Union_of_string_constructor_operands_with_a_constant_argument_declines	Passed		
NativeOwnedCollectionFilteredCountTests.Filtered_count_element_guard_references_the_element_scoped_field	Failed	NativeOwnedCollectionFilteredCountTests.cs:line 1375	System.InvalidOperationException : The LINQ expression 'o' could not be translated. Either rewrite the query in a form that can be translated, or switch to client evaluation explicitly by inserting a call to 'AsEnumerable', 'AsAsyncEnumerable', 'ToList', or 'ToListAsync'. See https://go.microsoft.com/fwlink/?linkid=2101038 for more information.
NativeContainsTerminalTests.Entity_contains_null_is_false_natively	Passed		
NativeOwnedCollectionCorrelatedTests.Correlated_All_inside_a_scalar_aggregate_predicate_goes_native	Passed		
NativeReferenceCollectionCountPredicateTests.Count_predicate_before_projected_Distinct_declines_cleanly_under_NativeOnly	Passed		
NativeConditionalAndDateTimeTests.TimeOfDay_member_projection_goes_native_and_matches_the_driver	Passed		
NativeOwnedCollectionFilteredCountTests.Quantifier_over_ragged_elements_equals_the_hand_and_in_memory_oracles(name: "any_lt", predicate: b => b.Posts.Any(p => (p.Rank < Convert(0, Nullable`1))), expected: ["all_neg", "neg_missing", "neg_null", "pos_neg"])	Failed	NativeOwnedCollectionFilteredCountTests.cs:line 1442	MongoDB.Driver.MongoCommandException : Command aggregate failed: Executor error during aggregate command on namespace: EFTest-2026-10-01T13-10-40-14.quant_any_lt_e82c7687 :: caused by :: $anyElementTrue's argument must be an array, but is null.
NativeBoolBitwiseTests.Value_converted_bool_and_matches_the_logical_and_form	Passed		
NativeCtorOnlyProjectionTests.Scalar_only_array_construction_is_not_fetched_as_whole_documents	Failed	NativeCtorOnlyProjectionTests.cs:line 402	Assert.Contains() Failure: Sub-string not found String: "Executed MQL query\nEFTest-2026-10-01T13-1"··· Not found: ""_ctorArg0" : "$Name""
NativeReverseLastTests.Last_over_an_empty_ordered_source_throws_the_BCL_empty_sequence_contract	Passed		
NativeBareProjectionTests.Bare_projection_composed_with_a_parameterized_filter_and_paging_returns_correct_values	Passed		
NativeJoinTests.Outer_paging_before_a_navigation_less_one_to_many_join_pages_the_outer_rows(mode: DriverLinq, leftOuter: False)	Passed		
NativeConditionalAndDateTimeTests.DateTimeOffset_date_part_matches_in_memory_LINQ_under_NativeOnly(part: "Minute")	Failed	NativeConditionalAndDateTimeTests.cs:line 130	MongoDB.Driver.Linq.ExpressionNotSupportedException : Expression not supported: r.OccurredOffset.Value.Minute because serializer for System.DateTimeOffset does not represent members as fields..
NativeJoinTests.Outer_paging_before_a_navigation_less_one_to_many_join_pages_the_outer_rows(mode: Native, leftOuter: True)	Passed		
NativeCardinalityTests.Single_returns_match_and_goes_native	Passed		
NativeStringPredicateProjectionTests.Length_projection_goes_native	Passed		
DateTimeOffsetMemberProjectionTests.Select_DateTimeOffset_DateTime_component_with_value_converter_throws	Failed	DateTimeOffsetMemberProjectionTests.cs:line 157	Assert.Throws() Failure: Exception type was not an exact match Expected: typeof(System.NotSupportedException) Actual: typeof(MongoDB.Driver.Linq.ExpressionNotSupportedException) ---- MongoDB.Driver.Linq.ExpressionNotSupportedException : Expression not supported: d.DateTimeOffset.DateTime because serializer for System.DateTimeOffset does not represent members as fields..
NativeReferenceIncludeTests.Named_query_filter_on_the_included_target_declines	Passed		
NativeOwnedCollectionAllTests.Owned_collection_All_matches_driver_linq_on_well_formed_rows	Passed		
NativeOwnedCollectionCountTests.Count_result_equals_the_in_memory_oracle_for_every_array_length_and_state(name: "param-lte2", predicate: b => (b.Posts.Count <= value(NativeOwnedCollectionCountTests+<>c__DisplayClass61_0).t))	Failed	NativeOwnedCollectionCountTests.cs:line 960	MongoDB.Driver.MongoCommandException : Command aggregate failed: Executor error during aggregate command on namespace: EFTest-2026-10-01T13-10-40-15.diff_param-lte2_45a0edc7 :: caused by :: The argument to $size must be an array, but was of type: missing.
NativeOwnedReferenceWholeEntityTests.Renamed_owned_reference_entity_leaf_falls_back_but_still_reads_correct_values	Passed		
NativeCastTests.Out_of_range_narrowing_cast_aborts_the_whole_query	Failed	NativeCastTests.cs:line 2034	Assert.Throws() Failure: No exception was thrown Expected: typeof(MongoDB.Driver.MongoCommandException)
NativeSetOperationProjectionTests.Intersect_and_Except_of_constant_and_column_compare_the_constant_with_each_row	Failed	NativeSetOperationProjectionTests.cs:line 422	System.InvalidOperationException : The LINQ expression 'DbSet<Entity>() .Select(x => 8) .Intersect(DbSet<Entity>() .Select(x => x.N))' could not be translated. Either rewrite the query in a form that can be translated, or switch to client evaluation explicitly by inserting a call to 'AsEnumerable', 'AsAsyncEnumerable', 'ToList', or 'ToListAsync'. See https://go.microsoft.com/fwlink/?linkid=2101038
NativeComputedProjectionTests.Floating_division_projection_goes_native	Passed		
NativeClientEvaluatedLeafTests.Where_after_Distinct_over_an_all_client_projection_declines	Passed		
NativeSetOpsTests.GroupBy_operand_with_having_predicate_before_terminal_select_declines_and_stays_correct	Failed	NativeSetOpsTests.cs:line 1233	System.InvalidOperationException : The LINQ expression 'DbSet<Item>() .Where(i => i.Value <= 3) .GroupBy(i => i.Value <= 2) .Where(g => g .Count() >= 2) .Select(g => new { Key = g.Key, Count = g .Count() }) .Concat(DbSet<Item>() .Where(i => i.Value >= 3) .GroupBy(i => i.Value <= 2) .Select(g => new { Key = g.Key, Count = g .Count() }))' could not be translated. Either rewrite the query in a form t
NativeDateTimeKindReadbackTests.Ternary_over_two_same_kind_properties_reads_back_with_that_kind	Passed		
NativeSetOpsTests.Union_with_collection_include_goes_native_and_joins_both_operands	Passed		
NativeDistinctTests.Cross_collection_set_ops_with_mismatched_stored_forms_decline(otherConfiguration: "lowercase")	Passed		
NativeDistinctTests.Bare_scalar_Distinct_then_Min_goes_native(mode: Native)	Passed		
NativeOwnedReferenceWholeEntityTests.Owned_single_reference_whole_entity_goes_native	Passed		
NativeJoinTests.Bare_Inner_entity_leaf_over_a_join_matches_oracle(mode: Native, shape: "SkipAfter")	Passed		
NativeVectorSearchTests.Limit_zero_throws_identically_in_every_mode(mode: DriverLinq)	Passed		
NativeOwnedCollectionCountTests.Count_comparison_emits_the_array_index_form(op: ">=", expectedMatch: "{ \"Posts.1\" : { \"$exists\" : true } }")	Passed		
NativeSetOpsTests.Paging_between_every_link_of_a_three_link_chain	Passed		
NativeGroupByTests.GroupBy_then_All_with_count_predicate_goes_native	Failed	NativeGroupByTests.cs:line 1213	System.InvalidOperationException : The LINQ expression 'DbSet<Order>() .GroupBy(o => o.Country) .All(g => g .Count() > 1)' could not be translated. Either rewrite the query in a form that can be translated, or switch to client evaluation explicitly by inserting a call to 'AsEnumerable', 'AsAsyncEnumerable', 'ToList', or 'ToListAsync'. See https://go.microsoft.com/fwlink/?linkid=2101038 for more in
NativeSelectorlessAggregateTests.Sum_over_empty_nullable_cast_select_returns_zero	Passed		
NativeConditionalAndDateTimeTests.DateTimeOffset_TimeOfDay_projection_still_declines	Passed		
NativeGroupByTests.GroupBy_anonymous_key_Key_member_inside_Where_and_Sum_matches_oracle(mode: DriverLinq)	Failed	NativeGroupByTests.cs:line 1722	System.InvalidOperationException : The LINQ expression 'DbSet<Order>() .GroupBy(o => new { Country = o.Country, Year = o.Year }) .Select(g => new { Country = g.Key.Country, Year = g.Key.Year, WhereSum = g .Where(o => g.Key.Country == "US" && o.Amount > 100) .Sum(o => o.Amount), SelectorSum = g .Sum(o => g.Key.Year == 2020 ? o.Amount : 0) })' could not be translated. Either rewrite the query in a f
NativeReferenceCollectionCountPredicateTests.Zero_related_rows_reads_as_zero_under_NativeOnly	Failed	NativeReferenceCollectionCountPredicateTests.cs:line 82	System.InvalidOperationException : Unsupported cross-DbSet query between 'MongoDB.EntityFrameworkCore.FunctionalTests.Query.NativeReferenceCollectionCountPredicateTests+Owner' and 'MongoDB.EntityFrameworkCore.FunctionalTests.Query.NativeReferenceCollectionCountPredicateTests+Order'. The MongoDB EF Core Provider does not support this cross-collection query. Consider using Join, Include, or restruct
NativeGroupByTests.GroupBy_empty_key_then_Count_over_empty_collection_goes_native	Failed	NativeGroupByTests.cs:line 1914	System.InvalidOperationException : The LINQ expression 'DbSet<Order>() .GroupBy(o => new { }) .Count()' could not be translated. Either rewrite the query in a form that can be translated, or switch to client evaluation explicitly by inserting a call to 'AsEnumerable', 'AsAsyncEnumerable', 'ToList', or 'ToListAsync'. See https://go.microsoft.com/fwlink/?linkid=2101038 for more information.
NativeChainedReferenceNavigationFilterTests.Null_check_on_second_hop_treats_null_and_dangling_alike	Passed		
NativeArrayProjectionTests.Whole_entity_positional_ctor_argument_is_not_read_as_a_scalar(mode: NativeOnly)	Passed		
NativeGroupByTests.Nested_group_by_with_having_ordering_and_paging_on_the_nested_group	Failed	NativeGroupByTests.cs:line 3902	System.InvalidOperationException : The LINQ expression 'DbSet<Order>() .GroupBy(o => o.Country) .Select(g => new { Land = g.Key, N = g .Count() }) .GroupBy(x => x.N) .Where(g => g .Count() > 1) .Select(g => new { Key = g.Key, M = g .Count() })' could not be translated. Either rewrite the query in a form that can be translated, or switch to client evaluation explicitly by inserting a call to 'AsEnu
NativeGateRoutingTests.B_owned_entity_projection_tracking_query_throws_EFCore_guard	Passed		
NativeStringPredicateProjectionTests.Mixed_whole_entity_projection_with_a_Substring_member_is_correct_in_every_mode(mode: "Native")	Passed		
NativeJoinTests.Outer_paging_before_a_navigation_less_one_to_many_join_pages_the_outer_rows(mode: NativeOnly, leftOuter: False)	Passed		
NativeGroupByTests.Push_list_over_a_date_time_kind_configured_property_matches_entity_materialization(kind: Utc)	Failed	NativeGroupByTests.cs:line 3775	System.InvalidOperationException : The LINQ expression 'DbSet<Order>() .GroupBy(o => o.Country) .Select(g => new { Key = g.Key, Dates = g .Select(e => e.OrderDate) .ToList() })' could not be translated. Either rewrite the query in a form that can be translated, or switch to client evaluation explicitly by inserting a call to 'AsEnumerable', 'AsAsyncEnumerable', 'ToList', or 'ToListAsync'. See http
Ef373InterleavedPagingTests.Paging_between_two_transparent_identifier_joins_matches_oracle(mode: DriverLinq, shape: "WrappedThenTrailingSelect")	Failed	Ef373InterleavedPagingTests.cs:line 261	System.NotSupportedException : A 'Skip', 'Take', or 'Distinct' operator composed between two cross-collection joins (e.g. from 'Include'/'ThenInclude' or an explicit 'Join') is not supported. Move the operator so that it is not interleaved between the joins.
NativeGroupByOverJoinTests.Null_guarded_string_key_over_an_optional_navigation_stays_native	Failed	NativeGroupByOverJoinTests.cs:line 999	System.InvalidOperationException : The LINQ expression 'DbSet<Order>() .GroupBy(o => o.Reviewer.Name.Substring( startIndex: 0, length: 1)) .Select(g => new { Key = g.Key, Count = g .Count() })' could not be translated. Either rewrite the query in a form that can be translated, or switch to client evaluation explicitly by inserting a call to 'AsEnumerable', 'AsAsyncEnumerable', 'ToList', or 'ToList
NativeDistinctTests.One_member_anonymous_value_converted_Distinct_declines_cleanly	Passed		
NativeDistinctTests.Distinct_composite_projection_matches_driver_linq	Passed		
NativeAnonymousKeyJoinTests.Non_simple_anonymous_keys_decline_loudly(shape: "PrimitiveCollectionWithScalar")	Passed		
NativeGroupByTests.Post_group_terminal_aggregate_predicate_after_a_whole_entity_concat_declines	Passed		
NativeGroupByOverJoinTests.Having_and_ordering_over_a_navigation_group	Failed	NativeGroupByOverJoinTests.cs:line 495	System.InvalidOperationException : The LINQ expression 'DbSet<Order>() .GroupBy(o => o.Owner.Name) .Where(g => g .Count() > 0) .OrderByDescending(g => g .Sum(o => o.Total)) .ThenBy(g => g.Key) .Select(g => new { Key = g.Key, Total = g .Sum(o => o.Total) })' could not be translated. Either rewrite the query in a form that can be translated, or switch to client evaluation explicitly by inserting a c
NativeClientMethodProjectionTests.Select_with_client_method_composed_with_union_still_declines_under_native_only	Passed		
NativeOwnedReferenceWholeEntityTests.Owned_single_reference_flat_shape_streams_and_returns_identical_entities_to_driver_linq	Passed		
NativeSetOpsTests.Union_then_GroupBy_OrderBy_Skip_Select_goes_native(mode: NativeOnly)	Failed	NativeSetOpsTests.cs:line 2308	System.InvalidOperationException : The LINQ expression 'DbSet<Item>() .Where(i => i.Value <= 3) .Union(DbSet<Item>() .Where(i => i.Value >= 3)) .GroupBy(i => i.Name) .OrderBy(g => g.Key) .Skip(@p) .Select(g => new { Key = g.Key, Total = g .Count() })' could not be translated. Either rewrite the query in a form that can be translated, or switch to client evaluation explicitly by inserting a call to
NativeConditionalAndDateTimeTests.AddDays_over_a_null_date_throws_like_CSharp	Failed	NativeConditionalAndDateTimeTests.cs:line 610	Assert.Throws() Failure: Exception type was not an exact match Expected: typeof(System.InvalidOperationException) Actual: typeof(System.FormatException) ---- System.FormatException : An error occurred while deserializing the D property of class <>f__AnonymousType99`2[[System.String, System.Private.CoreLib, Version=10.0.0.0, Culture=neutral, PublicKeyToken=7cec85d7bea7798e],[System.DateTime, System
NativeJoinTests.Distinct_after_a_bare_Inner_entity_leaf_matches_oracle(mode: Native, shape: "GroupJoinDefaultIfEmptyDistinct")	Passed		
NativeBoolBitwiseTests.Select_or_of_two_bare_bools	Passed		
NativeReverseLastTests.Last_without_an_explicit_order_goes_native_with_driver_linq_parity	Passed		
NativeJoinTests.Whole_entity_leaf_that_is_also_reference_included_materializes_correctly	Passed		
NativeGroupByOverJoinTests.Null_guarded_string_key_over_an_unmatched_left_join_side_stays_native(shape: "Substring", expected: "<null>:1|N:3|S:1")	Failed	NativeGroupByOverJoinTests.cs:line 984	System.InvalidOperationException : The LINQ expression 'DbSet<Owner>() .GroupJoin( inner: DbSet<Order>(), outerKeySelector: w => w.Id, innerKeySelector: o => o.OwnerId, resultSelector: (w, gj) => new { w = w, gj = gj }) .SelectMany( collectionSelector: <>h__TransparentIdentifier0 => <>h__TransparentIdentifier0.gj .DefaultIfEmpty(), resultSelector: (<>h__TransparentIdentifier0, o) => new { w = <>h_
NativeBoolBitwiseTests.Select_and_with_a_nullable_bool_operand_declines	Passed		
NativeGroupByOverJoinTests.Null_guarded_string_key_over_an_unmatched_left_join_side_stays_native(shape: "Select().ToList()", expected: "Alice:N,N|Bob:S|Cara:N|Dora:<null>")	Failed	NativeGroupByOverJoinTests.cs:line 984	System.InvalidOperationException : The LINQ expression 'DbSet<Owner>() .GroupJoin( inner: DbSet<Order>(), outerKeySelector: w => w.Id, innerKeySelector: o => o.OwnerId, resultSelector: (w, gj) => new { w = w, gj = gj }) .SelectMany( collectionSelector: <>h__TransparentIdentifier0 => <>h__TransparentIdentifier0.gj .DefaultIfEmpty(), resultSelector: (<>h__TransparentIdentifier0, o) => new { w = <>h_
NativeDistinctTests.Distinct_then_First_matches_driver_linq	Passed		
NativeDistinctTests.Wrapped_set_op_over_two_properties_with_equivalent_converters_goes_native	Passed		
NativeComputedSortTests.Computed_sort_then_projection	Failed	NativeComputedSortTests.cs:line 226	Assert.Contains() Failure: Sub-string not found String: "Executed MQL query\nEFTest-2026-10-01T13-1"··· Not found: "$set"
NativeSetOpsTests.Projected_operand_intersect_goes_native_result_set	Failed	NativeSetOpsTests.cs:line 1569	System.InvalidOperationException : The LINQ expression 'DbSet<Item>() .Where(i => i.Value <= 3) .Select(i => new { Name = i.Name }) .Intersect(DbSet<Item>() .Where(i => i.Value >= 3) .Select(i => new { Name = i.Name }))' could not be translated. Either rewrite the query in a form that can be translated, or switch to client evaluation explicitly by inserting a call to 'AsEnumerable', 'AsAsyncEnumer
Ef382ArrayContainsTests.Negated_array_field_contains_constant_goes_native_and_returns_correct_rows	Passed		
NativeOwnedCollectionFilteredCountTests.Filtered_count_relational_element_predicate_equals_the_in_memory_oracle(name: "lt", selector: b => new TitleCount() {Title = b.Title, N = b.Posts.Count(p => (p.Rank < Convert(0, Nullable`1)))}, expectedMultiMixedN: 1)	Failed	NativeOwnedCollectionFilteredCountTests.cs:line 1339	System.InvalidOperationException : The LINQ expression 'o' could not be translated. Either rewrite the query in a form that can be translated, or switch to client evaluation explicitly by inserting a call to 'AsEnumerable', 'AsAsyncEnumerable', 'ToList', or 'ToListAsync'. See https://go.microsoft.com/fwlink/?linkid=2101038 for more information.
NativeArrayProjectionTests.Owned_array_leaf_projection_emits_the_owner_key	Failed	NativeArrayProjectionTests.cs:line 348	Assert.Contains() Failure: Sub-string not found String: "Executed MQL query\nEFTest-2026-10-01T13-1"··· Not found: "_id"
NativeJoinTests.Bare_Inner_entity_leaf_over_a_join_matches_oracle(mode: Native, shape: "BareSelect")	Passed		
NativeSetOpsTests.Concat_matches_baseline	Passed		
NativeSetOperationProjectionTests.Union_of_constant_and_column_reads_the_first_operand_from_the_document	Passed		
NativeGroupByOverJoinTests.Accumulator_condition_over_an_inner_join_side_stays_native	Failed	NativeGroupByOverJoinTests.cs:line 393	System.InvalidOperationException : The LINQ expression 'DbSet<Order>() .Join( inner: DbSet<Owner>(), outerKeySelector: o => o.OwnerId, innerKeySelector: w => w.Id, resultSelector: (o, w) => new { o = o, w = w }) .GroupBy( keySelector: <>h__TransparentIdentifier0 => <>h__TransparentIdentifier0.o.Region, elementSelector: <>h__TransparentIdentifier0 => <>h__TransparentIdentifier0.w) .Select(g => new 
NativeMaterializerNullabilityTests.Nullable_string_scalar_behind_non_nullable_type_reads_exact_values_natively(shape: "Length", expected: [1, 2])	Passed		
NativeSetOpsTests.Union_matches_baseline	Passed		
NativeGroupByTests.GroupBy_then_All_with_count_predicate_matching_every_group_goes_native	Failed	NativeGroupByTests.cs:line 1222	System.InvalidOperationException : The LINQ expression 'DbSet<Order>() .GroupBy(o => o.Country) .All(g => g .Count() >= 1)' could not be translated. Either rewrite the query in a form that can be translated, or switch to client evaluation explicitly by inserting a call to 'AsEnumerable', 'AsAsyncEnumerable', 'ToList', or 'ToListAsync'. See https://go.microsoft.com/fwlink/?linkid=2101038 for more i
Ef362OwnedHopArrayProjectionTests.Owned_hop_array_leaf_emits_the_dotted_document_path_alias	Failed	Ef362OwnedHopArrayProjectionTests.cs:line 153	Assert.Contains() Failure: Sub-string not found String: "Executed MQL query\nEFTest-2026-10-01T13-1"··· Not found: ""Home.Notes" : "$Home.Notes""
NativeSetOpsTests.Select_after_intersect_goes_native_result_set	Failed	NativeSetOpsTests.cs:line 1321	System.InvalidOperationException : The LINQ expression 'DbSet<Item>() .Where(i => i.Value <= 3) .Intersect(DbSet<Item>() .Where(i => i.Value >= 3)) .Select(i => new { Name = i.Name })' could not be translated. Either rewrite the query in a form that can be translated, or switch to client evaluation explicitly by inserting a call to 'AsEnumerable', 'AsAsyncEnumerable', 'ToList', or 'ToListAsync'. S
NativeGroupByTests.Terminal_count_after_a_having_less_than_over_a_nullable_accumulator_excludes_the_all_null_group	Failed	NativeGroupByTests.cs:line 3024	System.InvalidOperationException : The LINQ expression 'DbSet<RankedOwner>() .GroupBy(o => o.Name) .Where(g => g .Max(x => x.Rank) < (int?)100) .Count()' could not be translated. Either rewrite the query in a form that can be translated, or switch to client evaluation explicitly by inserting a call to 'AsEnumerable', 'AsAsyncEnumerable', 'ToList', or 'ToListAsync'. See https://go.microsoft.com/fwl
NativeDistinctTests.Distinct_then_Where_then_GroupBy_goes_native	Failed	NativeDistinctTests.cs:line 1633	System.InvalidOperationException : The LINQ expression 'DbSet<Order>() .Select(o => new { Country = o.Country, Year = o.Year }) .Distinct() .Where(r => r.Country != "FR") .GroupBy(x => x.Country) .Select(g => new { Key = g.Key, Count = g .Count() })' could not be translated. Either rewrite the query in a form that can be translated, or switch to client evaluation explicitly by inserting a call to 
NativeCardinalityTests.FirstOrDefault_on_empty_returns_null	Passed		
NativeAnonymousKeyJoinTests.GroupJoin_with_Sum_over_the_grouping_still_fails_in_every_mode_regardless_of_key(mode: NativeOnly)	Passed		
NativeJoinScopeConditionalProjectionTests.Bare_nav_null_check_ternary_over_a_two_level_chain_matches_oracle(mode: Native)	Failed	NativeJoinScopeConditionalProjectionTests.cs:line 192	Assert.Equal() Failure: Collections differ ↓ (pos 1) Expected: ["Western Europe", "<none>"] Actual: ["Western Europe", null] ↑ (pos 1)
NativeVectorSearchTests.Whole_entity_vector_search_streams_and_skips_the_score_field(mode: Native)	Passed		
NativeAnonymousKeyJoinTests.Non_simple_anonymous_keys_decline_loudly(shape: "ConstantMember")	Passed		
NativeJoinScopeNestedProjectionTests.Entity_and_reference_navigation_into_object_array_materializes_tracked_instances	Passed		
NativeOwnedCollectionCountTests.Count_result_equals_the_in_memory_oracle_for_every_array_length_and_state(name: "param-lt0", predicate: b => (b.Posts.Count < value(NativeOwnedCollectionCountTests+<>c__DisplayClass61_0).t))	Failed	NativeOwnedCollectionCountTests.cs:line 960	MongoDB.Driver.MongoCommandException : Command aggregate failed: Executor error during aggregate command on namespace: EFTest-2026-10-01T13-10-40-15.diff_param-lt0_c7fbdf98 :: caused by :: The argument to $size must be an array, but was of type: missing.
NativeArrayProjectionTests.Case_mapped_container_element_over_a_null_string_reads_null(mode: Native)	Failed	NativeArrayProjectionTests.cs:line 1780	Assert.Equal() Failure: Collections differ ↓ (pos 1) Expected: ["String:ABC,String:a", "<null>,String:b", "<null>,String:c"] Actual: ["String:ABC,String:a", "String:,String:b", "String:,String:c"] ↑ (pos 1)
DateTimeOffsetMemberProjectionTests.Concatenating_DateTimeOffset_throws_instead_of_bson_json(shape: "prefix", mode: Native)	Failed	DateTimeOffsetMemberProjectionTests.cs:line 379	Assert.Throws() Failure: No exception was thrown Expected: typeof(System.InvalidOperationException)
NativeJoinTests.Distinct_after_an_Include_over_a_join_declines_loudly(mode: DriverLinq)	Failed	NativeJoinTests.cs:line 1022	Assert.Throws() Failure: Exception type was not an exact match Expected: typeof(System.InvalidOperationException) Actual: typeof(System.NotSupportedException) ---- System.NotSupportedException : A 'Skip', 'Take', or 'Distinct' operator composed between two cross-collection joins (e.g. from 'Include'/'ThenInclude' or an explicit 'Join') is not supported. Move the operator so that it is not interlea
NativeComputedBareProjectionTests.Bare_filtered_count_leaf_goes_native_for_every_array_state	Failed	NativeComputedBareProjectionTests.cs:line 718	System.InvalidOperationException : The LINQ expression 'o' could not be translated. Either rewrite the query in a form that can be translated, or switch to client evaluation explicitly by inserting a call to 'AsEnumerable', 'AsAsyncEnumerable', 'ToList', or 'ToListAsync'. See https://go.microsoft.com/fwlink/?linkid=2101038 for more information.
NativeGroupByTests.Post_group_where_before_a_nested_group_by_filters_the_first_grouping	Failed	NativeGroupByTests.cs:line 3350	System.InvalidOperationException : The LINQ expression 'DbSet<Order>() .GroupBy(o => o.Country) .Select(g => new { Land = g.Key, N = g .Count() }) .Where(x => x.Land != "FR") .GroupBy(x => x.N) .Select(g => new { Key = g.Key, M = g .Count() })' could not be translated. Either rewrite the query in a form that can be translated, or switch to client evaluation explicitly by inserting a call to 'AsEnu
NativeOwnedCollectionCorrelatedTests.Correlated_Any_over_a_bare_value_converted_outer_bool_declines_instead_of_answering_wrong	Passed		
NativeSetOpsTests.Outer_GroupBy_over_grouped_source1_set_op_matches_in_memory(name: "Distinct operand, Where between Distinct and Union", query: Func`3 { Method = System.Collections.Generic.IEnumerable`1[System.ValueTuple`2[System.Int32,System.Int32]] <OuterGroupByOverGroupedSource1Shapes>b__136_1(System.Linq.IQueryable`1[NativeSetOpsTests+Item], System.Linq.IQueryable`1[NativeSetOpsTests+Item]), Target = <>c { } })	Failed	NativeSetOpsTests.cs:line 2461	System.InvalidOperationException : The LINQ expression 'DbSet<Item>() .Select(i => new { Value = i.Value }) .Distinct() .Where(x => x.Value > 1) .Concat(DbSet<Item>() .Where(i => i.Value >= 4) .Select(i => new { Value = i.Value })) .GroupBy(x => x.Value) .Select(g => new { Key = g.Key, Total = g .Count() })' could not be translated. Either rewrite the query in a form that can be translated, or swi
NativeJoinTests.Bare_Inner_entity_leaf_over_a_join_matches_oracle(mode: NativeOnly, shape: "DistinctAfter")	Passed		
NativeOwnedCollectionCountTests.Count_result_equals_the_in_memory_oracle_for_every_array_length_and_state(name: "const-lte1", predicate: b => (b.Posts.Count <= 1))	Failed	NativeOwnedCollectionCountTests.cs:line 960	MongoDB.Driver.MongoCommandException : Command aggregate failed: Executor error during aggregate command on namespace: EFTest-2026-10-01T13-10-40-15.diff_const-lte1_5da91ecc :: caused by :: The argument to $size must be an array, but was of type: missing.
NativeOwnedCollectionAllTests.Quantifier_result_equals_the_in_memory_oracle_for_every_element_and_array_state(name: "gte", predicate: b => b.Posts.All(p => (p.Rank >= Convert(5, Nullable`1))))	Failed	NativeOwnedCollectionAllTests.cs:line 568	MongoDB.Driver.MongoCommandException : Command aggregate failed: Executor error during aggregate command on namespace: EFTest-2026-10-01T13-10-40-17.diff_gte_291a528d :: caused by :: $allElementsTrue's argument must be an array, but is null.
NativeDateTimeKindReadbackTests.Date_part_over_a_utc_kind_property_still_works(shape: "Nullable_Hour")	Passed		
NativeGateRoutingTests.B_owned_subproperty_order_by_parity	Passed		
NativeReverseLastTests.Reverse_over_explicit_order_goes_native_and_reverses_the_rows	Failed	NativeReverseLastTests.cs:line 72	MongoDB.Driver.Linq.ExpressionNotSupportedException : Expression not supported: EFTest-2026-10-01T13-10-40-8.Reverse_over_explicit_order_goes_native_and_reverses_the_rows_15a14ebf.Aggregate([]).As(value(MongoDB.EntityFrameworkCore.Serializers.EntitySerializer`1[MongoDB.EntityFrameworkCore.FunctionalTests.Query.NativeReverseLastTests+ValueEntity])).OrderBy(v => v.Value).Reverse().
NativeDateTimeKindReadbackTests.Bare_group_max_reads_back_with_the_property_kind	Failed	NativeDateTimeKindReadbackTests.cs:line 320	System.InvalidOperationException : The LINQ expression 'DbSet<Order>() .GroupBy(o => o.Country) .Select(g => g .Max(x => x.LocalDate))' could not be translated. Either rewrite the query in a form that can be translated, or switch to client evaluation explicitly by inserting a call to 'AsEnumerable', 'AsAsyncEnumerable', 'ToList', or 'ToListAsync'. See https://go.microsoft.com/fwlink/?linkid=210103
NativeComputedSortTests.Computed_sort_key_using_client_collection_Contains_goes_native	Passed		
NativeOwnedCollectionFilteredCountTests.Filtered_count_nested_inside_a_quantifier_declines_and_the_unfiltered_form_still_goes_native	Passed		
NativeJoinTests.Join_on_non_key_properties_between_navigation_related_types_joins_on_the_written_keys(mode: Native, leftOuter: True)	Passed		
NativeDateTimeKindReadbackTests.Date_part_over_a_utc_kind_property_still_works(shape: "Navigation_Hour")	Passed		
NativeDistinctTests.Bare_scalar_value_converted_Distinct_then_selectorless_aggregate_is_refused	Failed	NativeDistinctTests.cs:line 479	Assert.NotNull() Failure: Value is null
Ef362OwnedHopArrayProjectionTests.Owned_hop_array_leaf_behind_a_parameterized_where_reads_correct_values(shadowKey: True)	Passed		
NativeCastTests.Widening_cast_comparison_over_a_value_transforming_converter_returns_the_right_rows	Failed		System.NotSupportedException : Serializer class ValueConverterSerializer`2 does not implement IHasRepresentationSerializer.
NativeArrayProjectionTests.Primary_key_sibling_now_goes_native_and_returns_correct_data_in_every_mode	Passed		
NativeCastTests.Wrapped_cast_projection_leaf_behind_a_parameterized_predicate_returns_correct_values	Passed		
NativeDateTimeKindReadbackTests.Bare_TimeOfDay_projection_over_a_local_kind_property_declines	Failed	NativeDateTimeKindReadbackTests.cs:line 191	Assert.Throws() Failure: No exception was thrown Expected: typeof(System.InvalidOperationException)
NativeSetOpsTests.Different_collection_projected_operand_except_goes_native_result_set	Failed	NativeSetOpsTests.cs:line 460	System.InvalidOperationException : The LINQ expression 'DbSet<Left>() .Select(l => new { Label = l.Name }) .Except(DbSet<Right>() .Select(r => new { Label = r.Title }))' could not be translated. Either rewrite the query in a form that can be translated, or switch to client evaluation explicitly by inserting a call to 'AsEnumerable', 'AsAsyncEnumerable', 'ToList', or 'ToListAsync'. See https://go.m
NativeGroupByTests.Nested_GroupBy_after_first_level_paging_declines_instead_of_dropping_the_paging	Failed	NativeGroupByTests.cs:line 2121	System.InvalidOperationException : The LINQ expression 'DbSet<Order>() .GroupBy(o => o.Country) .OrderBy(g => g.Key) .Skip(@p) .Select(g => new { Key = g.Key, C = g .Count() }) .GroupBy(x => x.C) .Select(g => new { Key = g.Key, Count = g .Count() })' could not be translated. Either rewrite the query in a form that can be translated, or switch to client evaluation explicitly by inserting a call to 
NativeJoinTests.Join_on_non_key_properties_between_navigation_related_types_joins_on_the_written_keys(mode: DriverLinq, leftOuter: False)	Passed		
NativeChainedReferenceNavigationFilterTests.Self_referencing_second_hop_null_check	Passed		
NativeGateRoutingTests.B_owned_entity_projection_no_tracking_goes_native_under_NativeOnly	Passed		
NativeOwnedCollectionCountTests.Bare_embedded_collection_Count_projection_returns_zero_for_a_missing_or_null_array	Failed	NativeOwnedCollectionCountTests.cs:line 693	Assert.Equal() Failure: Collections differ ↓ (pos 0) Expected: [Tuple ("Native", "[0,0,0,1,2,3]"), Tuple ("DriverLinq", "[0,0,0,1,2,3]"), Tuple ("NativeOnly", "[0,0,0,1,2,3]")] Actual: [Tuple ("Native", "ArgumentException: Expression of type 'System.Coll"···), Tuple ("DriverLinq", "ArgumentException: Expression of type 'System.Coll"···), Tuple ("NativeOnly", "ArgumentException: Expression of type 
NativeLocalCollectionContainsTests.Tuple_contains_is_positional_not_set_membership	Passed		
NativeAnonymousKeyJoinTests.String_key_stored_as_ObjectId_on_both_sides_stays_native_and_matches_oracle(mode: NativeOnly, explicitInstances: False)	Failed	NativeAnonymousKeyJoinTests.cs:line 585	MongoDB.Driver.Linq.ExpressionNotSupportedException : Expression not supported: o => new <>f__AnonymousType47`2(Zone = Field(o, "Zone", value(MongoDB.Bson.Serialization.Serializers.Int32Serializer)), Ref = Field(o, "Ref", value(MongoDB.EntityFrameworkCore.Serializers.ValueConverterSerializer`2[System.String,MongoDB.Bson.ObjectId]))) because expression cannot be translated to a dotted field name.
NativeSetOpsTests.GroupBy_after_Union_of_projected_Distinct_operand_returns_correct_groups(mode: DriverLinq)	Failed	NativeSetOpsTests.cs:line 2361	System.InvalidOperationException : The LINQ expression 'DbSet<Item>() .Where(i => i.Value <= 3) .Select(i => new { Name = i.Name }) .Distinct() .Union(DbSet<Item>() .Where(i => i.Value >= 3) .Select(i => new { Name = i.Name })) .GroupBy(x => x.Name) .Select(g => new { Key = g.Key, Total = g .Count() })' could not be translated. Either rewrite the query in a form that can be translated, or switch t
NativeGroupByOverJoinTests.Null_propagating_value_over_an_unmatched_left_join_side_stays_native(shape: "Replace", expected: "<null>:1|N0rth:3|S0uth:1")	Failed	NativeGroupByOverJoinTests.cs:line 1099	System.InvalidOperationException : The LINQ expression 'DbSet<Owner>() .GroupJoin( inner: DbSet<Order>(), outerKeySelector: w => w.Id, innerKeySelector: o => o.OwnerId, resultSelector: (w, gj) => new { w = w, gj = gj }) .SelectMany( collectionSelector: <>h__TransparentIdentifier0 => <>h__TransparentIdentifier0.gj .DefaultIfEmpty(), resultSelector: (<>h__TransparentIdentifier0, o) => new { w = <>h_
NativeJoinInnerDeclineTests.Join_whose_inner_subquery_is_grouped_and_joined_declines_under_native	Passed		
NativeJoinTests.Collection_Include_on_the_inner_side_of_a_join_reads_the_inner_entitys_own_collection(shape: "GroupJoinDefaultIfEmpty")	Failed	NativeJoinTests.cs:line 1907	System.InvalidOperationException : Document element is missing for required non-nullable property 'Id'.
NativeJoinTests.LeftJoin_unmatched_row_reads_a_dotted_scalar_leaf_through_the_whole_document_path	Passed		
NativeStringPredicateProjectionTests.Substring_projection_goes_native	Passed		
NativeReferenceCollectionCountPredicateTests.Include_ordered_Skip_Take_on_same_nav_as_count_predicate_returns_correct_data(mode: DriverLinq)	Failed	NativeReferenceCollectionCountPredicateTests.cs:line 380	System.InvalidOperationException : Unsupported cross-DbSet query between 'MongoDB.EntityFrameworkCore.FunctionalTests.Query.NativeReferenceCollectionCountPredicateTests+Owner' and 'MongoDB.EntityFrameworkCore.FunctionalTests.Query.NativeReferenceCollectionCountPredicateTests+Order'. The MongoDB EF Core Provider does not support this cross-collection query. Consider using Join, Include, or restruct
NativeOwnedCollectionAllTests.Quantifier_result_equals_the_in_memory_oracle_for_every_element_and_array_state(name: "ne", predicate: b => b.Posts.All(p => (p.Rank != Convert(9, Nullable`1))))	Failed	NativeOwnedCollectionAllTests.cs:line 568	MongoDB.Driver.MongoCommandException : Command aggregate failed: Executor error during aggregate command on namespace: EFTest-2026-10-01T13-10-40-17.diff_ne_f894da86 :: caused by :: $allElementsTrue's argument must be an array, but is null.
NativeJoinTests.Paging_after_a_dangling_required_reference_dereference_pages_the_joined_result_under_NativeOnly	Failed	NativeJoinTests.cs:line 414	Assert.Equal() Failure: Collections differ ↓ (pos 0) Expected: <generated> ["Alice"] Actual: ListSelectIterator<<>f__AnonymousType242<string>, string> []
NativeGroupByTests.GroupBy_computed_operand_goes_native	Failed	NativeGroupByTests.cs:line 159	System.InvalidOperationException : The LINQ expression 'DbSet<Order>() .GroupBy(o => o.Country) .Select(g => new { Key = g.Key, T = g .Sum(o => o.Amount * 2) })' could not be translated. Either rewrite the query in a form that can be translated, or switch to client evaluation explicitly by inserting a call to 'AsEnumerable', 'AsAsyncEnumerable', 'ToList', or 'ToListAsync'. See https://go.microsoft
NativeGroupByTests.GroupBy_ternary_projection_over_key_matches_driver_linq	Failed	NativeGroupByTests.cs:line 2255	System.InvalidOperationException : The LINQ expression 'DbSet<Order>() .GroupBy(o => o.Country) .Select(g => new { Label = g.Key == "US" ? "domestic" : "international", Total = g .Sum(o => o.Amount) })' could not be translated. Either rewrite the query in a form that can be translated, or switch to client evaluation explicitly by inserting a call to 'AsEnumerable', 'AsAsyncEnumerable', 'ToList', o
NativeConditionalAndDateTimeTests.TimeSpan_property_member_Union_with_TimeOfDay_declines	Passed		
NativeDistinctTests.Whole_entity_Distinct_then_Select_goes_native	Passed		
NativeConditionalAndDateTimeTests.Plain_DateTime_Date_matches_in_memory_LINQ_under_NativeOnly	Passed		
NativeDateTimeKindReadbackTests.Date_part_over_a_local_kind_property_is_correct_or_loud_in_every_mode(shape: "Select_Hour")	Failed	NativeDateTimeKindReadbackTests.cs:line 699	Assert.Equal() Failure: Collections differ ↓ (pos 0) Expected: ["11", "17", "8"] Actual: ["10", "16", "8"] ↑ (pos 0)
NativeGroupByTests.GroupBy_Select_with_distinct_aggregate_matches_driver_linq	Failed	NativeGroupByTests.cs:line 1395	System.InvalidOperationException : The LINQ expression 'DbSet<Order>() .GroupBy(o => o.Country) .Select(g => new { Key = g.Key, Count = g .Select(o => o.Year) .Distinct() .Count(), LongCount = g .Select(o => o.Year) .Distinct() .LongCount(), Average = g .Select(o => o.Year) .Distinct() .Average(), Max = g .Select(o => o.Year) .Distinct() .Max() })' could not be translated. Either rewrite the query
NativeGroupByTests.GroupBy_dollar_prefixed_string_parameter_key_groups_by_literal_value_not_field	Failed	NativeGroupByTests.cs:line 1945	System.InvalidOperationException : The LINQ expression 'DbSet<Order>() .GroupBy(o => @groupKeyLiteral) .Select(g => new { Key = g.Key, Count = g .Count() })' could not be translated. Either rewrite the query in a form that can be translated, or switch to client evaluation explicitly by inserting a call to 'AsEnumerable', 'AsAsyncEnumerable', 'ToList', or 'ToListAsync'. See https://go.microsoft.com
NativeOwnedReferenceWholeEntityTests.Tracked_owned_reference_query_tracks_entities_and_round_trips_mutation	Passed		
NativeSetOpsTests.Concat_chain_goes_native	Passed		
NativeCardinalityTests.All_with_a_relational_predicate_goes_native	Passed		
Ef425InterposedCollectionOperatorTests.Interposed_Take_declines_cleanly_in_every_mode	Failed	Ef425InterposedCollectionOperatorTests.cs:line 115	Assert.Throws() Failure: Exception type was not an exact match Expected: typeof(System.InvalidOperationException) Actual: typeof(System.ArgumentException) ---- System.ArgumentException : Expression of type 'System.Collections.Generic.List`1[MongoDB.EntityFrameworkCore.FunctionalTests.Query.Ef425InterposedCollectionOperatorTests+Post]' cannot be used for parameter of type 'System.Linq.IQueryable`1[
NativeComputedSortTests.Computed_sort_tracking_round_trip	Passed		
NativeSetOperationProjectionTests.Union_of_grouped_constant_key_and_anonymous_column_operand_goes_native	Failed	NativeSetOperationProjectionTests.cs:line 531	System.InvalidOperationException : The LINQ expression 'DbSet<Entity>() .GroupBy(x => 8) .Select(g => new { A = g.Key, C = g .Count() }) .Union(DbSet<Entity>() .Select(x => new { A = x.Id, C = x.N }))' could not be translated. Either rewrite the query in a form that can be translated, or switch to client evaluation explicitly by inserting a call to 'AsEnumerable', 'AsAsyncEnumerable', 'ToList', or
NativeGroupByKeyCaseMappingTests.Case_mapped_aggregate_result(mode: "DriverLinq")	Failed	NativeGroupByKeyCaseMappingTests.cs:line 303	Assert.Contains() Failure: Sub-string not found String: "The LINQ expression 'DbSet<Row>()\n .As"··· Not found: "$toUpper/$toLower"
NativeOwnedCollectionFilteredCountTests.Filtered_count_relational_operator_matches_in_memory_linq_on_ragged_data	Failed	NativeOwnedCollectionFilteredCountTests.cs:line 1260	System.InvalidOperationException : The LINQ expression 'o' could not be translated. Either rewrite the query in a form that can be translated, or switch to client evaluation explicitly by inserting a call to 'AsEnumerable', 'AsAsyncEnumerable', 'ToList', or 'ToListAsync'. See https://go.microsoft.com/fwlink/?linkid=2101038 for more information.
NativeReferenceCollectionCountPredicateTests.Include_ordered_Take_on_same_nav_as_count_predicate_returns_correct_data(mode: Native)	Failed	NativeReferenceCollectionCountPredicateTests.cs:line 336	System.InvalidOperationException : Unsupported cross-DbSet query between 'MongoDB.EntityFrameworkCore.FunctionalTests.Query.NativeReferenceCollectionCountPredicateTests+Owner' and 'MongoDB.EntityFrameworkCore.FunctionalTests.Query.NativeReferenceCollectionCountPredicateTests+Order'. The MongoDB EF Core Provider does not support this cross-collection query. Consider using Join, Include, or restruct
NativeOwnedCollectionPredicateTests.All_over_owned_collection_goes_native	Failed	NativeOwnedCollectionPredicateTests.cs:line 201	MongoDB.Driver.MongoCommandException : Command aggregate failed: Executor error during aggregate command on namespace: EFTest-2026-10-01T13-10-40-13.All_over_owned_collection_goes_native_3b25ad67 :: caused by :: $allElementsTrue's argument must be an array, but is null.
NativeDateTimeKindReadbackTests.Unconfigured_property_read_back_stays_native	Failed	NativeDateTimeKindReadbackTests.cs:line 629	System.InvalidOperationException : The LINQ expression 'DbSet<Order>() .GroupBy(o => o.PlainDate) .Select(g => new { Key = g.Key, C = g .Count() })' could not be translated. Either rewrite the query in a form that can be translated, or switch to client evaluation explicitly by inserting a call to 'AsEnumerable', 'AsAsyncEnumerable', 'ToList', or 'ToListAsync'. See https://go.microsoft.com/fwlink/?
